"[22/12/25, 18:16:42] S.A.R.C. 2025-27 + Alumni Manager: ‎Messages and calls are end-to-end encrypted. Only people in this chat can read, listen to, or share them."
"[22/12/25, 18:15:26] Mansi Mishra Gim Sarc: ‎Mansi Mishra Gim Sarc created this group"
"[22/12/25, 18:16:41] S.A.R.C. 2025-27 + Alumni Manager: ‎Mansi Mishra Gim Sarc added you"
"[22/12/25, 18:16:55] GIM Alumni Office: ‎Mansi Mishra Gim Sarc added GIM Alumni Office"
"[22/12/25, 18:17:49] S.A.R.C. 2025-27 + Alumni Manager: ‎You're now an admin"
"[28/12/25, 00:00:18] Tilak Periwal Gim Sarc: ‎Your security code with Tilak changed."
"[08/01/26, 22:52:37] GIM Alumni Office: Hey guys,"
""
"Hope you all are good and back to campus. Let's get things rolling."
"‎[08/01/26, 22:52:53] GIM Alumni Office: ‎image omitted"
"[08/01/26, 22:53:21] GIM Alumni Office: Message from Hemanth, our Batch rep, please connect with him and inform once done"
"[09/01/26, 10:39:39] Mansi Mishra Gim Sarc: Surely, Sir."
"[09/01/26, 10:39:59] Mansi Mishra Gim Sarc: Okay, Sir."
""
"We will do the needful."
"[10/01/26, 17:38:29] GIM Alumni Office: Guys, do share your plan of communication to 2015 batch for the batch reunion."
""
"When and what you are planning to share"
"[10/01/26, 17:38:42] GIM Alumni Office: Who is the POC for 10 year reunion"
"[10/01/26, 17:38:43] GIM Alumni Office: ?"
"[10/01/26, 22:34:20] Sakshi Patil Gim Sarc: Hello @⁨GIM Alumni Office⁩,"
""
"We are currently working on the plan and will share it soon."
"[10/01/26, 22:35:28] Sakshi Patil Gim Sarc: Sir,"
""
"Sakshi, Aditi and Debjyoti are the POCs for the 10 year Reunion."
"[10/01/26, 22:45:12] GIM Alumni Office: Please add this alumni in Mumbai group, present not in any group"
""
"Angad Katdare 2017-19 batch"
""
"https://in.linkedin.com/in/angadkatdare"
"[10/01/26, 22:45:34] Mansi Mishra Gim Sarc: Sure, Sir."
"[10/01/26, 22:49:36] GIM Alumni Office: And one more thing that I forgot to discuss in our meeting."
"The Alumni Office has conducted a thorough exercise to capture all alumni in the city groups. Today, we have a large database of contact numbers and are now working on mapping these with alumni names and other details."
"What we would like to request from everyone is that SARC, being the primary responsible body for adding alumni to city groups, shares the data of alumni being added. To keep this simple, please include the contact number in the message you post whenever you add an alumnus or alumna to any city group."
"We will record this information."
"Is this doable?"
"[11/01/26, 10:51:56] GIM Alumni Office: Apologise,"
""
"Here is the number"
"+91 99201 01018"
"[11/01/26, 12:04:52] GIM Alumni Office: I have reshared the link for bytes from Alumni for Vibhuti"
"[11/01/26, 12:05:21] GIM Alumni Office: Can you share whenever you are receiving updates at least twice a day so that I can push alums to fill"
"[11/01/26, 12:10:20] Sampada Gim Sarc: Sure, Sir."
"‎[11/01/26, 13:29:45] GIM Alumni Office: ‎Contact card omitted"
"[11/01/26, 13:31:22] GIM Alumni Office: Kindly connect with this alumni as she reached out to me through one alumni for getting added in any Europe group, she is in Germany presently."
""
"Please connect, get details and process this request."
"‎[11/01/26, 21:26:30] GIM Alumni Office: For your action please ‎image omitted"
"[11/01/26, 21:26:49] GIM Alumni Office: +91 88283 38748"
"[12/01/26, 08:47:34] GIM Alumni Office: Present count please"
"[12/01/26, 09:08:52] Sampada Gim Sarc: Sir, the present count is 4 which includes 3 previous responses and additional response by Mr. Muralidhar Salvateeswaran."
"[12/01/26, 09:09:07] GIM Alumni Office: Ok"
"[12/01/26, 09:09:13] GIM Alumni Office: Including neetika?"
"[12/01/26, 09:16:30] GIM Alumni Office: and also,"
""
"Can you guys share the entire photo folder or bank you used for Class of 2000 and 2001 for their reunion vdo by today 1st half."
"Little urgent."
"[12/01/26, 10:03:10] Sampada Gim Sarc: Yes Sir, we have four responses including Neetika Ma'am."
"[12/01/26, 10:31:50] Jayesh Gim Sarc: Please find attached the link to the photos used for Class of 2000 and 2001 Reunion Video."
""
"Link: https://drive.google.com/drive/folders/11RCEiEDBVZgl_typKcyoxftrUyhsDjfs?usp=sharing"
"[12/01/26, 20:21:30] Sampada Gim Sarc: Sir, the current response count is 4 as before."
"[14/01/26, 09:00:25] GIM Alumni Office: Now?"
"[14/01/26, 09:01:00] GIM Alumni Office: Any update on this?"
"[14/01/26, 13:01:52] GIM Alumni Office: This alumni wants to shift from Mumbai to Hyderabad group as he is now relocated, Consider it urgent as he is from 3rd batch"
""
"Sharad Maheshwari, 95-97 batch"
""
"https://www.linkedin.com/in/avaria"
""
"Contact - +91 99582 00409"
"[14/01/26, 13:18:14] Parth Sharma Gim Sarc JCC: Sure, Sir."
"[14/01/26, 16:43:42] Sampada Gim Sarc: Sir, it remains at four. We have planned to reach out to Alumni on LinkedIn to increase the responses."
"[14/01/26, 20:39:22] GIM Alumni Office: POC of 10 year reunion,"
""
"Please call at 9, littl urgent, have to pass one information"
"[14/01/26, 21:08:29] Sakshi Patil Gim Sarc: Sure, Sir."
"[14/01/26, 21:25:43] GIM Alumni Office: Guys,"
"[15/01/26, 10:46:20] GIM Alumni Office: Hi Team,"
""
"Am I getting the draft message which we planned to share in the 2015 batch group."
"[15/01/26, 11:32:19] Sakshi Patil Gim Sarc: Hello @⁨GIM Alumni Office⁩,"
""
"We have send the message on your DM."
"[15/01/26, 21:04:44] GIM Alumni Office: From Salil Nigam sir"
""
"https://www.linkedin.com/in/kumar-salil-7650795?utm_source=share&utm_campaign=share_via&utm_content=profile&utm_medium=android_app"
""
"His byte 👇"
"[15/01/26, 21:04:53] GIM Alumni Office: I had the privilege of being taught by Father Romuald D’Souza during my time at GIM. What stayed with me most was his ability to combine intellectual rigour with deep human sensitivity. He reminded us—often subtly—that leadership is ultimately about responsibility and values, not authority. Many of the professional choices I have made since reflect those early lessons. Seeing GIM grow while staying anchored to these principles is perhaps the strongest testament to his enduring vision"
"[15/01/26, 21:49:57] Sampada Gim Sarc: Thank you, Sir."
"[15/01/26, 22:04:37] GIM Alumni Office: Jaideep sir ne Diya hai response in the sheet"
"[15/01/26, 22:12:53] Sampada Gim Sarc: Okay Sir, we will include it in Vibhuthi."
"[15/01/26, 22:19:38] GIM Alumni Office: You received"
"[15/01/26, 22:20:03] GIM Alumni Office: Jaideep sir response"
"[16/01/26, 06:51:40] GIM Alumni Office: Dear team,"
""
"Here is the meeting link for your reference."
""
"Fri Jan 16, 2026"
""
"17:30—18:30 (GMT+05:30)"
""
"https://teams.microsoft.com/l/meetup-join/19%3ameeting_NjAzODk1MWYtNWZlNy00ZTZjLThmYTEtN2Y0OGZkN2UxODU0%40thread.v2/0?context=%7b%22Tid%22%3a%221f436841-fd31-4aac-b492-9d1b692c157b%22%2c%22Oid%22%3a%22d3643a20-5817-4b16-be9c-b146d1376761%22%7d"
"[16/01/26, 06:53:30] GIM Alumni Office: 2 actions are required"
""
"1st - post this on the group today at 11am with the message, that here is the meeting  link and 2nd message can be 5 minutes before the meet"
""
"2nd - share the names of who all will be present in the meeting from your team"
"[16/01/26, 15:48:19] GIM Alumni Office: Guys,"
""
"This is not acceptable, if you don't want to be included you can tell me straight so that we officially plan this, accepting the work and then not executing it is not acceptable at all."
""
"POCs of 10 year reunion, why I have to post the meeting link in the batch group when i shared everything here yesterday."
""
"Kindly explain."
"[16/01/26, 15:58:36] Sakshi Patil Gim Sarc: Hello @⁨GIM Alumni Office⁩ Sir,"
""
"Sakshi, Debjyoti and Aditi will be present for the meeting today."
"[16/01/26, 16:00:47] Sakshi Patil Gim Sarc: Sir,"
"Apologies for the delay. We will be sharing the link again 5 minutes before the meeting."
"We ensure that such delays does not happen again."
"[17/01/26, 12:04:43] Sampada Gim Sarc: Hello @⁨GIM Alumni Office⁩ Sir,"
""
"The Alumni response count for Vibhuthi is currently five, we have reached out to 10-12 Alumni on LinkedIn and are awaiting response from them. Jaideep Sir has not given a response yet, we have also reached out to him on LinkedIn."
"[17/01/26, 12:23:03] GIM Alumni Office: Ohk"
"[17/01/26, 12:23:12] GIM Alumni Office: Let me put a word to him"
"[17/01/26, 12:23:29] GIM Alumni Office: Murali sir has given?"
"[17/01/26, 12:24:25] GIM Alumni Office: Share the names here once"
"[17/01/26, 12:52:15] Sampada Gim Sarc: Yes, Sir."
"[17/01/26, 12:52:25] Sampada Gim Sarc: Name- Mr Jaideep Kumar"
"1998-2000"
"https://www.linkedin.com/in/jaideepkr/"
""
"Name- Mr Sharad Maheshwari"
"1995-1997"
"https://www.linkedin.com/in/avaria"
""
"Name- Mr Clifford Dsousa"
"2002-2005"
"https://www.linkedin.com/in/dsouzaclifford/"
""
"Name- Dr Srinivas Chunduru"
"1996-1998"
"https://www.linkedin.com/in/dr-chunduru/"
""
"Name- Mr Parth Govil"
"1996-1998"
"https://www.linkedin.com/in/parth-govil-05b3b54/"
""
"Name-Mr Amol Ubale"
"2001-2003"
"https://www.linkedin.com/in/amol-ubale-b3a8b02/"
""
"Name-Mr Saurav Mukherjee"
"1998-2000"
"https://www.linkedin.com/in/leosaurav/"
""
"Name-Mr Amit Naik"
"1996-1998"
"https://www.linkedin.com/in/amit-naik-b806599/"
""
"Name-Mr Jerry Mathew"
"1996-1998"
"https://www.linkedin.com/in/jerry-mathew-3b05619/"
""
"Name-Mr Prashant Dabas"
"1996-1998"
"https://www.linkedin.com/in/prashant-dabas-b583892/"
""
"Name-Mr Rajesh Patalia"
"1994-1996"
"https://www.linkedin.com/in/rajeshpatalia/"
""
"Name-Mr Rajesh Thakur"
"1996-1998"
"https://www.linkedin.com/in/rajesh-thakur-0b96b4b/"
"[17/01/26, 14:16:08] GIM Alumni Office: Arey, i said who have given their content"
"[17/01/26, 20:49:52] Sampada Gim Sarc: Sir, so far we have received responses from,"
""
"1. Neetika Kataria"
"2. Cecilia Azavedo"
"3. Rakesh Palakurti"
"4. Muralidhar Salvateeswaran"
"5. Salil Nigam"
"[17/01/26, 21:45:05] GIM Alumni Office: Ohk"
"[18/01/26, 18:51:08] GIM Alumni Office: Dear Team,"
""
"As you can see a message from Parama mam in the Delhi group to one alumni."
""
"Here are his details for your quick action"
"Prem Sharma,"
"Class of 2011"
"Contact - 9650081167"
"LinkedIn profile link - https://www.linkedin.com/in/premsharma09"
"[18/01/26, 18:53:02] Sakshi Patil Gim Sarc: Sure, Sir."
"[20/01/26, 11:48:09] GIM Alumni Office: Guys, one urgent message at 12 in the groups.."
""
"Hope nothing is scheduled"
"[20/01/26, 11:48:46] Mansi Mishra Gim Sarc: Sir, no post is scheduled from our end."
"[20/01/26, 12:02:09] GIM Alumni Office: Is it possible to be part of both the groups till April 2026 as I'm in transition state?"
""
"Following are the required details:"
""
"Full Name: Vaibhav"
"Graduation Year: 2024"
"LinkedIn Profile: https://www.linkedin.com/in/vaibhav00?utm_source=share&utm_campaign=share_via&utm_content=profile&utm_medium=android_app"
"[20/01/26, 12:02:21] GIM Alumni Office: Request from alumni"
"[20/01/26, 12:02:38] GIM Alumni Office: He wants to shift to Delhi group from Mumbai 2"
""
"+91 94160 64827 ‎<This message was edited>"
"[20/01/26, 12:03:50] GIM Alumni Office: Please process the request"
"[20/01/26, 12:56:40] Sakshi Patil Gim Sarc: Sure, Sir."
"[22/01/26, 16:41:06] GIM Alumni Office: Hey guys havent received any mail yet"
"[22/01/26, 16:41:40] GIM Alumni Office: Message from Shivam Aggarwal,"
""
"Did someone from the team reached out to him?"
"[22/01/26, 16:51:53] Ishita Vyas Gim Bda Sarc: Hello Sir,"
""
"Yes Sir. We had a conversation with him on a phone call regarding his visit."
"[22/01/26, 16:55:03] GIM Alumni Office: He is asking for an email, can we send that?"
"[22/01/26, 17:58:24] Ishita Vyas Gim Bda Sarc: Yes Sir. We will look into it."
"[22/01/26, 19:37:39] Parth Sharma Gim Sarc JCC: ‎Parth Sharma Gim Sarc JCC left"
"‎[25/01/26, 16:20:24] GIM Alumni Office: ‎image omitted"
"[25/01/26, 16:20:36] GIM Alumni Office: Dear Team,"
""
"Can you please look into this"
"[25/01/26, 16:41:03] Mansi Mishra Gim Sarc: We will do the needful, Sir."
"[25/01/26, 18:50:49] GIM Alumni Office: Dear Team,"
""
"Post scheduled tonight starting 8PM in all the city groups including international"
"[25/01/26, 18:51:56] Mansi Mishra Gim Sarc: Sir, no post is scheduled from our end at that time."
"[26/01/26, 21:38:15] Sakshi Patil Gim Sarc: Hello, @⁨GIM Alumni Office⁩"
"Should we keep any registration amount for 10 year reunion? We have always taken, but Sneha Ma'am is wondering if it would look good since we did not take any money for 20 year and 25 year reunion."
"[26/01/26, 21:42:43] GIM Alumni Office: Did she ask you to check with me?"
"[26/01/26, 21:48:23] Sakshi Patil Gim Sarc: Sir, ma'am said she will discuss with you. But we wanted to ask you ourselves too."
"[26/01/26, 21:49:27] GIM Alumni Office: My personal opinion will be, no registration fees."
""
"But the decision will come from Prof. Sneha."
"I will discuss this with her."
"[26/01/26, 21:49:54] Sakshi Patil Gim Sarc: Okay, Sir."
"‎[28/01/26, 22:07:25] GIM Alumni Office: ‎image omitted"
"[28/01/26, 22:07:26] GIM Alumni Office: Please look into this"
"[28/01/26, 23:15:58] Mansi Mishra Gim Sarc: We will do the needful, Sir."
"[29/01/26, 09:23:23] GIM Alumni Office: We are going through some systems for our functioning and want to convey those to you all,"
""
"Can someone from the team meet me today, preferably from the Social media team and one more, will convey you the requirements"
"[29/01/26, 10:54:53] Ishita Vyas Gim Bda Sarc: Hello @⁨GIM Alumni Office⁩ Sir,"
""
"Khushi Dhawan and I will be there at 4:00 PM. Please let us know if this time works for you."
"[29/01/26, 11:13:22] GIM Alumni Office: I have a meeting from 4:15."
""
"Can we meet after 5:15?"
"[29/01/26, 11:24:28] Ishita Vyas Gim Bda Sarc: Sure, Sir."
"[29/01/26, 11:28:16] GIM Alumni Office: Perfect, see you at 5:15"
"[30/01/26, 18:31:24] GIM Alumni Office: Dear Team,"
""
"Please add this alumni in Bangalore group, presently he is not a part of any city group"
""
"Manjunatha Swamy"
"Class of 2025"
"Contact - 8618404072"
"https://www.linkedin.com/in/manjunatha-swamy-sm?utm_source=share&utm_campaign=share_via&utm_content=profile&utm_medium=ios_app"
"[30/01/26, 20:44:20] Ishita Vyas Gim Bda Sarc: We will do the needful, Sir."
"[02/02/26, 10:33:12] GIM Alumni Office: https://www.linkedin.com/posts/top50franchiseleaders-thefranchisingworld-share-7423220845080297472-8yu8?utm_source=social_share_send&utm_medium=android_app&rcm=ACoAABB8JxwByGUFA3OZ4Z4l-oxICjIAhsVzhMo&utm_campaign=copy_link"
"[02/02/26, 10:33:23] GIM Alumni Office: You can engage with this post"
"[03/02/26, 08:51:54] Mansi Mishra Gim Sarc: We will do the needful, Sir."
"‎[03/02/26, 09:54:57] GIM Alumni Office: ‎image omitted"
"[03/02/26, 09:55:20] GIM Alumni Office: Dear team,"
""
"She is our alumni and promoted to a good level."
""
"Kindly engage with this post"
"[03/02/26, 22:58:01] Mansi Mishra Gim Sarc: We will do the needful, Sir."
"[04/02/26, 20:20:30] GIM Alumni Office: Urgent Post in the groups,"
""
"Hope that's fine"
"[04/02/26, 20:24:36] Yash Gaba Gim Sarc: Sir, no post is scheduled from our end."
"[05/02/26, 12:52:22] GIM Alumni Office: Hi Amit,"
""
"As discussed, I’d want to connect with someone in the student alumni body to talk about a potential engagement in my current organisation’s upcoming offsite. Please note, this is not about placement/ internship opportunity, but just about involvement of a few students in our company’s offsite."
""
"Below are my coordinates -"
"Harshit Arora"
"HCM Class of 2019"
"+91-7678698594"
"Currently working at A&M Global Capability Center"
"[05/02/26, 12:52:32] GIM Alumni Office: Please explore this"
"[05/02/26, 13:00:53] Mansi Mishra Gim Sarc: Yes, Sir. We will do the needful."
"‎[05/02/26, 16:24:15] Sakshi Patil Gim Sarc: ‎image omitted"
"‎[05/02/26, 16:30:05] Sakshi Patil Gim Sarc: ‎image omitted"
"[05/02/26, 22:48:32] GIM Alumni Office: Someone please call, This is regarding 10 year reunion"
"[05/02/26, 22:50:38] Sakshi Patil Gim Sarc: Sure, Sir."
"‎[05/02/26, 22:54:48] Sakshi Patil Gim Sarc: Sir, these are the registered names and their contact information ‎image omitted"
"‎[06/02/26, 12:43:43] Sakshi Patil Gim Sarc: 10 Year Reunion (Responses).xlsx ‎document omitted"
"[06/02/26, 12:43:43] Sakshi Patil Gim Sarc: Hello Sir,"
""
"Please find attached the final registration response sheet."
"[06/02/26, 14:48:33] Sakshi Patil Gim Sarc: Hello @⁨GIM Alumni Office⁩ Sir,"
""
"Can we schedule today's meet at 5:30PM? Entire team will be free from exams by then. ‎<This message was edited>"
"[06/02/26, 14:50:05] GIM Alumni Office: Offcourse"
"[06/02/26, 14:51:14] Sakshi Patil Gim Sarc: Thank you Sir."
"[06/02/26, 19:38:39] GIM Alumni Office: Things in control with Raju for food and snacks?"
"[06/02/26, 19:47:44] Sakshi Patil Gim Sarc: Yes, Sir."
"[06/02/26, 19:48:09] GIM Alumni Office: List of responsibility"
"[06/02/26, 21:53:56] Khushi Dhawan Gim Sarc: Sir, we are working on it and will share it as soon as possible."
"[07/02/26, 00:03:34] Debjyoti Gim BDA: ‎This message was deleted."
"‎[07/02/26, 00:05:07] Debjyoti Gim BDA: Role Allocation.xlsx ‎document omitted"
"[07/02/26, 08:58:17] GIM Alumni Office: Hope things are under control?"
"[07/02/26, 09:18:01] Sakshi Patil Gim Sarc: Good morning Sir,"
"Yes sir"
"[07/02/26, 10:41:36] GIM Alumni Office: Dear Team,"
""
"Online interaction will happen with alumni from 1:40PM so it is requested you all to bring laptops for this"
"[07/02/26, 10:42:44] Aditi Mehta Gim Sarc: Noted, Sir."
""
"Yash will be there to coordinate the same."
"[07/02/26, 10:42:51] GIM Alumni Office: Ok"
"[07/02/26, 11:11:07] GIM Alumni Office: Please Get the mic"
"[07/02/26, 11:22:57] Ishita Vyas Gim Bda Sarc: Yes, Sir. ‎<This message was edited>"
"[07/02/26, 11:33:45] GIM Alumni Office: Dear All,"
""
"Thank you for sharing your interest in the online interaction. Please find the meeting details below:"
""
"Platform: MS Teams"
"Time: 1:40 PM (30 minutes)"
"Meeting Link: https://teams.microsoft.com/l/meetup-join/19%3ameeting_MmZhNjU2NDktMGExNC00MDM2LWE0M2EtMGY4YjAxNjVhZDc1%40thread.v2/0?context=%7b%22Tid%22%3a%221f436841-fd31-4aac-b492-9d1b692c157b%22%2c%22Oid%22%3a%22d3643a20-5817-4b16-be9c-b146d1376761%22%7d"
""
"As many of you were unable to join us on campus, we look forward to connecting with you through this online meet. Our faculty members will be joining the session along with alumni who are present on campus, as we come together to celebrate your 10-Year Reunion."
""
"Looking forward to seeing you all online at 1:40PM."
""
"Regards"
"Amit Singh"
"[07/02/26, 13:01:38] GIM Alumni Office: If any alum comes, send them to CR 1 directly, we will be starting faculty interaction anytime"
"[07/02/26, 13:03:02] GIM Alumni Office: Who all are there at CR 1,"
""
"Do we have any Faculty"
"[07/02/26, 13:05:26] Yash Gaba Gim Sarc: Sir, Shlok, Sampada, Ishita and I are in CR1."
""
"No faculty members have joined yet."
"‎[07/02/26, 13:31:58] Mansi Mishra Gim Sarc: 1.png ‎document omitted"
"‎[07/02/26, 13:31:59] Mansi Mishra Gim Sarc: 2.png ‎document omitted"
"[07/02/26, 13:32:36] Mansi Mishra Gim Sarc: Sir,"
""
"Please find above the backgrounds for the Director’s Address."
"[07/02/26, 13:39:13] Debjyoti Gim BDA:"
"‎[07/02/26, 13:39:17] Debjyoti Gim BDA: ‎image omitted"
"‎[07/02/26, 13:39:17] Debjyoti Gim BDA: ‎image omitted"
"‎[07/02/26, 13:39:18] Debjyoti Gim BDA: ‎image omitted"
"‎[07/02/26, 13:39:18] Debjyoti Gim BDA: ‎image omitted"
"‎[07/02/26, 13:39:19] Debjyoti Gim BDA: ‎image omitted"
"‎[07/02/26, 13:39:20] Debjyoti Gim BDA: ‎image omitted"
"‎[07/02/26, 13:39:21] Debjyoti Gim BDA: ‎image omitted"
"‎[07/02/26, 13:39:21] Debjyoti Gim BDA: ‎image omitted"
"‎[07/02/26, 13:39:21] Debjyoti Gim BDA: ‎image omitted"
"‎[07/02/26, 13:39:27] Debjyoti Gim BDA: ‎image omitted"
"‎[07/02/26, 13:39:33] Debjyoti Gim BDA: ‎image omitted"
"[07/02/26, 13:39:34] Debjyoti Gim BDA:"
"‎[07/02/26, 13:39:51] Debjyoti Gim BDA: ‎image omitted"
"‎[07/02/26, 13:39:56] Debjyoti Gim BDA: ‎image omitted"
"‎[07/02/26, 13:39:56] Debjyoti Gim BDA: ‎image omitted"
"‎[07/02/26, 13:39:57] Debjyoti Gim BDA: ‎image omitted"
"‎[07/02/26, 13:39:57] Debjyoti Gim BDA: ‎image omitted"
"‎[07/02/26, 13:39:58] Debjyoti Gim BDA: ‎image omitted"
"‎[07/02/26, 13:39:58] Debjyoti Gim BDA: ‎image omitted"
"‎[07/02/26, 13:40:07] Debjyoti Gim BDA: ‎video omitted"
"‎[07/02/26, 13:40:15] Debjyoti Gim BDA: ‎video omitted"
"‎[07/02/26, 13:40:23] Debjyoti Gim BDA: ‎video omitted"
"‎[07/02/26, 13:40:26] Debjyoti Gim BDA: ‎video omitted"
"‎[07/02/26, 13:40:36] Debjyoti Gim BDA: ‎video omitted"
"‎[07/02/26, 13:42:34] Debjyoti Gim BDA: ‎video omitted"
"‎[07/02/26, 13:43:53] Debjyoti Gim BDA: ‎video omitted"
"‎[07/02/26, 13:44:13] Debjyoti Gim BDA: ‎video omitted"
"[07/02/26, 20:12:30] GIM Alumni Office: Great Event guys,"
""
"At least we did our bit and the alumni went happy."
""
"Next step is to create a folder of photos and share it in the 2015 group by tomorrow 5PM with a message and than we will exit from the group."
""
"@⁨Sakshi Patil Gim Sarc⁩ , make sure we close this as per the given time."
"[07/02/26, 20:14:05] Sakshi Patil Gim Sarc: Sure, Sir."
"[07/02/26, 20:14:11] GIM Alumni Office: 2nd is I have to post a message in the group today at 8:30 and tomorrow before 11:30 AM for the session we have organised, please schedule your posts accordingly"
"[07/02/26, 20:15:22] Mansi Mishra Gim Sarc: You can go ahead, Sir. We do not have anything planned today and tomorrow at the mentioned timings."
"[08/02/26, 14:12:20] GIM Alumni Office: @⁨Sakshi Patil Gim Sarc⁩ ,"
""
"What is the status of this"
"[08/02/26, 14:17:37] Sakshi Patil Gim Sarc: Sir, we will post it before 5PM."
"[09/02/26, 15:35:28] GIM Alumni Office: Dear Team,"
""
"Who is responsible for the monthly report."
"It's already too late, can you check and share"
"[09/02/26, 16:31:35] Yash Gaba Gim Sarc: Hello Sir,"
""
"Our apologies for the delay. We will share the monthly report before today EOD."
"[10/02/26, 17:12:53] GIM Alumni Office: Dear Team,"
""
"Please share the transcript/Recording of Shivam Aggarwal's Session, we havbe to work on the Blog"
"[10/02/26, 17:13:08] GIM Alumni Office: and also Someone from the Online SM team, please call"
"[10/02/26, 18:34:49] GIM Alumni Office: Can someone from the online SM team call me."
"[10/02/26, 18:34:49] GIM Alumni Office: It's urgent"
"[10/02/26, 18:40:01] GIM Alumni Office: ‎This message was deleted."
"[10/02/26, 18:50:07] Mansi Mishra Gim Sarc: Sure, Sir."
"‎[10/02/26, 18:53:46] GIM Alumni Office: ‎image omitted"
"‎[11/02/26, 12:09:42] GIM Alumni Office: Please update my phone number on the UAE group. +971543766488 - add this"
"Delete 9818853631 ‎image omitted"
"[11/02/26, 12:09:48] GIM Alumni Office: Dear Team,"
""
"Please do the needful"
"[11/02/26, 12:10:02] GIM Alumni Office: And post this today please"
"[11/02/26, 13:26:40] GIM Alumni Office: Guys,"
""
"Can you post this now"
"[11/02/26, 13:37:27] Mansi Mishra Gim Sarc: Sure, Sir."
"[11/02/26, 13:42:49] Ishita Vyas Gim Bda Sarc: Sir, We will repost this today."
"[13/02/26, 10:49:50] GIM Alumni Office: Hi guys,"
""
"You must be aware with the Dubai meet which happened yesterday."
""
"Please post it through our pages."
"[13/02/26, 10:57:44] Mansi Mishra Gim Sarc: Hello Sir,"
""
"Yes, we are going to post about it on our LinkedIn and Instagram in a while."
"[20/02/26, 16:38:02] GIM Alumni Office: Hi team,"
""
"Mr. Harshendu Dave, class of 2018"
"Cont-7218081391"
""
"Is coming to campus for normal visit in 30 minutes, can you please inform the gate"
"[20/02/26, 16:41:33] Yash Gaba Gim Sarc: Sir, we have informed them about the visit."
"[24/02/26, 15:14:40] GIM Alumni Office: Can anyone from the social media team call me"
"[24/02/26, 15:46:25] Ishita Vyas Gim Bda Sarc: Sure, Sir."
"[25/02/26, 15:05:13] GIM Alumni Office:"
"‎[25/02/26, 15:05:14] GIM Alumni Office: Carousel GIMAA BASE.pdf • ‎5 pages ‎document omitted"
"‎[25/02/26, 15:05:14] GIM Alumni Office: ‎image omitted"
"‎[25/02/26, 15:05:14] GIM Alumni Office: ‎image omitted"
"‎[25/02/26, 15:05:14] GIM Alumni Office: ‎image omitted"
"‎[25/02/26, 15:05:15] GIM Alumni Office: ‎image omitted"
"‎[25/02/26, 15:05:15] GIM Alumni Office: ‎image omitted"
"[25/02/26, 15:06:28] GIM Alumni Office: Hi Ishita,"
""
"As discussed yesterday, i have sent the email for the post, sharing the pdf for carousel post  on linkedin and posters as images for insta."
"[25/02/26, 15:06:35] GIM Alumni Office: Please post this today"
"[25/02/26, 16:54:47] Ishita Vyas Gim Bda Sarc: Hello Sir,"
""
"As this is a GIMAA post, we would be happy to reshare it on our LinkedIn, because we can not share posts which are not directly linked to S.A.R.C. on our social media."
"[25/02/26, 16:57:19] GIM Alumni Office: Ishita, SARC has been sharing Alumni office and GIMAA posts in past."
"[25/02/26, 17:02:31] Ishita Vyas Gim Bda Sarc: Okay Sir. We’ll schedule the post for today."
"[25/02/26, 22:00:55] GIM Alumni Office: Is this posted?"
"[25/02/26, 22:13:54] Ishita Vyas Gim Bda Sarc: Yes Sir. The post has been done on both Instagram and LinkedIn handles of S.A.R.C."
"[27/02/26, 01:36:27] Mansi Mishra Gim Sarc: ‎Your security code with Mansi changed."
"[28/02/26, 12:39:00] GIM Alumni Office: Dear Team,"
""
"Please add this alumna in Kolkata Group"
""
"6292288802"
""
"Shreya, 2014 passing year"
""
"https://www.linkedin.com/in/shreya-goel-47ba0869?utm_source=share_via&utm_content=profile&utm_medium=member_android"
"[28/02/26, 13:05:19] Aditi Mehta Gim Sarc: Sure, Sir."
""
"We will do the needful."
"[01/03/26, 21:02:03] GIM Alumni Office: Dear Team,"
""
"Please shift this alumni in Pune group, he is presently in the Mumbai group."
""
"Bibino Varghese"
"Graduation year - 2020"
"Contact - 9539485175"
"LinkedIn profile link - https://www.linkedin.com/in/bibino-varghese-6313aa160?utm_source=share_via&utm_content=profile&utm_medium=member_ios"
"[01/03/26, 21:40:00] Sampada Gim Sarc: Sure, Sir."
""
"We will do the needful."
"[02/03/26, 15:06:23] GIM Alumni Office: Dear Team,"
""
"This alum wants to shift from Blore to Delhi group."
""
"Name: Akshay Bhardwaj"
"Contact - 9140893854"
"Graduate year: 2020"
"Linkedin: http://linkedin.com/in/akshay-bhardwaj-64b379169"
"[02/03/26, 16:51:32] Mansi Mishra Gim Sarc: Sure, Sir."
""
"We will do the needful."
"[03/03/26, 14:09:30] GIM Alumni Office: Dear Team,"
""
"This alum is coming to college on Thursday and want our help to enter the institute, can you please process this"
""
"Neha Mittal"
"Batch 2016-18"
"Contact - 8447321787"
"[03/03/26, 14:09:58] GIM Alumni Office: And try to also close this today"
"[04/03/26, 11:26:20] Sampada Gim Sarc: Sure, Sir."
""
"We will do the needful."
"[04/03/26, 17:26:22] Sakshi Patil Gim Sarc: Sir, We have added the Alumni to the Delhi City Chapter."
"[06/03/26, 09:46:16] GIM Alumni Office: Dear Team,"
""
"Please share your team's high quality group picture"
"[06/03/26, 09:46:24] GIM Alumni Office: Required for some booklets and literature"
"[06/03/26, 09:47:24] GIM Alumni Office: and also, I spoke to Epsha yeasterday, I would like to meet you people before your go for your SIP, May be next week Friday."
"Please share your availability, Its regarding the upcoming activities."
"[06/03/26, 12:56:36] ‪+91 73790 51800‬: Hello Sir,"
""
"Sure, we will be having a meeting. Could we keep meeting on the coming Monday at 5:30 p.m. as many of us have End term exams next week."
"[06/03/26, 13:00:53] GIM Alumni Office: Ok,"
"[06/03/26, 17:26:58] Khushi Dhawan Gim Sarc: Hello Sir,"
""
"Since a few people have left the cell, our group photo needs to be  re-taken."
""
"Kindly allow us till tomorrow to send the picture to you."
"[06/03/26, 17:31:19] GIM Alumni Office: Surw"
"[07/03/26, 08:17:43] GIM Alumni Office: This is just to get your attention regarding one of our Alumni Prateek Tripathi. Batch of 2003."
""
"He has been elevated to the role of Director - IT in Nestlé India. Similar to CTO."
""
"It will be good if SARC / alumni group can make some announcement in Linkedin. Etc."
"[07/03/26, 08:17:44] GIM Alumni Office: https://www.linkedin.com/in/prateek-tripathi-59283a1a?utm_source=share_via&utm_content=profile&utm_medium=member_android"
"[07/03/26, 08:17:44] GIM Alumni Office: https://www.storyboard18.com/brand-makers/nestle-india-appoints-prateek-tripathi-as-head-of-is-it-nestle-business-excellence-91466.htm"
"[07/03/26, 08:18:13] GIM Alumni Office: Dear Team,"
""
"Can be a good shoutout from our pages"
"[07/03/26, 10:54:00] Aditi Mehta Gim Sarc: Hello Sir,"
""
"Kindly find our team’s high quality picture below."
"‎[07/03/26, 10:54:49] Aditi Mehta Gim Sarc: ‎image omitted"
"[07/03/26, 11:02:05] GIM Alumni Office: Perfect"
"[07/03/26, 11:02:58] GIM Alumni Office: Can you share this as document to get the high quality version of the original photo."
""
"This will go for print and I don't want this to get distorted"
"[07/03/26, 11:03:16] GIM Alumni Office: Try or else we will use this only"
"[07/03/26, 11:30:46] Mansi Mishra Gim Sarc: Sure, Sir."
""
"We will do the needful."
"‎[07/03/26, 11:33:09] Mansi Mishra Gim Sarc: IMG_3835.JPG ‎document omitted"
"‎[07/03/26, 11:45:06] Mansi Mishra Gim Sarc: S.A.R.C. 2025-27.jpg ‎document omitted"
"[16/03/26, 09:49:54] GIM Alumni Office: Dear Team,"
""
"Post scheduled at 12 today"
"[16/03/26, 11:22:01] Mansi Mishra Gim Sarc: You can go ahead, Sir."
""
"We do not have anything planned today at the mentioned timings. ‎<This message was edited>"
"[17/03/26, 11:33:36] GIM Alumni Office: Dear Team,"
""
"Post scheduled at 12 today"
"‎[17/03/26, 13:36:52] GIM Alumni Office: ‎image omitted"
"[17/03/26, 13:37:13] GIM Alumni Office: https://www.linkedin.com/in/shubhamyaadaav?utm_source=share&utm_campaign=share_via&utm_content=profile&utm_medium=ios_app"
"[17/03/26, 13:37:19] GIM Alumni Office: For your action please"
"[17/03/26, 13:37:52] Mansi Mishra Gim Sarc: Sure, Sir."
""
"We will do the needful."
"[18/03/26, 11:04:47] GIM Alumni Office: our alumni from 1997 graduation"
""
"https://www.linkedin.com/posts/pankaj-gupta-5887a915_gls-welcomes-mr-pankaj-gupta-activity-7432269289958621184-toxY?utm_source=share&utm_medium=member_desktop&rcm=ACoAABB8JxwByGUFA3OZ4Z4l-oxICjIAhsVzhMo"
"[18/03/26, 11:32:58] GIM Alumni Office: We can post this"
"[18/03/26, 12:34:05] Mansi Mishra Gim Sarc: Sure, Sir."
""
"We will do the needful."
"‎[22/03/26, 11:51:45] GIM Alumni Office: ‎image omitted"
"[22/03/26, 11:53:12] GIM Alumni Office: Dear Team,"
""
"We have a request from this senior alumni to get added in the US city group where he wants to connect with the alumni in the region and organise a meetup."
""
"We suggest that you add him in the US whatsapp group for a duration till 10th April so that he can connect with alums there for the meet"
"[22/03/26, 11:53:43] GIM Alumni Office: And also, always share the updates with tasks here for our information and records"
"[24/03/26, 07:43:24] GIM Alumni Office: Dear Team,"
""
"Please add him, he is a very senior alum and we cannot make him wait."
""
"Inform here when done"
"[24/03/26, 09:49:16] GIM Alumni Office: @⁨Shlok Potdar⁩"
"[24/03/26, 10:21:57] Shlok Potdar: Dear Sir,"
""
"We have added the Alumnus in the USA Chapter."
"Apologies for the delay, going forward we ensure this will not happen."
"[24/03/26, 10:28:03] GIM Alumni Office: Thanks Shlok. Let’s be conscious, at least with senior alumni. This got reported to other people, which shouldn’t have happened."
"[24/03/26, 10:29:05] GIM Alumni Office: And I would like to connect with one of you over a call regarding the exercise of adding the new batch to the city groups."
"Please connect"
"[24/03/26, 19:01:06] Sakshi Patil Gim Sarc: Hello Sir,"
""
"Yes we will make sure we are prompt."
"[24/03/26, 19:01:23] Sakshi Patil Gim Sarc: Sir, I can connect over call, please let me know a time suitable for you. ‎<This message was edited>"
"[25/03/26, 06:55:51] GIM Alumni Office: You can call me anytime before 12 or after 5 today please"
"[25/03/26, 10:59:46] Sakshi Patil Gim Sarc: Sure, Sir."
"[27/03/26, 10:04:00] GIM Alumni Office: Dear Team,"
""
"2 posts are scheduled today."
""
"1 at 12 and 1 at 8:30 PM."
""
"Hope nothing is scheduled from.yoir side"
"[27/03/26, 10:23:40] Mansi Mishra Gim Sarc: You can go ahead, Sir."
""
"We do not have anything planned today at the mentioned timings."
"[31/03/26, 21:20:13] Aditi Mehta Gim Sarc: ‎Your security code with Aditi changed."
"[01/04/26, 18:52:55] GIM Alumni Office: Team"
""
"From today until the 8th, I will be running a promotional exercise for LinkedIn and ET Prime subscriptions for alumni, with posts scheduled at either 12:00 PM or 8:30 PM on alternate days."
""
"Please plan your posts accordingly."
"[01/04/26, 19:03:07] Yash Gaba Gim Sarc: Noted, Sir."
"‎[01/04/26, 19:46:15] Sakshi Patil Gim Sarc: Is this fake or genuine? Can SARC team please help and verify before we click on a link. ‎image omitted"
"[01/04/26, 19:47:58] Sakshi Patil Gim Sarc: Hello @⁨GIM Alumni Office⁩ Sir,"
""
"We just wanted to confirm whether this message has been sent by the college administration."
"[01/04/26, 19:47:59] GIM Alumni Office: Replied"
"[01/04/26, 19:48:07] Sakshi Patil Gim Sarc: Okay Sir."
"‎[01/04/26, 21:47:29] GIM Alumni Office: ‎image omitted"
"[01/04/26, 21:47:31] GIM Alumni Office: https://www.linkedin.com/in/avishekpal18?utm_source=share_via&utm_content=profile&utm_medium=member_ios"
"‎[01/04/26, 21:47:39] GIM Alumni Office: ‎Contact card omitted"
"[01/04/26, 21:47:43] GIM Alumni Office: For your action please"
"[01/04/26, 21:48:21] Sakshi Patil Gim Sarc: Yes Sir, we will do the needful."
"[02/04/26, 15:38:14] GIM Alumni Office: Is this done, Alumni reached out for updates"
"[02/04/26, 20:04:16] GIM Alumni Office: Hello current SARC members, could you please add me to the Bengaluru group as I have moved recently?"
""
"Thanks"
"[02/04/26, 20:08:07] GIM Alumni Office: It is embarrassing that our commitment was not completed and an alumnus had to point it out in the group."
""
"If this continues, we may have to take admin rights of all the city groups, which you may not like, as we cannot keep our alumni waiting for these things."
""
"Please avoid this, as it affects the relationship."
"[02/04/26, 20:20:58] Tilak Periwal Gim Sarc: Hello Sir,"
""
"Apologies for the oversight and for the inconvenience caused. We will ensure that the alumnus is added to the city chapter at the earliest and will take extra care to avoid such lapses going forward."
"[04/04/26, 22:02:22] GIM Alumni Office: Hello Team,"
""
"The exercise to add 2026 batch is done or remaining?"
"[05/04/26, 08:58:10] Khushi Dhawan Gim Sarc: Yes, Sir."
""
"We are adding the senior batch in phases. The first phase is almost complete, we will soon start the second phase."
"‎[06/04/26, 20:57:23] GIM Alumni Office: ‎image omitted"
"[06/04/26, 20:57:26] GIM Alumni Office: For your action please"
"[06/04/26, 21:01:56] Sampada Gim Sarc: Sure Sir, we will do the needful."
"[08/04/26, 10:18:38] GIM Alumni Office: Hello Team,"
""
"We are closing the subscription registrations today. Accordingly, we will be sending two messages—one at 12 PM and another after 8 PM."
""
"Please avoid posting anything after 8 PM today so that this communication gets sufficient visibility in the groups."
"[08/04/26, 11:32:55] Khushi Dhawan Gim Sarc: Noted, Sir."
"[09/04/26, 19:32:59] GIM Alumni Office: Abhinav Yadav,"
"Batch of 2024-26"
"[09/04/26, 19:34:13] GIM Alumni Office: Dear Team,"
""
"The Batch VP of the 2026 batch, Akash, reached out to me to ask when this alumnus will be added to the group. He has completed the form and is currently waiting to be added to the city group."
"[09/04/26, 19:34:24] GIM Alumni Office: Are we having any backlogs right now?"
"[10/04/26, 21:41:27] GIM Alumni Office: Hi Team,"
""
"Hope things are fine at your end."
"There's been no reply."
"[10/04/26, 22:04:58] Sampada Gim Sarc: Sir, we will add him to the desired city group right away."
"[10/04/26, 22:11:33] GIM Alumni Office: Ohk"
"[10/04/26, 22:11:53] GIM Alumni Office: And also add the 2026 batch reps in the Batch Reps groups"
"[11/04/26, 11:38:29] Sampada Gim Sarc: Sure, Sir."
"[15/04/26, 18:22:58] ‪+91 73790 51800‬: ‎‎‪+91 73790 51800‬ changed their phone number to a new number. ‎Tap to message new number."
"‎[17/04/26, 15:54:35] GIM Alumni Office: ‎image omitted"
"[17/04/26, 15:54:37] GIM Alumni Office: https://www.linkedin.com/in/radhaghantker?utm_source=share_via&utm_content=profile&utm_medium=member_ios"
"[17/04/26, 15:54:45] GIM Alumni Office: Dear team,"
""
"For your action please"
"[17/04/26, 16:01:28] GIM Alumni Office: Please add Yash Prabhudessai PGDM 2021-23 as well"
"9730361753"
"https://www.linkedin.com/in/yashpd312?utm_source=share_via&utm_content=profile&utm_medium=member_ios"
"[17/04/26, 16:32:15] Epsha Jaiswal GIM Sarc: Sure Sir, we will add them to the desired city group."
"[19/04/26, 18:25:33] GIM Alumni Office: Dear team,"
""
"Please Add Ms. Vasundhara gupta to UAE group,"
""
"Here are her details"
""
"Name - Vasundhara Gupta"
"Class of 2017,"
"Contact number - +971 55 228 4140"
""
"LinkedIn profile link -"
""
"https://www.linkedin.com/in/vasundhra-gupta-4b1a49a3?utm_source=share_via&utm_content=profile&utm_medium=member_android"
"[19/04/26, 18:29:15] GIM Alumni Office: And Epshaa, the above alums are also not yet added."
""
"Let me tell you, We all will be in serious trouble because of these delays."
""
"Previously, these types of things got escalated till Director and GIMAA President."
""
"Let me know if you guys are having trouble with this, we will  find a mechanism to sort this."
"[19/04/26, 18:42:14] Yash Gaba Gim Sarc: Sure Sir, we will do the needful."
""
"Could you please grant myself and @⁨Tilak Periwal Gim Sarc⁩ the admin rights for us to add the Alumna in the UAE Group."
"[19/04/26, 18:44:22] GIM Alumni Office: I don't have the admin rights @⁨Yash Gaba Gim Sarc⁩ ."
""
"I see your seniors are having that, ask them to do that."
"[19/04/26, 18:45:00] Yash Gaba Gim Sarc: Sure, Sir."
"[19/04/26, 18:53:18] Yash Gaba Gim Sarc: This is done, Sir."
"[19/04/26, 18:53:34] GIM Alumni Office: Thanks"
"[19/04/26, 19:01:42] Epsha Jaiswal GIM Sarc: Apologies for the delay, sir. We have now added them to the respective city groups. We will ensure this does not happen again."
"[19/04/26, 21:57:04] GIM Alumni Office: Dear team,"
""
"Request from the same alumni to add one more alum in the UAE group."
""
"Name - Jidvish Ruparel"
"2016 passout"
"919619454657"
"https://www.linkedin.com/in/jidvish-ruparel-585064a7?utm_source=share_via&utm_content=profile&utm_medium=member_android"
"[19/04/26, 22:08:04] GIM Alumni Office: He is presently the member of Mumbai group, you may shift him, we have his consent"
"[20/04/26, 12:33:43] Yash Gaba Gim Sarc: Sure Sir, we will do the needful."
"[21/04/26, 08:48:54] GIM Alumni Office: Dear Team,"
""
"Please connect with this alum, he wants to share job opportunity in all the city groups"
""
"Contact:"
"Abhishek Pandia"
"+91 97686 06088"
"abhishek@beaconamc.in"
"Work ex: 10+ years."
"[21/04/26, 11:37:25] Debjyoti Gim BDA: Sure Sir, we will do the needful."
"‎[25/04/26, 13:22:44] GIM Alumni Office: ‎image omitted"
"‎[25/04/26, 13:22:48] GIM Alumni Office: ‎Contact card omitted"
"[25/04/26, 13:22:48] GIM Alumni Office: https://www.tribuneindia.com/news/business/astronext-secures-startup-odisha-grant-and-nri-led-funding-to-build-indias-first-astrology-saas-ecosystem/amp"
"[25/04/26, 13:23:04] GIM Alumni Office: Dear Team,"
""
"Let's post this as an alumni achievement on our pages"
"[27/04/26, 10:16:04] Ishita Vyas Gim Bda Sarc: Sure Sir, We will be scheduling the post shortly."
"[27/04/26, 11:37:09] GIM Alumni Office: Hi Team,"
""
"Would like to connect with you for Imprints 2026 and kick start the preparations for the Imprints."
"Please discuss among your self and let me know"
"[27/04/26, 19:36:37] Khushi Dhawan Gim Sarc: Sure Sir,"
""
"We will discuss a suitable date and time for the meeting and share with you as soon as possible."
"‎[27/04/26, 22:14:46] Sampada Gim Sarc: @⁨GIM Alumni Office⁩ Sir, we have received this email from Alumnus regarding the mail received from Univariety although SARC has not shared any Alumni related details with Univariety, we would like to clarify about the same to the Alumnus. ‎image omitted"
"[27/04/26, 22:26:50] GIM Alumni Office: Graduation year of this alumni"
"[27/04/26, 22:26:53] GIM Alumni Office: ?"
"[28/04/26, 15:08:32] Sakshi Patil Gim Sarc: Hello @⁨GIM Alumni Office⁩,"
"We would be free today after 8pm sir, we can schedule our meeting according to any time convenient for you after 8PM."
"[28/04/26, 15:56:22] Sampada Gim Sarc: 2014-2016"
"[28/04/26, 18:26:05] GIM Alumni Office: You can respond to him with the following points:"
""
"- SARC does not maintain and neither authorized to share such alumni data with any third party."
""
"- UNIVARIETY is an organization institute have partnered with for alumni engagement and endowment initiatives aimed at supporting the institute’s future growth. They may have reached out to you in this context."
"- As per your request, we will inform the concerned team and ensure that you are not contacted by them going forward."
"[28/04/26, 18:33:04] Sampada Gim Sarc: Sure Sir"
"[29/04/26, 17:21:32] Khushi Dhawan Gim Sarc: Hello @⁨GIM Alumni Office⁩ Sir,"
"Can we schedule this meeting for today 8pm?"
"[29/04/26, 21:02:21] GIM Alumni Office: Hello Team,"
""
"Got busy."
"Let's try tomorrow?"
"[01/05/26, 10:13:01] GIM Alumni Office: Kya ho gya bacho, Naaraz ho gaye kya aap sab No response."
"Or you guys are extremely busy with your SIP."
""
"We are having meeting tomorrow with respective city POC and volunteers and wanted to add you people also, like SARC POC of cities should be joining the meeting."
"[01/05/26, 14:10:27] Sampada Gim Sarc: Sure, Sir."
""
"We will join the meeting with the city POC."
""
"Before this meeting can we also have a short meeting with you tomorrow?"
"[01/05/26, 18:51:51] GIM Alumni Office: We have 2 confirmed meetings tomorrow both will be before lunch"
"[01/05/26, 18:52:07] GIM Alumni Office: Can someone call?"
"[01/05/26, 19:03:52] Shlok Potdar: Sure, Sir."
"[02/05/26, 07:52:47] GIM Alumni Office: Hi @⁨Shlok Potdar⁩ and team."
""
"Get me the list of POC's for Delhi and Hyderabad and also I hope we are meeting at 10, please confirm so that I can be prepared"
"[02/05/26, 09:15:28] Debjyoti Gim BDA: Hello, Sir."
""
"We will be sharing the names shortly."
""
"And yes, we will join the meeting at 10."
"[02/05/26, 09:58:45] Debjyoti Gim BDA: Sir, please find below the meeting link:"
""
"https://teams.microsoft.com/meet/46926631509375?p=CwBwvjv3NmvSuhHlGv"
"[03/05/26, 20:23:20] GIM Alumni Office: Hello Team,"
""
"Please share the POC names, we will have to proceed with smaller cities now."
"[03/05/26, 21:41:57] Debjyoti Gim BDA: Hello Sir,"
""
"Please find below the POC names:"
""
"Delhi: Yash Gaba"
"Mumbai: Shlok Potdar"
"Bangalore: Khushi Dhawan"
"Hyderabad: Aditi Mehta"
"Kolkata: Jayesh Jain"
"Chennai: Tilak Periwal"
"Pune: Sampada Muley"
"Cochin: Sakshi Patil"
""
"Kindly let us know if any other city is to be covered."
"[04/05/26, 08:59:34] GIM Alumni Office: ‎This message was deleted."
"[04/05/26, 09:04:31] GIM Alumni Office: Add Ahmedabad also,"
"[04/05/26, 09:05:32] GIM Alumni Office: And let start with Poll for Chennai, Pune, Cochin and Ahmedabad"
""
"Here we only have to drive with the help of local alumni and GIMAA will support with Funding"
"[04/05/26, 13:07:15] Sampada Gim Sarc: Sure, Sir. ‎<This message was edited>"
"[04/05/26, 13:07:55] Sampada Gim Sarc: Sure Sir, we will do the needful."
"[05/05/26, 12:22:13] Debjyoti Gim BDA: Hello Sir,"
""
"Please find below the final POC names:"
""
"Ahmedabad(Gujarat): Epsha Jaiswal"
"Delhi: Yash Gaba"
"Mumbai: Shlok Potdar"
"Bangalore: Khushi Dhawan"
"Hyderabad: Aditi Mehta"
"Kolkata: Jayesh Jain"
"Chennai: Tilak Periwal"
"Pune: Sampada Muley"
"Cochin: Sakshi Patil ‎<This message was edited>"
"[05/05/26, 12:43:08] GIM Alumni Office: Thank you"
"[05/05/26, 20:06:16] GIM Alumni Office: Please join the following groups"
"[05/05/26, 20:06:40] GIM Alumni Office: https://chat.whatsapp.com/JUEtaCsrCpt23YQkhnY1kD"
"[05/05/26, 20:07:10] GIM Alumni Office: https://chat.whatsapp.com/D9hUzOlX7A6EhXVtL8Bco9"
"[05/05/26, 20:07:31] GIM Alumni Office: https://chat.whatsapp.com/FvW81cwN7nTCtTjTJ93aEW"
"[05/05/26, 20:07:56] GIM Alumni Office: https://chat.whatsapp.com/GJbkSZYxobVLQmgeJbvDOV"
"[05/05/26, 20:08:48] GIM Alumni Office: Respective POC of the cities, please join the group."
"[05/05/26, 20:09:06] GIM Alumni Office: And when are we planning to put a poll on getting interests from other cities alums"
"[05/05/26, 20:14:20] Debjyoti Gim BDA: Hello Sir,"
""
"Would it be possible for the social media team to join as well, along with the POCs? Since they will be handling event promotion creatives, it would be helpful for them to understand the event dynamics and requirements firsthand."
"[05/05/26, 20:14:39] Debjyoti Gim BDA: Sir, it will be posted tomorrow."
"[06/05/26, 07:25:47] GIM Alumni Office: I leave upto you, whoever should be there can join"
"[07/05/26, 08:53:21] GIM Alumni Office: Hello Team"
"[07/05/26, 08:53:33] GIM Alumni Office: Why there is a delay for  this"
"[08/05/26, 08:06:47] GIM Alumni Office: We are taking this up."
""
"No need to post anything in the groups."
"Thanks"
"[08/05/26, 11:03:22] Sampada Gim Sarc: Sir, we sincerely apologise for the oversight on our part and assure you that such lapses will not recur."
""
"We have prepared a draft template to be shared in the city groups, along with a poll to gauge interest in attending the event, and request you to kindly review the same and suggest any modifications you may think are necessary."
"[08/05/26, 11:05:58] Sampada Gim Sarc: Dear All,"
""
"We are currently planning *Imprints 2026* and are excited to create an opportunity for you to reconnect with fellow GIM Alumni, expand your professional network, share your experiences, and strengthen Alumni connections in your city."
""
"Last year, we had plans to host meets in certain cities, and this year we are actively working towards making them happen on a larger scale. As part of this, we are exploring the possibility of hosting an Imprints meet in [City Name]."
""
"We would love to understand your interest and availability for the same. If you would be interested in attending, please do let us know, as this will help us plan better. Further details will be shared soon."
""
"Regards,"
"S.A.R.C."
"[08/05/26, 11:19:04] Sampada Gim Sarc: ‎POLL:"
"Interested in attending (city name) Imprints 2026?"
"‎OPTION: Yes (0 votes)"
"‎OPTION: No (0 votes)"
"‎OPTION: Maybe (0 votes)"
"[09/05/26, 20:57:00] GIM Alumni Office: Hi team,"
""
"Let's start the announcement with coming soon thing for Imprints."
""
"Mumbai seems to be happening a little early so we should now start the promotion to get traction on Imprints"
"[09/05/26, 21:00:21] Sampada Gim Sarc: Sure, Sir."
"[09/05/26, 21:01:23] GIM Alumni Office: Try by tomorrow EOD, it will help as it's Sunday"
"[09/05/26, 21:02:32] GIM Alumni Office: @⁨Sakshi Patil Gim Sarc⁩ , can we connect, this is regarding Cochin."
""
"We have some response and let's build on that, we have to strategies and take this year as an opportunity to get Cochin Imprints."
"[09/05/26, 21:03:23] GIM Alumni Office: @⁨Sampada Gim Sarc⁩ , we have good response in Pune, so let's connect for that and get going"
"[09/05/26, 21:08:45] Sakshi Patil Gim Sarc: Sure, Sir."
"[09/05/26, 21:57:54] Sampada Gim Sarc: Sure, Sir."
"Let me know when I can call you about the same."
"[09/05/26, 22:20:41] GIM Alumni Office: Tomorrow between 8-10 or after 3 pm"
"[09/05/26, 22:32:04] Sampada Gim Sarc: Okay Sir, I will call you after 3 PM tomorrow."
"[10/05/26, 14:53:33] Shlok Potdar: Hello Sir,"
"We are planning to post this in both the Mumbai chapters today at 5 PM."
"We wanted to check with you if any changes are required in the event credits part."
"‎[10/05/26, 14:54:25] Shlok Potdar: Dear All,"
""
"*Imprints 2026*, the annual city meetup for the Alumni is set to arrive in Mumbai very very soon."
""
"Powered by GIMAA and brought together with the support of the Alumni Office and S.A.R.C. , this evening will be all about reconnecting, networking, sharing stories, and celebrating the ever growing GIM community in the city."
""
"For our newest Alumni members, this is your chance to become part of the larger GIM legacy beyond campus life. From meeting seniors across industries to building lifelong professional and personal connections, Imprints is where our GIM family comes alive."
""
"Coming Soon."
"Mumbai Edition."
""
"Save the excitement, details dropping shortly!"
""
"Regards,"
"S.A.R.C. ‎image omitted"
"[10/05/26, 16:59:58] GIM Alumni Office: It's a property of GIMAA, you think powered by will go good"
"[10/05/26, 17:00:59] GIM Alumni Office: Let me take this through EC members once,"
""
"Apart from that, everything looks good."
""
"Just one suggestion,"
""
"Start having a subject line in the starting of message so that it shares the intent of the message"
"[10/05/26, 21:41:15] Shlok Potdar: Yes sir which is why we wanted to run it though you once."
"[10/05/26, 21:42:38] Shlok Potdar: Okay sir please let us know if EC is suggesting any changes."
"[10/05/26, 21:42:55] Shlok Potdar: *Imprints 2026 Mumbai Edition is Coming Soon*"
""
"Dear All,"
""
"*Imprints 2026*, the annual city meetup for the Alumni is set to arrive in Mumbai very very soon."
""
"Powered by GIMAA and brought together with the support of the Alumni Office and S.A.R.C. , this evening will be all about reconnecting, networking, sharing stories, and celebrating the ever growing GIM community in the city."
""
"For our newest Alumni members, this is your chance to become part of the larger GIM legacy beyond campus life. From meeting seniors across industries to building lifelong professional and personal connections, Imprints is where our GIM family comes alive."
""
"Coming Soon."
"Mumbai Edition."
""
"Save the excitement, details dropping shortly!"
""
"Regards,"
"S.A.R.C."
"[11/05/26, 12:43:12] GIM Alumni Office: @⁨Shlok Potdar⁩ , You can go ahead with exact deisgn and message."
"Post it n the Mumbai Group by EOD and also same poster with City change in"
""
"Delhi, Hyderabad, Bangalore also"
""
"@⁨Yash Gaba Gim Sarc⁩ , @⁨Khushi Dhawan Gim Sarc⁩ @aditi"
"[11/05/26, 14:04:42] Shlok Potdar: Sure, Sir."
""
"We will do the needful for both the Mumbai chapters today."
""
"Kindly allow us 1-2 days for other chapters, since making new creatives will take some more time. ‎<This message was edited>"
"[12/05/26, 09:12:14] GIM Alumni Office: @⁨Sakshi Patil Gim Sarc⁩, @tilak @epsha , Lets close this today"
"[12/05/26, 09:13:27] Sakshi Patil Gim Sarc: Sure, Sir. I can call you after 5pm. Feel free to suggest any other time according to your convenience."
"[12/05/26, 09:13:50] GIM Alumni Office: call me after 5:30"
"[12/05/26, 09:14:10] Sakshi Patil Gim Sarc: Okay sir."
"[12/05/26, 12:54:41] GIM Alumni Office: Hi Amit..Trust you are doing well. Can you add me back to the GIM UAE group ? Thanks"
"[12/05/26, 12:55:01] GIM Alumni Office: Message from Murali Sathya, GIMAA President, Class of 1998."
""
"Please do the needful"
"[12/05/26, 14:15:25] GIM Alumni Office: Dear team,"
""
"This alum wants to shift from Pune group to Goa Group,"
""
"Please do the needful"
""
"Name - Akshay Bhandari"
"Graduation Year - 2015"
"Linkedin Profile link - https://www.linkedin.com/in/akshay-bhandari-1b214761?utm_source=share_via&utm_content=profile&utm_medium=member_android"
"[12/05/26, 14:17:44] Yash Gaba Gim Sarc: Sure Sir, we will do the needful."
"[12/05/26, 14:47:05] Mansi Mishra Gim Sarc: Sir, we have added the Alumnus to the Goa Chapter."
"[12/05/26, 16:12:55] GIM Alumni Office: Thanks Mansi and Yash for your quick action"
"[12/05/26, 16:13:31] Mansi Mishra Gim Sarc: You are welcome, Sir."
"[12/05/26, 20:22:34] GIM Alumni Office: @⁨Sakshi Patil Gim Sarc⁩ , are we connecting today?"
"[12/05/26, 20:23:10] Sakshi Patil Gim Sarc: I just got free sir, can I call you now?"
"[12/05/26, 20:23:21] GIM Alumni Office: Yeah please"
"[13/05/26, 16:12:44] GIM Alumni Office: Dear Team,"
""
"Please add Murali sir(GIMAA President) in the Pune Group, He wants to look at the alumni replies around Pune Imprints"
""
"Use this number 9845543955.. ‎<This message was edited>"
"[13/05/26, 16:34:38] Sampada Gim Sarc: Sure, Sir."
"[13/05/26, 16:35:37] Sampada Gim Sarc: Sir, he has been added to the Pune Chapter."
"[14/05/26, 10:58:54] GIM Alumni Office: @⁨Sampada Gim Sarc⁩ hi Sampada, after your message, the poll participation has increased."
""
"Did we start the calling ?"
"[14/05/26, 11:29:48] Sampada Gim Sarc: Yes Sir, now we have 17 interested Alumni, we may start with calling but before that we wanted to confirm about the location. We can give Baner/Hinjewadi or Kharadi/Viman nagar as options as Hinjewadi and Kharadi are the two IT parks in Pune and mostly Alumni will be staying near to these areas. Please suggest your thoughts."
"[14/05/26, 12:18:24] Sampada Gim Sarc: Also Sir, as discussed earlier in the meeting we won't be able to do the calling because of the busy internship schedule, we will surely do all the social media promotions for Imprints and we have already started on it."
"[14/05/26, 13:41:46] GIM Alumni Office: @⁨Sampada Gim Sarc⁩ i dont know about locations of Pune."
""
"We have 2 alums who have taken interest for organizing, so instead of calling all, may be you should call these 2 alums and involve them with organising and discussing the location and all"
"[14/05/26, 18:58:14] Sampada Gim Sarc: Sure Sir, we will do the needful."
"[14/05/26, 19:03:22] GIM Alumni Office: What is the status with Cochin"
""
"@⁨Sakshi Patil Gim Sarc⁩ ?"
"[14/05/26, 19:23:19] GIM Alumni Office: Additionally, who takes care of the monthly report?"
""
"Why was it delayed this time?"
"[14/05/26, 20:08:14] Sakshi Patil Gim Sarc: Sir, I will post the message tomorrow morning. ‎<This message was edited>"
"[14/05/26, 20:10:26] GIM Alumni Office: Speed up Sakshi, if you are facing any issue feel free to share."
"[14/05/26, 20:18:07] Sakshi Patil Gim Sarc: Sir, I have posted the message right now, let's hope to get more votes in the poll."
"[14/05/26, 20:20:02] GIM Alumni Office: Great"
"[15/05/26, 20:56:14] GIM Alumni Office: Dear Team,"
""
"Request from Murali sir to be added in the Delhi groups"
"[15/05/26, 21:35:13] Yash Gaba Gim Sarc: Hello Sir,"
""
"Apologies for the delay in sending the report this month."
"Jayesh and I take care of the report and we had our SIP Mid Review at our respective organisations and at the college as well."
""
"We’ll be mindful of the deadline going forward."
"[17/05/26, 15:22:06] Shlok Potdar: ‎GIM Alumni Office pinned a message"
"[18/05/26, 18:19:16] GIM Alumni Office: @⁨Sampada Gim Sarc⁩,"
""
"What is the status of Pune meet, where we stand."
""
"@⁨Sakshi Patil Gim Sarc⁩ what about Cochin"
"[18/05/26, 18:19:36] GIM Alumni Office: @⁨Epsha Jaiswal GIM Sarc⁩ , let's connect for Ahemdabad meet"
"[18/05/26, 18:23:01] Sampada Gim Sarc: Sir, texted Ketan sir but didn't receive any reply yet. We can finalize the venue in Baner if that's okay with you."
"[18/05/26, 18:25:07] GIM Alumni Office: I am fine Sampada If you think the location is good."
""
"But we need few alums on board to drive this."
"[18/05/26, 18:31:46] GIM Alumni Office: Let me connect with Ketan sir"
"[18/05/26, 18:35:56] Sakshi Patil Gim Sarc: Sir, can you let me know once the calling is done so I will proceed further."
"[18/05/26, 18:53:32] Sampada Gim Sarc: Okay Sir"
"[18/05/26, 19:30:58] GIM Alumni Office: Calling?"
"[18/05/26, 19:54:28] Sakshi Patil Gim Sarc: Sir, we won't be able to do the calling as the last 2 weeks of our internships are extremely hectic."
"[18/05/26, 20:19:24] GIM Alumni Office: No one is calling Sakshi, we will have to go with Whatsapp messages only."
""
"Are you referring to calling these 4 alums"
"[18/05/26, 20:19:25] GIM Alumni Office: ?"
"[18/05/26, 20:22:21] Sakshi Patil Gim Sarc: Okay sir understood. I will proceed with texting these 4 Alumni then."
"[18/05/26, 20:29:00] GIM Alumni Office: We can connect with these 4 alums over call no."
""
"Calling a large number of alums will be hectic, can't we connect with these alums."
"[19/05/26, 10:29:26] GIM Alumni Office: Dear Team,"
""
"Post scheduled at 12 in all the city groups"
"[19/05/26, 10:42:53] Aditi Mehta Gim Sarc: You can go ahead, Sir."
""
"We do not have anything planned today at the mentioned timings."
"‎[19/05/26, 11:03:35] Sakshi Patil Gim Sarc: ‎Contact card omitted"
"[19/05/26, 11:04:20] Sakshi Patil Gim Sarc: Hello @⁨GIM Alumni Office⁩ sir,"
"This Alumni has decided to stay in the current Bangalore Chapter, hence not adding him to Cochin."
"[19/05/26, 11:11:04] GIM Alumni Office: Sure"
"[19/05/26, 11:11:25] GIM Alumni Office: Inform the alum i over DM, who posted his number in the group"
"[19/05/26, 11:12:30] Sakshi Patil Gim Sarc: Sure, sir."
"[19/05/26, 19:58:10] GIM Alumni Office: Hi!"
"Isha Matkar here, GIM batch 2023-2025."
""
"I have recently been transferred to Bangalore... and wanted to get added in the Bangalore alumni group."
""
"Currently i am in the Goa Chapter."
"[19/05/26, 19:58:10] GIM Alumni Office: https://www.linkedin.com/in/ishamatkar?utm_source=share&utm_campaign=share_via&utm_content=profile&utm_medium=android_app"
"[19/05/26, 19:58:58] GIM Alumni Office: 7022009547"
"[19/05/26, 20:00:49] GIM Alumni Office: Dear Team,"
""
"Please do the needful"
"[20/05/26, 07:29:26] GIM Alumni Office: GM - Please add me back to the Chennai Group. you can add 9986066632"
"[20/05/26, 07:29:36] GIM Alumni Office: Message from Murali sir,"
"[20/05/26, 09:05:55] GIM Alumni Office: @⁨Sakshi Patil Gim Sarc⁩, what is the update on this."
"[20/05/26, 09:05:57] GIM Alumni Office: ?"
"[20/05/26, 09:06:45] GIM Alumni Office: @⁨Sampada Gim Sarc⁩, let's connect today to close Pune meet."
"[20/05/26, 09:09:27] Sakshi Patil Gim Sarc: Good morning @⁨GIM Alumni Office⁩ sir,"
"I have messaged Amal yesterday, asking for venue and suggestions since he is the most active one. I will let you know what he replies. And we can see what people reply to your message on the group also."
"[20/05/26, 09:14:55] GIM Alumni Office: We have to be proactive Sakshi, Group has never replied niether we should be expecting that."
"Its our responsibility that we drive and close this."
""
"I am understanding that you are facing issue or hesitant in driving this."
"Please let me know if so, days are passing and i receive replies only when i ask for it"
""
"You can choose to just drive the registration and creatives just like other cities and alumni office will take up the coordination with alumni."
"[20/05/26, 09:16:09] GIM Alumni Office: Discuss among yourself and share it with me by tomorrow EOD for other cities also that"
""
"These City you will drive end to end, These cities you will drive with certain responsibilities."
"[20/05/26, 09:16:28] GIM Alumni Office: Lets be in agreement and loop for the event"
"[20/05/26, 09:26:18] Sakshi Patil Gim Sarc: Sir, I understand this."
"With the last phase of internship going on the schedule is very stressful and hectic."
"Nevertheless, I am dedicating all the time that I get after work as I want Cochin chapter imprints to be started this year."
"I will put up a poll for dates on the group. However, I wont be able to call the Alumni sir, but I can connect with them over WhatsApp."
"Also we will discuss and let you know about other cities as well. ‎<This message was edited>"
"[20/05/26, 09:33:51] GIM Alumni Office: The expectation of driving Imprints is coming from what your seniors have done in past, not just the immediate but also the entire SARC community."
""
"Nevertheless, I understand that this is hectic and you guys can efficiently take up the creatives and registration thing, let me connect with alumni on call and get the ground work done."
""
"Your studies are certainly more important, but learn to inform on time so that things remain in control. ‎<This message was edited>"
"[20/05/26, 09:35:28] Sakshi Patil Gim Sarc: Okay sir, I will also keep you updated regarding any advances from Amal and other alumni for Cochin meet."
"[20/05/26, 11:17:23] Sampada Gim Sarc: Sure, Sir."
"Please let me know what time is feasible for you to connect."
"[20/05/26, 11:17:54] GIM Alumni Office: We can connect now, or if it's later than message and call"
"[20/05/26, 11:18:33] GIM Alumni Office: Add him in th Hyd group also"
"[20/05/26, 11:18:39] Sampada Gim Sarc: I'll call you, Sir."
"[20/05/26, 17:12:16] Epsha Jaiswal GIM Sarc: Hello @⁨GIM Alumni Office⁩ Sir,"
""
"For Gujarat Imprints,I connected with all the interested Alumni. They are available during the 3rd week of June, and Rohan Saraf is willing to help us with the organization. All of them are based out of Ahmedabad."
"[20/05/26, 17:28:48] GIM Alumni Office: Perfect, Rohan Saraf is very supportive alumni and if he is there than we can have some confidence"
"[20/05/26, 17:32:48] GIM Alumni Office: @⁨Sampada Gim Sarc⁩ I am connecting with Chaitanya in the evening for discussing Pune meet after that we will discuss and announce the date as 13th June for Pune Imprints"
"[20/05/26, 18:18:52] Sampada Gim Sarc: Sure, Sir."
"[20/05/26, 19:11:57] GIM Alumni Office: @⁨Sampada Gim Sarc⁩ , it's final,"
""
"Chaitanya is from 2026 graduation year and onboard to drive the event."
""
"Let's make a WhatsApp group with these alums and start looking for location"
"[20/05/26, 19:12:03] GIM Alumni Office: 13th June is final"
"[20/05/26, 19:14:11] Sampada Gim Sarc: Sure, Sir."
"I'll make the group and will add you."
"[20/05/26, 20:50:01] GIM Alumni Office: Hello @⁨Sakshi Patil Gim Sarc⁩ ,"
""
"I spoke to Amal and he seems to be driving the event already as he has already spoke to 10+ alums in the city and very enthusiastic to organise the meet."
""
"Let's make a WhatsApp group with him, he is in loop for this and he will get few more alums to join this group for help"
"[20/05/26, 20:57:07] Sakshi Patil Gim Sarc: Okay Sir. I will make the group."
"[25/05/26, 09:14:17] GIM Alumni Office: Hello Team,"
""
"Please get this done"
"[26/05/26, 07:24:05] GIM Alumni Office: Dear Team"
""
"What is the issue in this?"
"[26/05/26, 10:43:09] Sampada Gim Sarc: Sir, he has been added to the Chennai Group."
"[28/05/26, 16:13:33] GIM Alumni Office: Dear Team,"
""
"Please Add manas who is our EC Member in Mumbai and Goa Group as he wants to drive initiatives on behalf of GIMAA there"
""
"+91 91587 50210"
""
"https://www.linkedin.com/in/manas-singh/"
"[28/05/26, 16:13:43] GIM Alumni Office: Please trat this urgent"
"[28/05/26, 16:20:33] GIM Alumni Office: Also there is one alum who wants to be added in the UAE Group and graduate of this year batch only."
""
"Name Pranav Gaganan"
"Graduation Year 2026"
"+91 6282 331 625"
""
"Please process this also"
"[28/05/26, 16:22:20] Yash Gaba Gim Sarc: Sir, we have added Manas Sir to the Mumbai and Goa groups."
"[28/05/26, 16:24:49] Yash Gaba Gim Sarc: Sure Sir, we will do the needful."
"[29/05/26, 09:27:56] GIM Alumni Office: Can the Admin of UAE please check into this, Its urgent"
"[29/05/26, 14:31:52] Yash Gaba Gim Sarc: Sir, we have added the Alumnus to the UAE Chapter."
"[29/05/26, 15:22:59] GIM Alumni Office: Hi @⁨Debjyoti Gim BDA⁩ ,"
""
"Please share the form with me"
"[30/05/26, 09:59:23] GIM Alumni Office: Hello @⁨Yash Gaba Gim Sarc⁩ ,"
""
"Delhi is on, get ready with these 2 posts"
""
"Venue reveal"
""
"-  ibis Gurgaon Golf Course Road"
"- registration form same as what I sent over email"
"[30/05/26, 10:01:04] GIM Alumni Office: @⁨Aditi Mehta Gim Sarc⁩"
""
"Hyderabad is also done"
"Same 2 post for Hyderabad also"
""
"- Over the Moon, Gachibowli"
"- and th form with 10 as upper cap for recent grads"
"[30/05/26, 10:12:56] Yash Gaba Gim Sarc: Sure, Sir."
"[31/05/26, 11:54:05] GIM Alumni Office: Hi Guys"
"[31/05/26, 11:54:16] GIM Alumni Office: What is the status of form, Hope we are launching today"
"[31/05/26, 11:54:27] GIM Alumni Office: Before that we would like to see"
"[31/05/26, 16:30:42] GIM Alumni Office: You can add this number 9986066632"
"[31/05/26, 16:30:55] GIM Alumni Office: Please add Murali sir in Goa group and Mumbai 1 group ‎<This message was edited>"
"[31/05/26, 17:32:02] Mansi Mishra Gim Sarc: Sir, we have added him to both the chapters."
"[31/05/26, 21:30:19] GIM Alumni Office: Dear Team,"
""
"This alum wants to shift to Hyderabad group from Pune group, please do the needful"
""
"Name - Soham Kalgaonkar"
"2026 passout"
"+91 83089 62721"
"[31/05/26, 23:38:03] Debjyoti Gim BDA: Sure Sir, we will do the needful."
"[01/06/26, 10:18:20] GIM Alumni Office: Dear Team,"
""
"Kindly share the viewing rights of the hyd and delhi registration form response sheet."
"[01/06/26, 10:36:30] Jayesh Gim Sarc: Hello Sir,"
""
"Please find below the links to the response sheets for the Delhi and Hyderabad Registration forms."
""
"Delhi (Class of 2026):"
"https://docs.google.com/spreadsheets/d/1hkpaBiyjMjQXgDNUKZ2DYZNHnCqC_eLhTHxOChRhucY/edit?usp=sharing"
"Delhi: https://docs.google.com/spreadsheets/d/1Hce_WDV_fj_mYjTUoHAybpcN8Wm4WFxqSbBU3yL_kVo/edit?usp=sharing"
""
"Hyderabad (Class of 2026): https://docs.google.com/spreadsheets/d/1P5cztbxdfc43FyehTOWlXUAXuJFfwJHeSWOzCjQlbMo/edit?usp=sharing"
"Hyderabad: https://docs.google.com/spreadsheets/d/1xz_VnNqyjRCnHP9nuE7rxqrA8COFgbO_d2gUI1I9oNw/edit?usp=sharing"
"[01/06/26, 10:53:35] GIM Alumni Office: Share the main one also, This is for 2026"
"[01/06/26, 11:53:16] Jayesh Gim Sarc: Sure, Sir."
""
"Please find below the response sheets for the Delhi and Hyderabad registration forms for General Registration and 2026 Batch Registration:"
""
"Delhi"
""
"- Class of 2026: https://docs.google.com/spreadsheets/d/1hkpaBiyjMjQXgDNUKZ2DYZNHnCqC_eLhTHxOChRhucY/edit?usp=sharing"
""
"- General Registration: https://docs.google.com/spreadsheets/d/1Hce_WDV_fj_mYjTUoHAybpcN8Wm4WFxqSbBU3yL_kVo/edit?usp=sharing"
""
"Hyderabad"
""
"- Class of 2026: https://docs.google.com/spreadsheets/d/1P5cztbxdfc43FyehTOWlXUAXuJFfwJHeSWOzCjQlbMo/edit?usp=sharing"
""
"- General Registration: https://docs.google.com/spreadsheets/d/1xz_VnNqyjRCnHP9nuE7rxqrA8COFgbO_d2gUI1I9oNw/edit?usp=sharing"
"[01/06/26, 11:53:37] Shlok Potdar: ‎GIM Alumni Office pinned a message"
"[01/06/26, 16:17:00] GIM Alumni Office: Hi!"
"Isha Matkar here, GIM batch 2023-2025."
""
"I have recently been transferred to Bangalore... and wanted to get added in the Bangalore alumni group."
""
"Currently i am in the Goa Chapter."
"[01/06/26, 16:17:00] GIM Alumni Office: https://www.linkedin.com/in/ishamatkar?utm_source=share&utm_campaign=share_via&utm_content=profile&utm_medium=android_app"
"[01/06/26, 16:17:16] GIM Alumni Office: +91 70220 09547"
"[01/06/26, 16:17:26] GIM Alumni Office: Dear Team,"
""
"Please do the needful"
"[01/06/26, 21:34:05] GIM Alumni Office: Team, please process this request"
"[02/06/26, 09:04:00] GIM Alumni Office: Dear Team,"
""
"Please process this as this is urgent"
"[02/06/26, 09:04:31] GIM Alumni Office: Also what is the plan of posting promotions for registrations in Hyd and Delhi."
""
"Like Schedule?"
"[02/06/26, 10:06:50] GIM Alumni Office: This alum in Delhi group"
""
"Shrey anand"
"2026"
"9872202630"
"[02/06/26, 10:14:38] Sakshi Patil Gim Sarc: This alumni has been added."
"[02/06/26, 12:29:53] Ishita Vyas Gim Bda Sarc: The Alumna has been added. ‎<This message was edited>"
"[03/06/26, 09:22:41] GIM Alumni Office: Delhi POC,"
""
"Please the group and respond to the alums queries, now pending for more than a day"
"[03/06/26, 09:28:31] GIM Alumni Office: and one of my post scheduled at 12PM"
"[03/06/26, 13:53:33] GIM Alumni Office: @⁨Yash Gaba Gim Sarc⁩ , Please check Delhi group and respond to alums"
"[03/06/26, 14:33:30] Yash Gaba Gim Sarc: We have addressed the queries, Sir. I was not a part of the Delhi groups earlier, I have been added to them now and will address all the future queries as and when they come."
"[03/06/26, 14:37:50] GIM Alumni Office: Ok"
"[04/06/26, 16:53:18] Yash Gaba Gim Sarc: Hello @⁨GIM Alumni Office⁩ Sir,"
""
"We are planning to post the promotional messages for Delhi and Hyderabad Imprints at 8 PM, today."
""
"We just wanted to confirm if you have anything scheduled from your end at the same time."
"[04/06/26, 16:54:13] GIM Alumni Office: Evening are blocked for Imprints posts guys, please go ahead"
"[04/06/26, 16:54:48] Yash Gaba Gim Sarc: Sure, Sir."
"[04/06/26, 20:33:04] GIM Alumni Office: Are we posting?"
"[04/06/26, 21:35:03] GIM Alumni Office: @⁨Aditi Mehta Gim Sarc⁩ , Urgent attention required in Hyd group."
""
"Please check and respond"
"[04/06/26, 22:01:35] Aditi Mehta Gim Sarc: We have responded on the group, Sir."
"[04/06/26, 22:27:33] GIM Alumni Office: Great"
"[05/06/26, 14:12:38] Yash Gaba Gim Sarc: Hey thanks for sharing this, can the Delhi imprints happen in Delhi next time? It's a chore travelling from rets of ncr like noida etc"
"[05/06/26, 14:13:25] Yash Gaba Gim Sarc: Hello @⁨GIM Alumni Office⁩ Sir,"
""
"I have received this DM from an Alumna from the Delhi Chapter 2."
"[05/06/26, 14:17:02] GIM Alumni Office: You can say, we have noted your feedback and will surely share the same with the committee to shift the venue to Delhi or somewhere central for alum in Noida"
"[05/06/26, 14:17:56] Yash Gaba Gim Sarc: Sure, Sir."
"[05/06/26, 14:53:11] GIM Alumni Office: Booking for Bangalore Imprints is done,"
""
"Please start the registration,"
""
"Share the registration form  for taking feedabacks from Naveen and Murali sir also please"
"[05/06/26, 14:53:48] GIM Alumni Office: @⁨Khushi Dhawan Gim Sarc⁩ , For your action please"
"[05/06/26, 16:56:57] Khushi Dhawan Gim Sarc: Sure Sir,"
""
"We are working on it. Will share the form shortly."
"[05/06/26, 20:03:35] GIM Alumni Office: Dear Team,"
""
"Please add this alum in Bangalore Chapter"
""
"Name: Ramachandra M S"
"Graduation Year: PGDM 2010-12"
"Whatsapp Number: +91 9482807042"
"Linkedin Link:https://www.linkedin.com/in/ramachandra-m-s-58a45223?utm_source=share_via&utm_content=profile&utm_medium=member_ios"
"[06/06/26, 12:53:53] GIM Alumni Office: Hi Hi @⁨Khushi Dhawan Gim Sarc⁩ , What is the update on Bangalore Form?"
"[06/06/26, 17:35:49] Khushi Dhawan Gim Sarc: There are still few things we need clarification on. Once we have that, we will share the form."
"[06/06/26, 19:24:26] GIM Alumni Office: @⁨Aditi Mehta Gim Sarc⁩ ,"
""
"Please post the Hyd post today little early, the organisers have planned some candid chats after that to promote registrations"
"[06/06/26, 21:20:27] Aditi Mehta Gim Sarc: Sure, Sir."
"[07/06/26, 09:51:08] GIM Alumni Office: Hello @⁨Aditi Mehta Gim Sarc⁩,"
""
"I see that the hyd Imprints post was not posted yesterday, any issue?"
"[07/06/26, 20:30:38] GIM Alumni Office: Hi team,"
""
"Please add Raj Nunes in Goa group."
""
"https://www.linkedin.com/in/nunesrajrichard?utm_source=share_via&utm_content=profile&utm_medium=member_android"
""
"+91 90493 28048"
"[07/06/26, 21:45:45] Yash Gaba Gim Sarc: Hello Sir,"
""
"Apologies for the delay on this. Aditi is not keeping well and is in the hospital for a couple of days due a bad viral infection. We got to know about the same today."
""
"We have added Sakshi in the Hyderabad group to drive the promotions. We have all the posters ready and will be posting them as planned."
"[07/06/26, 21:45:53] Mansi Mishra Gim Sarc: Sure, Sir."
"[07/06/26, 21:46:04] Yash Gaba Gim Sarc: Sure, Sir. We will add the Alumnus tomorrow morning."
"[07/06/26, 21:46:39] GIM Alumni Office: Ohh,"
""
"Please ask her to take care from our side. Hope nothing serious."
"[07/06/26, 21:53:56] GIM Alumni Office: Just give me a call once @⁨Yash Gaba Gim Sarc⁩"
"[07/06/26, 21:56:47] Yash Gaba Gim Sarc: Sure, Sir."
"[07/06/26, 22:01:05] GIM Alumni Office: Th admins of hyd group"
"[07/06/26, 22:01:21] GIM Alumni Office: Please pin the registration form in the group till the event"
"[07/06/26, 22:01:52] Debjyoti Gim BDA: Sure, Sir."
"[09/06/26, 10:14:44] GIM Alumni Office: Dear team<<"
"Add murali sir's numbers as per the below given details"
""
"Hyd  and Chennai Chapter on 9986066632 mobile Number. Kolkatta Chapter on 9845543955"
"[09/06/26, 10:21:51] GIM Alumni Office: Hi Team,"
""
"Who is the POC for Goa?"
"[09/06/26, 10:28:15] Sakshi Patil Gim Sarc: Hello Sir,"
""
"Mansi is POC for Goa."
"[09/06/26, 10:40:17] GIM Alumni Office: Hi @⁨Mansi Mishra Gim Sarc⁩ , Adding you in the Goa Organbising Group"
"[09/06/26, 10:47:19] Mansi Mishra Gim Sarc: Sure, Sir."
"[09/06/26, 10:56:26] GIM Alumni Office: Dear Team,"
""
"You have to gear up with the posts for Imprints,"
""
"It should be every 2 days, We have almost nill registration, Generally SARC post it every alternative day or else we will have to cancel the event with these low count."
"Please let me know if you are facing any issue in doing so, EVent is annual and very important"
"[09/06/26, 12:41:42] Yash Gaba Gim Sarc: Hello Sir,"
""
"We have the posters ready for 3, 2 and 1 day to go, we will also be promoting Imprints through a post today. We wanted to confirm a few things with you before starting-"
""
"1. For Hyderabad Imprints, should we extend the registration deadline to 12th April EOD?"
"2. ⁠Should we also mention about walk-in registrations? ‎<This message was edited>"
"[09/06/26, 13:50:44] GIM Alumni Office: Hello Yash,"
""
"Please schedule the posts on alternate days. If you're running short of new ideas, you can repeat some of the earlier posters after a reasonable gap."
""
"For the other queries:"
""
"- Yes, you can extend the registration deadline, but only until 2 PM, as we need to confirm the final count with the venue. You can also mention that registrations after the form closes or on the event day will be charged at ₹2,800 per person to create some urgency."
"- Yes, walk-in registrations will be allowed at a higher rate. The on-the-spot registration fee will be ₹2,800 per person."
""
"The same applies to the Delhi event as well. ‎<This message was edited>"
"[09/06/26, 13:51:25] GIM Alumni Office: Also as you are ther in the Delhi Volunteer group, always post the same announcement in the Delhi Volunteer group also"
"[09/06/26, 16:32:55] Yash Gaba Gim Sarc: Sure, Sir. We will do the needful today after 7 PM."
"[09/06/26, 16:33:03] Yash Gaba Gim Sarc: Sure, Sir."
"[09/06/26, 19:31:27] GIM Alumni Office: @⁨Khushi Dhawan Gim Sarc⁩ , you have a go ahead on Bangalore registration form"
"[09/06/26, 19:31:41] GIM Alumni Office: Please proceed with the announcement"
"[09/06/26, 19:33:01] Khushi Dhawan Gim Sarc: Sure, Sir."
""
"Since we posted about Hyderabad imprints right now, I will send Bangalore imprints message tomorrow."
"‎[09/06/26, 21:47:59] Sakshi Patil Gim Sarc: Hello @⁨GIM Alumni Office⁩ sir,"
"What should I reply? ‎image omitted"
"[09/06/26, 21:48:34] GIM Alumni Office: Yes, guests are allowed"
"[09/06/26, 21:49:14] GIM Alumni Office: And the payment will be for all 4 as the booking is as per attendees with all the arrangements common to avail"
"[09/06/26, 21:49:33] Sakshi Patil Gim Sarc: Okay I will let her know. Thank you sir."
"[10/06/26, 12:09:51] Sampada Gim Sarc: Hello @⁨GIM Alumni Office⁩ Sir,"
""
"We wanted to bring to your notice that we received a message from Murali Sir yesterday advising us not to circulate job descriptions in city groups until 20th June, and to focus on Imprints instead; however circulating job descriptions is one of the core responsibilities of SARC and pausing this may impact work, so could you please guide us on how to proceed with this? ‎<This message was edited>"
"[10/06/26, 12:15:38] GIM Alumni Office: I understand that this is because of getting traction on the Imprints for registration, and we have been doing it since last 2 years as per my knowledge."
""
"However stopping it for all the cities will certainly affect the work and alumni expectations who are sharing the opportunities."
""
"Let me get back on this"
"[10/06/26, 12:18:55] Sampada Gim Sarc: Sure Sir, we already have one or two requests from Alumni to share job descriptions and putting it on hold may affect us negatively."
"[10/06/26, 13:18:56] GIM Alumni Office: Understood"
"[10/06/26, 13:19:01] GIM Alumni Office: Will raise it with EC"
"[10/06/26, 14:52:17] GIM Alumni Office: Dear Team,"
""
"I spoke with Murali Sir, and we agreed on the following to support Imprints registrations at the same tim,e the Job opportunities posts:"
""
"* Only Imprints-related posts should be shared in the Hyderabad and Delhi groups until the events are over."
"* Job posts in the Bangalore group should be paused from **20th June to 27th June** (event day)."
"* For all other cities, job posts should be paused **one week before the Imprints event date**."
"* In the remaining city groups, job opportunities can continue to be shared as usual."
""
"Please inform the alumni who share opportunities with you. This decision has been taken by GIMAA to support our flagship alumni event."
""
"If any alumnus has questions or concerns, you can take that case to me or Murali Sir"
"‎[10/06/26, 16:34:59] Aditi Mehta Gim Sarc: Hello @⁨GIM Alumni Office⁩ Sir,"
""
"How should we proceed by responding to this query? ‎image omitted"
"[10/06/26, 16:51:44] GIM Alumni Office: This is for which Hyderabad?"
"[10/06/26, 17:29:41] Aditi Mehta Gim Sarc: Yes, sir."
"[10/06/26, 20:59:26] GIM Alumni Office: You can say, it's having Dinner and beverages,"
""
"In beverages they can expect Beer."
"[11/06/26, 18:22:00] GIM Alumni Office: Hi Guys,"
""
"Sharing a few insights for Imprints promotions."
""
"Please share the posts after 8:30 PM."
""
"This is usually the best time to get engagement and responses. Traditionally, alumni tend to be more active and responsive after 8:30 PM on weekdays."
""
"- For Saturdays, try posting around 12 PM."
""
"- For Sundays, post either in the morning or in the evening."
""
""
"Let's try these timings and see how much traction we can generate."
"[11/06/26, 18:22:27] Mansi Mishra Gim Sarc: Noted, Sir."
"‎[11/06/26, 22:42:20] Shlok Potdar: Hello Sir,"
""
"We would like to understand what the registration amount covers for the Alumni as we are ourselves not very sure of it."
"We will edit the Google form and last day promotional messages accordingly. ‎image omitted"
"[12/06/26, 11:34:06] GIM Alumni Office: We generally don't mention booz in the form Shlok"
"[12/06/26, 12:51:32] Shlok Potdar: Yes Sir,"
"Understood."
"[12/06/26, 14:00:53] GIM Alumni Office: Hi @⁨Shlok Potdar⁩ , hope things are sorted with your travel.."
""
"As this will be your 1st outside college event, don't hesitate to call me and share the details with other members thoroughly after you are back"
"[12/06/26, 14:01:14] GIM Alumni Office: @⁨Yash Gaba Gim Sarc⁩ , we will have to promote Delhi group thoda, please call once"
"[12/06/26, 14:40:14] Shlok Potdar: Yes Sir,"
"Thank you for checking in."
""
"Also, could you please share the contact number of the venue manager? Manas Sir has asked me to check the mic and speaker arrangements at the venue."
"[12/06/26, 14:42:25] GIM Alumni Office: Sure,"
"[12/06/26, 14:42:43] GIM Alumni Office: Please share the final count of registration of Hyd with verification of the amount received"
"[12/06/26, 14:48:34] GIM Alumni Office: I have sent an email to transfer the amount, Kinldy check and please respond by today EOD."
""
"But try to give the final count ASAP, Including Shlok"
"[12/06/26, 15:18:08] Yash Gaba Gim Sarc: Sure, Sir."
"[12/06/26, 15:18:41] Yash Gaba Gim Sarc: Sure, Sir. We will share the list of attendees, including Shlok and transfer the amount."
"[12/06/26, 19:32:11] GIM Alumni Office: Hi team"
"[12/06/26, 19:33:06] GIM Alumni Office: You must have seen the message in the Hyd group."
""
"I have checked with the venue and we can open the registration till tonight."
""
"So please open the registration of Hyderabad till tonight 11:59PM"
"[12/06/26, 19:33:26] GIM Alumni Office: If we get any registration, please share the details with us"
"[12/06/26, 19:34:52] Shlok Potdar: Sure, Sir."
""
"We have opened the registration form and we will notify on the group accordingly."
"[12/06/26, 20:59:28] GIM Alumni Office: Dear Team,"
""
"Please keep updating this message with links and reshare here."
"[12/06/26, 21:02:30] Yash Gaba Gim Sarc: Sir, these links are real-time and will keep on getting updated with new registrations."
"[12/06/26, 21:03:43] GIM Alumni Office: Arey links of other cities registration forms"
"[12/06/26, 21:04:58] Yash Gaba Gim Sarc: Ohh sorry Sir, we will share the same for the other cities as well."
"[12/06/26, 21:11:01] Mansi Mishra Gim Sarc: Sure, Sir."
""
"Please find below the response sheets for the Delhi and Hyderabad registration forms for General Registration and 2026 Batch Registration:"
""
"Delhi"
""
"- Class of 2026: https://docs.google.com/spreadsheets/d/1hkpaBiyjMjQXgDNUKZ2DYZNHnCqC_eLhTHxOChRhucY/edit?usp=sharing"
""
"- General Registration: https://docs.google.com/spreadsheets/d/1Hce_WDV_fj_mYjTUoHAybpcN8Wm4WFxqSbBU3yL_kVo/edit?usp=sharing"
""
"Hyderabad"
""
"- Class of 2026: https://docs.google.com/spreadsheets/d/1P5cztbxdfc43FyehTOWlXUAXuJFfwJHeSWOzCjQlbMo/edit?usp=sharing"
""
"- General Registration: https://docs.google.com/spreadsheets/d/1xz_VnNqyjRCnHP9nuE7rxqrA8COFgbO_d2gUI1I9oNw/edit?usp=sharing"
""
"Goa"
""
"- Class of 2026:"
"https://docs.google.com/spreadsheets/d/1Ax0sBGsW7IbvFhx7FTaJfAQxNjOGeW-aqN6h_FcLuZQ/edit?gid=1491412697#gid=1491412697"
"- General Form: https://docs.google.com/spreadsheets/d/12KjKHelAYN_L6LT-95dg3dFJWVFV1sx2b5yHvOaZZYw/edit?gid=2146471471#gid=2146471471 ‎<This message was edited>"
"[12/06/26, 21:13:45] Khushi Dhawan Gim Sarc: Please find below the response sheets for the Bangalore registration forms for General Registration and 2026 Batch Registration:"
""
"- Class of 2026: https://docs.google.com/spreadsheets/d/1yCJlRFkZ--8EO-b2_iGsMqgYkXQIAXOdUx8bDiAkoIk/edit?usp=sharing"
""
"- General Registration: https://docs.google.com/spreadsheets/d/1YBF2-mQ8_vPoWFXmB4xkyZczEsrMH9CETHNF91dAtFM/edit?usp=sharing"
"[13/06/26, 07:20:56] GIM Alumni Office: @⁨GIM Alumni Office⁩ - Who is the SPOC from SARC for LinkedIn posts? They are not tagging any GIMAA members? How will we repost it ??"
"[13/06/26, 07:20:56] GIM Alumni Office: Also, GIM Alumni Association should be prominently mentioned in the post"
"[13/06/26, 07:21:15] GIM Alumni Office: Message from Murali Sir👆"
"[13/06/26, 07:21:24] GIM Alumni Office: Can we edit the posts"
"[13/06/26, 13:46:52] GIM Alumni Office: What is the final count for Hyderabad?"
"[13/06/26, 14:22:04] Shlok Potdar: Sir we got 5 new registrations after reopening."
"The final count is now 34 including Me, Murali Sir and Sneha ma'am."
"[13/06/26, 14:31:50] GIM Alumni Office: Ohk"
"[13/06/26, 14:32:24] GIM Alumni Office: The social media POC please call."
""
"Have to discuss some urgent thing"
"[13/06/26, 16:09:58] GIM Alumni Office: After the Hyd meet is done, you should plan the post that can be, Hyderabad is done now we are coming to Delhi"
"[13/06/26, 16:16:42] Ishita Vyas Gim Bda Sarc: Sure Sir."
"[13/06/26, 17:17:13] Ishita Vyas Gim Bda Sarc: Hello Sir,"
""
"The Linkedin posts have been updated. We have made sure that all EC members are tagged and GIMAA is mentioned prominently."
"[13/06/26, 20:26:15] Mansi Mishra Gim Sarc: @⁨GIM Alumni Office⁩ Sir, you will find the Goa response sheet link here."
"[13/06/26, 20:26:49] GIM Alumni Office: I see ponly hyd and delhi in this"
"[13/06/26, 20:29:06] Mansi Mishra Gim Sarc: Batch 2026: https://docs.google.com/spreadsheets/d/1Ax0sBGsW7IbvFhx7FTaJfAQxNjOGeW-aqN6h_FcLuZQ/edit?gid=1491412697#gid=1491412697"
""
"General: https://docs.google.com/spreadsheets/d/12KjKHelAYN_L6LT-95dg3dFJWVFV1sx2b5yHvOaZZYw/edit?gid=2146471471#gid=2146471471"
"[13/06/26, 21:20:18] GIM Alumni Office: Check out Smit Ghelani’s profile on LinkedIn https://in.linkedin.com/in/smit-ghelani-6271b248"
"[13/06/26, 21:20:18] GIM Alumni Office: +91 95459 01899"
"[13/06/26, 21:20:26] GIM Alumni Office: Please add him in the Goa group"
"[13/06/26, 21:20:44] GIM Alumni Office: Btw, he has joined as Prof. at GIM"
"[13/06/26, 21:54:06] Mansi Mishra Gim Sarc: Sir, we will add him tomorrow to the Goa Chapter."
"[14/06/26, 11:49:46] GIM Alumni Office: Hi,"
"I’m Seeta from the 2002-2004 batch.. got to know about the state wise alumni groups that you’ll have. I used to live in Sydney and just moved to Bangalore. Can you add me to the Bangalore group?"
""
"+91 99450 73382"
""
""
"https://www.linkedin.com/in/bseeta?utm_source=share_via&utm_content=profile&utm_medium=member_ios"
"[14/06/26, 11:49:56] GIM Alumni Office: Is this done Mansi?"
"[14/06/26, 11:50:10] GIM Alumni Office: Also please process this request also"
"[14/06/26, 11:52:55] Mansi Mishra Gim Sarc: Yes, Sir."
"[14/06/26, 11:53:03] Mansi Mishra Gim Sarc: Sure, Sir."
"[14/06/26, 15:09:11] Shlok Potdar: ‎GIM Alumni Office pinned a message"
"[14/06/26, 15:10:32] GIM Alumni Office: @⁨Epsha Jaiswal GIM Sarc⁩"
""
"Please share the Ahmedabad response sheet"
"[14/06/26, 16:09:29] Epsha Jaiswal GIM Sarc: Please find below the response sheets for the Gujarat registrations"
""
"General -  https://docs.google.com/spreadsheets/d/1HDIrBv_XyAWHyiQH8dL9HSytVoL9i37MR60-2yarmek/edit?resourcekey=&gid=647421932#gid=647421932"
"Batch of 2026-"
"https://docs.google.com/spreadsheets/d/1TLmurUUSX_VmrDdBsCXZtPzPxFVbpQOzAqnCIZP8ees/edit?resourcekey=&gid=637197682#gid=637197682 ‎<This message was edited>"
"[15/06/26, 09:28:02] GIM Alumni Office: @⁨Yash Gaba Gim Sarc⁩"
""
"2 posts for Delhi meet"
""
"1. Delhi meet announcement in all the city groups today and on Thursday2.  Hyderabad meet successfully conducted announcement in Delhi group ‎<This message was edited>"
"[15/06/26, 09:29:08] GIM Alumni Office: 2.  Hyderabad meet successfully conducted announcement in Delhi and all the city groups where we have announced the registration, This posts can sound like Hyderabd is done, Delhi we are coming to your city,"
"[15/06/26, 10:27:46] Yash Gaba Gim Sarc: Sure, Sir. We will work on both the captions and share it in the respective groups."
"[15/06/26, 14:03:52] GIM Alumni Office: Hi @⁨Shlok Potdar⁩ and @⁨Yash Gaba Gim Sarc⁩ ,"
""
"Hope you guys are back on campus, please meet me today, this is regarding closing of accounts of Hyd"
"[15/06/26, 14:29:28] Shlok Potdar: Hello Sir,"
""
"As I'm from the BDA program, I will come back to the campus in September."
"However, Yash will meet you regarding the same."
"[15/06/26, 14:34:29] Yash Gaba Gim Sarc: What time works for you, Sir?"
"[15/06/26, 14:53:30] GIM Alumni Office: 3 -5 k beech aa jao"
"[15/06/26, 15:42:21] GIM Alumni Office: Confirm this @⁨Yash Gaba Gim Sarc⁩ ."
"[15/06/26, 16:22:11] Yash Gaba Gim Sarc: Sure, Sir."
"[15/06/26, 20:13:58] Yash Gaba Gim Sarc: @⁨GIM Alumni Office⁩ Sir, we are posting the Delhi Imprints message across all City Chapters today, and the Hyderabad Imprints success post along with Delhi Imprints message tomorrow."
""
"Does that work, or do you want us to change this?"
"[15/06/26, 20:14:33] GIM Alumni Office: Can you show the Hyderabad wala.post here once"
"[15/06/26, 20:14:42] GIM Alumni Office: Which you will.share in delhi"
"[15/06/26, 20:22:07] Yash Gaba Gim Sarc: Sure Sir, here is the caption."
"[15/06/26, 20:22:13] Yash Gaba Gim Sarc: *Hyderabad Imprints 2026 | Powered by #GIMAA*"
""
"Hyderabad showed up. The conversations were meaningful, the connections were genuine, and the spirit of the GIM community was stronger than ever. A heartfelt thank you to all our Alumni who made Hyderabad Imprints 2026 such a memorable gathering."
""
"As one chapter concludes, another begins."
""
"Next Stop: *Delhi Imprints 2026*"
""
"We look forward to bringing the same energy, camaraderie, and sense of community to Delhi as GIM Alumni come together once again to reconnect, engage, and create new memories."
""
"*Date*: 20th June 2026"
"*Time*: 7:00 PM onwards"
"*Location*: iBiS Gurgaon, Golf Course Road"
""
"*Register here*:"
"*https://forms.gle/DJyU8KUHHGRYCzt59*"
""
"And if you know a fellow GIM Alumni who will be in Delhi NCR next weekend, do invite them to join us as well."
""
"Regards,"
"S.A.R.C."
"[15/06/26, 20:44:05] GIM Alumni Office: *Hyderabad Imprints Done*"
"Next Stop: Delhi"
""
"Hyderabad showed up. The conversations were meaningful, the connections were genuine, and the spirit of the GIM community was stronger than ever. A heartfelt thank you to all our Alumni who made Hyderabad Imprints 2026 such a memorable gathering."
""
"As one chapter concludes, another begins."
""
"Next Stop: *Delhi Imprints 2026*"
""
"We look forward to bringing the same energy, camaraderie, and sense of community to Delhi as GIM Alumni come together once again to reconnect, engage, and create new memories."
""
"*Date*: 20th June 2026"
"*Time*: 7:00 PM onwards"
"*Location*: iBiS Gurgaon, Golf Course Road"
""
"*Register here*:"
"*https://forms.gle/DJyU8KUHHGRYCzt59*"
""
"And if you know a fellow GIM Alumni who will be in Delhi NCR next weekend, do invite them to join us as well."
""
"Regards,"
"S.A.R.C."
"[15/06/26, 20:45:22] GIM Alumni Office: I want to suggest an idea of Subject line to you all."
""
"You are free to write as long message you want, but try thinking on the lines of subject line in starting to convey your message in seconds."
""
"Check the above one, if it's fine"
"[15/06/26, 20:48:18] Yash Gaba Gim Sarc: Noted, Sir. We will proceed with the same."
""
"We will be posting it today across all city chapters."
"[15/06/26, 21:27:29] GIM Alumni Office: Are we posting?"
"[16/06/26, 11:15:55] GIM Alumni Office: Hi @⁨Yash Gaba Gim Sarc⁩,"
"When are we meeting today?"
"[16/06/26, 11:47:06] Yash Gaba Gim Sarc: Sir I have my classes till 1:15 PM, I will drop by your office after lunch."
"[16/06/26, 11:47:19] GIM Alumni Office: ok"
"[16/06/26, 18:57:18] GIM Alumni Office: @⁨Yash Gaba Gim Sarc⁩ ,"
""
"Please share the agenda here once please"
"[16/06/26, 19:12:32] Yash Gaba Gim Sarc: Sir could you confirm the name of the faculty who’s travelling and if the stand-up act will be followed by the same?"
"[16/06/26, 19:13:05] GIM Alumni Office: Faculty will travel and standup will be after that"
"[16/06/26, 19:17:33] GIM Alumni Office: Keep the Standup part after all the addresses and before the networking wala part"
"[16/06/26, 19:28:49] Yash Gaba Gim Sarc: Sure, Sir."
"‎[16/06/26, 19:50:04] Yash Gaba Gim Sarc: Please let us know if any changes are required Sir. ‎image omitted"
"[16/06/26, 20:28:10] GIM Alumni Office: The Welcome Address should be"
""
"Welcome Address by GIM Alumni Association Member"
"[16/06/26, 20:28:39] GIM Alumni Office: Address by GIM Faculty"
""
"instead of Institute Updates"
"[16/06/26, 20:31:24] GIM Alumni Office: The standup act can be"
""
"Stand-up Comedy Act by Alumnus Mr. Arpit Agrawal, Alumni from the Class of 2022"
"[16/06/26, 20:31:59] GIM Alumni Office: Last will be only"
""
"Networking Dinner"
"[16/06/26, 20:32:37] GIM Alumni Office: Timing wise evrything is fine, Just keep Standup duration for 25 Minutes"
"‎[16/06/26, 20:57:44] Mansi Mishra Gim Sarc: ‎image omitted"
"[16/06/26, 20:57:52] Mansi Mishra Gim Sarc: @⁨GIM Alumni Office⁩ Sir, please check this."
"[16/06/26, 20:59:32] GIM Alumni Office: Difficult to see the Sstandup Act Text please make the background lighter also put the Entire Name of the Alum with his graduation year as"
""
"Led by text is not required"
""
"You can copy paste this"
"Stand-up Comedy Act by Mr. Arpit Agrawal, Alumni from the Class of 2022"
"[16/06/26, 20:59:55] Mansi Mishra Gim Sarc: Sure, Sir."
"[16/06/26, 21:00:14] GIM Alumni Office: In your caption, Mention this part as the highlights of this year's Imprints Delhi"
"‎[16/06/26, 21:00:53] Mansi Mishra Gim Sarc: ‎image omitted"
"[16/06/26, 21:02:34] Mansi Mishra Gim Sarc: Sir, can we go ahead with this?"
"[16/06/26, 21:05:20] GIM Alumni Office: yes please"
"[16/06/26, 22:40:14] GIM Alumni Office: @⁨Yash Gaba Gim Sarc⁩ , what is the status of whatsapp message?"
"[16/06/26, 22:41:20] GIM Alumni Office: Hi @⁨Epsha Jaiswal GIM Sarc⁩ , how is Ahmedabad going, can we do something to increase counts?"
"[16/06/26, 22:41:45] GIM Alumni Office: Same for Goa @⁨Mansi Mishra Gim Sarc⁩"
"[16/06/26, 22:43:50] Mansi Mishra Gim Sarc: Sir, I’ll be uploading the 6,3,2,1 day to go poster. Also, I’ll put it up on Instagram story with the link again."
"[16/06/26, 23:13:32] Epsha Jaiswal GIM Sarc: Sir same promotion can be done for Gujarat as well. ‎<This message was edited>"
"[17/06/26, 12:58:32] GIM Alumni Office: Try whatsapp messages also"
"[17/06/26, 12:58:40] GIM Alumni Office: Alumni office can help with numbers"
"[17/06/26, 12:59:50] GIM Alumni Office: Hi @⁨Shlok Potdar⁩, you will have to share the expenses for Hyderabad Imprints for reimbursement."
""
"Vanita will share a format which you can fill and share"
"[17/06/26, 15:12:08] Shlok Potdar: Thank you Sir,"
"Awaiting the format as we are ready with the sheet."
"[17/06/26, 15:39:23] Debjyoti Gim BDA: Hello @⁨GIM Alumni Office⁩ Sir,"
""
"BDA PlaceCom mentioned that they had a discussion with Shawnn Sir regarding participation in Imprints. They said that Shawnn Sir would be connecting with you directly and discussing the details from his end."
""
"I had asked them to share the details over email and mark the Alumni Office as well."
""
"We are not aware of the payment or process-related formalities for them. If I recall correctly, last year the payment was processed through the form shared by SARC for them, but this time they mentioned that Shawnn Sir would be coordinating the details with you directly."
""
"Since we will not be involved in this process and they are coordinating with you separately, I just wanted to keep you informed and ensure that you are aware of the conversation."
""
"Let us know if you need assistance regarding that."
"[17/06/26, 19:49:54] GIM Alumni Office: Thanks for informing me, Debjyoti."
""
"The registration form is the same for everyone attending, with a registration fee of Rs. 2,700 for the representatives from GIM attending the Delhi and Bangalore events."
""
"Yes, they have reached out to me, and I have shared the registration form with them and asked them to register."
"[17/06/26, 21:14:02] GIM Alumni Office: Dear Team,"
""
"As asked by Sampada, I want to inform you that 1 SARC rep will travel for every city meet, so keep your POC names discussed and inform us accordingly"
"[18/06/26, 09:10:16] Sampada Gim Sarc: Sure Sir, we will inform you with the names shortly."
"[18/06/26, 11:37:08] GIM Alumni Office: Dear Team,"
""
"Request from GIMAA"
""
"We need one poster with Price in both Bangalore and Delhi Group"
""
"Group Price"
"Individual"
"On Spot"
""
"Also the forms should have the prices on the landing page in the same order"
"[18/06/26, 13:19:37] GIM Alumni Office: POC of Mumbai and Pune,"
""
"Get ready with Date, Venue and registration form,"
"Pune, we should announce the date today"
"[18/06/26, 19:35:44] Yash Gaba Gim Sarc: This is done, Sir. We will be posting the promotion on the Delhi groups with the changes today."
"[18/06/26, 19:40:30] GIM Alumni Office: And in Bangalore also"
"‎[18/06/26, 21:13:37] GIM Alumni Office: *Registration Deadline Extended Till Tomorrow! Just 2 Days to Go for Delhi Imprints 2026*"
""
"*Important Registration Updates*:"
"- The registration deadline has been extended till tomorrow, *19th June 2026*"
"- After registrations close, attendees will be able to register for the event on-spot at the venue. The on-spot registration fee is *_₹2,800 per person_*"
"- *Individual Registration*: *_₹2,000 per person_*"
"- *Group Registration*: *_₹1,500 per person_*"
""
"Date: *20th June 2026*"
"Time: *7:00 PM Onwards*"
"Location: *iBiS Gurgaon, Golf Course*"
""
"*Register now*:"
"*https://forms.gle/DJyU8KUHHGRYCzt59*"
""
"If you haven't registered yet, we would love to have you join us for the evening. Feel free to share this with fellow GIM Alumni who may be in Delhi NCR this weekend."
""
"Regards,"
"S.A.R.C. ‎image omitted"
"[18/06/26, 21:14:03] GIM Alumni Office: This is great guys,"
""
"Hope Bangalore is same and also @⁨Sampada Gim Sarc⁩ , are we having the Pune announcement today?"
"[18/06/26, 21:46:11] GIM Alumni Office: @⁨Khushi Dhawan Gim Sarc⁩ ,"
""
"No Bangalore post today?"
"[18/06/26, 21:57:25] Khushi Dhawan Gim Sarc: We have is scheduled the post for tomorrow morning."
"[18/06/26, 22:30:14] GIM Alumni Office: Ok, do it positively"
"[18/06/26, 22:32:12] GIM Alumni Office: Also, please update the form landing page with all types of registration cost, similar to what was done for Delhi. At present, I think it only shows the on-spot registration cost."
"[18/06/26, 22:33:02] Khushi Dhawan Gim Sarc: Sure, Sir."
"[19/06/26, 16:44:59] GIM Alumni Office: Guys, Please close the Delhi Form, Why it is still open"
"[19/06/26, 16:47:55] Yash Gaba Gim Sarc: Sir, Manas Sir has just registered. We are closing it now."
"[19/06/26, 16:48:08] GIM Alumni Office: kar do"
"[19/06/26, 16:48:17] Yash Gaba Gim Sarc: Kar diya Sir"
"[19/06/26, 17:14:14] GIM Alumni Office: Yash,"
"[19/06/26, 17:14:29] GIM Alumni Office: I am putting a message in the group"
"[19/06/26, 17:20:35] GIM Alumni Office: Tell me when you can"
"[19/06/26, 17:21:59] Yash Gaba Gim Sarc: I’m reaching my room in 10 minutes Sir, I’ll inform you when I’ve reopened the form."
"[19/06/26, 17:22:12] GIM Alumni Office: Let me know when you are ready to open it"
"[19/06/26, 17:22:17] GIM Alumni Office: Than i will put the message"
"[19/06/26, 17:38:40] Yash Gaba Gim Sarc: The forms have been opened, Sir."
"[19/06/26, 22:09:17] GIM Alumni Office: Hi Yash,"
""
"Hope we will have the list of Alums with their designation sheet ready, We need to send it to the Prof. who is tarvelling"
""
"Prof. Rathish Bhat"
"[19/06/26, 22:20:36] Yash Gaba Gim Sarc: Working on the same Sir, will share it with you shortly."
"[19/06/26, 22:23:47] GIM Alumni Office: Also the amount, will write a email"
"[19/06/26, 22:24:59] GIM Alumni Office: We are getting few more registration so you can transfer at around 4-5PM"
"[19/06/26, 22:46:18] Yash Gaba Gim Sarc: Noted Sir."
"[20/06/26, 13:31:56] GIM Alumni Office: Mumbai Imprints is final, Here are the details"
""
"18th July,"
"Lord of the Drinks Worli"
"[20/06/26, 13:32:13] GIM Alumni Office: Please proceed with the date anouncement and registration starting tomorrow"
"[20/06/26, 15:23:51] Aditi Mehta Gim Sarc: Sure, Sir."
"[20/06/26, 20:00:30] GIM Alumni Office: @⁨Sampada Gim Sarc⁩ , hope we are having post today"
"[20/06/26, 20:01:48] GIM Alumni Office: @⁨Mansi Mishra Gim Sarc⁩ and @⁨Epsha Jaiswal GIM Sarc⁩ ."
""
"I see no post for Goa and Gujrat since long time, I know we have time but keep putting something in every 4-5 days and pickup in last 10 days, that's how you create buzz right"
"[20/06/26, 20:02:48] Sampada Gim Sarc: Yes, Sir."
"[20/06/26, 20:04:00] GIM Alumni Office: @⁨Khushi Dhawan Gim Sarc⁩ just be ready for Blore,"
""
"Delhi is not so successful in terms of count, and Murali sir + Naveen are in the city so they are gonna push it."
"We have to be on their pace with our promotional work."
"[20/06/26, 20:07:23] Mansi Mishra Gim Sarc: Yes Sir, we understand. We will send reminders on the group."
"[20/06/26, 20:16:43] Khushi Dhawan Gim Sarc: Okay Sir"
"[22/06/26, 14:19:33] Debjyoti Gim BDA: Hello @⁨GIM Alumni Office⁩ Sir,"
""
"I received a call from one of our Alumni, Mr. Sinha. He mentioned that he performs with a band and has been associated with Imprints performances in the past since 2023. He was interested in exploring an opportunity for the Bangalore Imprints event."
""
"He wanted to connect with you regarding this, so I have shared your contact number with him. He may reach out to you shortly to discuss it further."
"[22/06/26, 14:20:01] Debjyoti Gim BDA: I got the call from this number: +91 878-9018466"
"[22/06/26, 14:20:27] GIM Alumni Office: Thanks Debjyoti, I connected with him"
"[22/06/26, 14:20:43] Debjyoti Gim BDA: Okay sir. ‎<This message was edited>"
"[22/06/26, 15:14:58] GIM Alumni Office: Who is POC for Mumbai?"
"[22/06/26, 15:15:19] GIM Alumni Office: @⁨Sampada Gim Sarc⁩ why we didnt post the registration for Pune yesterday?"
""
"Any issue?"
"[22/06/26, 19:22:23] Sampada Gim Sarc: Apologise for the delay sir, the form will be posted today."
"[22/06/26, 19:26:52] Shlok Potdar: Aditi is the POC, Sir."
"[22/06/26, 19:41:26] GIM Alumni Office: Please don't delay."
"[22/06/26, 19:41:39] GIM Alumni Office: @⁨Aditi Mehta Gim Sarc⁩ , please start Mumbai Registration."
"[22/06/26, 19:42:12] GIM Alumni Office: Per person - 2000"
"Group  of 3 or more - 1500"
"Recent grads - 1000"
"On spot - 2800"
"[22/06/26, 21:14:05] GIM Alumni Office: @⁨Mansi Mishra Gim Sarc⁩ ,"
""
"GIMAA has decided to keep the registration amount as Rs. 1000 flat for all the participants for Goa Imprints"
"[22/06/26, 21:15:24] Mansi Mishra Gim Sarc: Noted, Sir. We will make the necessary changes in the form and announcements going forward. ‎<This message was edited>"
"[22/06/26, 21:18:12] Sampada Gim Sarc: Sir, it has been posted in Pune group."
"[22/06/26, 22:02:18] GIM Alumni Office: Share the response sheet also"
"[22/06/26, 22:02:45] Sampada Gim Sarc: https://docs.google.com/spreadsheets/d/1dbjft6hbwtPoRZ0xPg8AKnUx5MDV0MxuneaLvjjB6Rw/edit?resourcekey=&gid=607819006#gid=607819006"
""
"Pune Imprints 2026"
"[23/06/26, 14:17:32] GIM Alumni Office: What about the 2026 Batch la form?"
""
"Hope we have that?"
"[23/06/26, 14:53:11] Yash Gaba Gim Sarc: For Pune, Sir?"
"[23/06/26, 14:53:21] GIM Alumni Office: yes"
"[23/06/26, 14:58:11] Sampada Gim Sarc: Yes sir, will share the link with you shortly"
"[23/06/26, 14:59:06] GIM Alumni Office: And wha is happening with Mumbai,"
""
"When are we posting the registartion form."
"It was supposed to be posted on Sunday"
"[23/06/26, 19:10:03] Aditi Mehta Gim Sarc: Sure, Sir."
"[25/06/26, 10:07:24] GIM Alumni Office: Atish Gandhi is in goa and has taken Taxi to come to college from Panjim, Please be connected with him"
"[25/06/26, 10:08:00] Yash Gaba Gim Sarc: Sure, Sir."
"[26/06/26, 09:33:49] GIM Alumni Office: Who is connected with Saurabh Dwivedi"
"[26/06/26, 09:33:50] GIM Alumni Office: ?"
"[26/06/26, 09:49:48] Khushi Dhawan Gim Sarc: Yes Sir"
"[26/06/26, 09:49:49] Khushi Dhawan Gim Sarc: I am"
"[26/06/26, 10:06:43] GIM Alumni Office: He is here now"
"[26/06/26, 10:06:47] GIM Alumni Office: Where are you guys?"
"[26/06/26, 10:07:11] GIM Alumni Office: We have to move to the classrooms now and no SARC member here"
"[26/06/26, 10:19:04] Khushi Dhawan Gim Sarc: Yes Sir, I had a word with him before he entered campus"
"‎[26/06/26, 11:08:10] GIM Alumni Office: ‎image omitted"
"[26/06/26, 11:08:26] GIM Alumni Office: Please check the last message in the Hyderabad whatsapp group"
"[26/06/26, 12:57:47] Sakshi Patil Gim Sarc: @⁨GIM Alumni Office⁩ Sir, We have reached out to the Alumni."
"[26/06/26, 13:01:28] Sakshi Patil Gim Sarc: He is visiting at 3pm today with his family. Mail has been sent."
"[26/06/26, 13:49:04] GIM Alumni Office: Self drive car ka number mil skta hai?"
"[26/06/26, 13:53:44] Yash Gaba Gim Sarc: +91 77987 80772"
"Gitesh"
"[26/06/26, 13:54:04] Yash Gaba Gim Sarc: +91 77984 37788"
"Pritesh"
"[26/06/26, 13:54:44] Yash Gaba Gim Sarc: 7972720348"
"Vishwas"
"[26/06/26, 19:20:34] GIM Alumni Office: Who is connected with Manas Singh"
"[26/06/26, 19:20:37] GIM Alumni Office: Is he here?"
"[26/06/26, 19:21:28] Sampada Gim Sarc: Sir, Sakshi is connected with him."
"[26/06/26, 19:22:14] GIM Alumni Office: Is he with you @⁨Sakshi Patil Gim Sarc⁩"
"[26/06/26, 19:22:21] GIM Alumni Office: We need to connect with him urgently"
"[26/06/26, 19:22:21] Sakshi Patil Gim Sarc: Sir, I am currently with Ritu mam, I have texted sir but he is online, I will call Manas sir once I am done."
"[26/06/26, 19:22:34] GIM Alumni Office: Ok"
"[26/06/26, 19:22:57] Sakshi Patil Gim Sarc: Yes I will call him"
"[26/06/26, 20:24:46] GIM Alumni Office: Where are you guys"
"[26/06/26, 20:24:51] GIM Alumni Office: When you will.join?"
"[26/06/26, 20:37:57] Sakshi Patil Gim Sarc: We are on our way sir"
"[26/06/26, 20:42:20] Yash Gaba Gim Sarc: Sir, are you not here?"
"[26/06/26, 21:19:03] GIM Alumni Office: Had to go home, Yash."
""
"Good work today all of you, and keep the energy high for tomorrow. Let's close the event with the same pace."
"[26/06/26, 21:19:15] GIM Alumni Office: See you tomorrow"
"[26/06/26, 21:20:53] Yash Gaba Gim Sarc: Thank you, Sir."
"[29/06/26, 09:46:39] GIM Alumni Office: Hi @⁨Mansi Mishra Gim Sarc⁩ and @⁨Sampada Gim Sarc⁩"
""
"Lets meet today to discuss the meets, We will have to go little aggressive on ideas and promotions to propogate the meet ‎<This message was edited>"
"[29/06/26, 09:47:23] Sampada Gim Sarc: Hello Sir,"
""
"Sure, what time will be convenient for you?"
"[29/06/26, 09:47:33] GIM Alumni Office: Try after Lunch"
"[29/06/26, 09:47:52] Sampada Gim Sarc: Okay, Sir."
"[29/06/26, 10:51:30] Mansi Mishra Gim Sarc: Sir, all my classes are post lunch, till 6:45 PM."
"[29/06/26, 11:04:27] GIM Alumni Office: You can plan tomorrow"
"[29/06/26, 11:04:53] Mansi Mishra Gim Sarc: Sir, tomorrow at 2:15PM?"
"[29/06/26, 11:13:47] GIM Alumni Office: Ok"
"[30/06/26, 22:29:52] GIM Alumni Office: @⁨Mansi Mishra Gim Sarc⁩ ,"
""
"Hope the DM for inviting Goa alums is sorted"
"[30/06/26, 22:51:30] Mansi Mishra Gim Sarc: Yes, Sir."
"[01/07/26, 12:54:34] GIM Alumni Office: Please add thsi alum to Gujrat Group"
""
"Sapan Jignesh Shah"
"Contact - 9898460463"
"Graduation Year - 2023"
"Linkedin : https://www.linkedin.com/in/shahsapanj?utm_source=share_via&utm_content=profile&utm_medium=member_ios"
"[01/07/26, 12:57:34] Debjyoti Gim BDA: Sure Sir"
"[01/07/26, 13:20:33] GIM Alumni Office: *Urgent Requirement*"
""
"Dear Team,"
""
"We have to send thank you emails to alums and faculties of Career Cafe and for that we need all the photos captured."
"May be you will not be able to compile it in the folder, Please share the pictures with me directly here or over DM In HD."
""
"Just because its very urgent, we need this."
"[01/07/26, 18:32:21] Debjyoti Gim BDA: Hello Sir,"
""
"Please find the drive link for the same: https://drive.google.com/drive/folders/18KBjnWY9biZYg5BnLONsT7A_IMkZUUSw"
"[01/07/26, 18:55:51] GIM Alumni Office: Share in the group also"
"[01/07/26, 18:56:52] Debjyoti Gim BDA: Sure Sir."
"[02/07/26, 21:44:49] GIM Alumni Office: Dear Team,"
""
"Please add this alum in Pune and Mumbai."
""
"Kapil Rana"
"9921460839"
"https://www.linkedin.com/in/kapilrana1/"
""
"Very senior alum and not in any group, and as we have a rule of adding one alum in 2 groups, he wants to avail that for these 2 cities where he keeps on visiting"
"[02/07/26, 21:45:27] Sampada Gim Sarc: Sure, Sir."
"[02/07/26, 22:26:34] GIM Alumni Office: Can the POC of Mumbai Share the response sheet here"
"[03/07/26, 13:36:48] GIM Alumni Office: Please respond to this"
"[03/07/26, 19:05:08] Aditi Mehta Gim Sarc: Hello Sir,"
""
"Please find below excel sheet for responses."
"‎[03/07/26, 19:05:22] Aditi Mehta Gim Sarc: Mumbai Imprints __ Class of 2026 Registration Form (Responses).xlsx ‎document omitted"
"‎[03/07/26, 19:05:23] Aditi Mehta Gim Sarc: Mumbai Imprints 2026 (Responses).xlsx ‎document omitted"
"[03/07/26, 19:07:58] GIM Alumni Office: Aditi I want live sheet"
"[03/07/26, 19:08:31] GIM Alumni Office: Like this,"
""
"The form response sheet, So that i can keep a track of registration count\"
"[03/07/26, 19:21:05] Aditi Mehta Gim Sarc: https://docs.google.com/forms/d/e/1FAIpQLSct7ZP89IUm3EjV-d_AhFCShjzKyvs1Oll6rt1La_zcqaLKbg/viewform?usp=sharing&ouid=108096839740947068089"
""
"Mumbai Imprints 2026 ‎<This message was edited>"
"[03/07/26, 19:22:44] Aditi Mehta Gim Sarc: https://docs.google.com/forms/d/e/1FAIpQLSfaziFSm4iPCTXf-yuIh9jljzCfB4BsDmlVmTEcGBmMyhqgnw/viewform?usp=sharing&ouid=108096839740947068089"
""
"Mumbai Imprints Class of 2026"
"[03/07/26, 19:25:21] GIM Alumni Office: Thanks Aditi."
""
"You have the response sheet also? Of these forms?"
"[03/07/26, 19:27:00] Aditi Mehta Gim Sarc: ‎This message was deleted."
"[03/07/26, 19:35:28] Aditi Mehta Gim Sarc: Sure, Sir. Please find response sheets for Mumbai Imprints."
""
"https://docs.google.com/spreadsheets/d/1ZtyT_zXFGEnAR1ahwwXs-WJs8aKm8kNhbfvf8HBWmDg/edit?usp=sharing"
"Mumbai Imprints 2026"
""
"https://docs.google.com/spreadsheets/d/1ZtyT_zXFGEnAR1ahwwXs-WJs8aKm8kNhbfvf8HBWmDg/edit?usp=sharing"
"Mumbai Imprints Class of 2026 ‎<This message was edited>"
"[03/07/26, 23:12:54] GIM Alumni Office: @⁨Yash Gaba Gim Sarc⁩ , Please share the 5 Year Reunion response sheet,"
""
"We will close it on 15th July"
"[04/07/26, 07:23:25] GIM Alumni Office: Request to add the alumni in Mumbai group"
""
"Shravani, class of 2024"
"https://www.linkedin.com/in/m-shravani-576aa01b2"
"‎[04/07/26, 07:24:47] GIM Alumni Office: ‎Contact card omitted"
"[04/07/26, 08:03:50] GIM Alumni Office: @⁨Mansi Mishra Gim Sarc⁩ & @⁨Sampada Gim Sarc⁩"
""
"Please get me the list of alumni with their profiles attending the meet."
""
"It will be sent to faculties joining"
"[04/07/26, 10:27:57] Sampada Gim Sarc: Sure, Sir."
"‎[04/07/26, 11:09:13] Mansi Mishra Gim Sarc: Goa Imprints Attendees.xlsx ‎document omitted"
"[04/07/26, 11:10:52] GIM Alumni Office: Can you add these names also"
""
"Murali Sathya, Class of 1995"
"Vishal Agrawal"
"and"
"Ms. Sonia Kuncalienker,GIM98 Alumni,"
"Head Prudent Media"
"Mob.98509 51715"
"[04/07/26, 11:11:07] Mansi Mishra Gim Sarc: Sure, Sir."
"‎[04/07/26, 11:14:16] Mansi Mishra Gim Sarc: Goa Imprints Attendees.xlsx ‎document omitted"
"[04/07/26, 11:15:09] GIM Alumni Office: Thank you Mansi ‎<This message was edited>"
"[04/07/26, 11:15:50] GIM Alumni Office: I am keeping this, and just small edits which you can do and keep is Murali Sathya batch is 1998, same as Sonia"
"[04/07/26, 11:17:14] GIM Alumni Office: Also, GIMAA said the on spot registration for Goa will be same 1000."
""
"You can announce this in the group saying"
""
"GIMAA have extended the on spot registration cost same as online one."
"[04/07/26, 11:17:51] Mansi Mishra Gim Sarc: Okay, Sir."
"[04/07/26, 11:20:19] Yash Gaba Gim Sarc: Sure, Sir. Please find below the response sheet-"
""
"https://docs.google.com/spreadsheets/d/1kaDNPHcEXWqX8HYYq6SRulfGpV1b8aFLGrejH75O5MU/edit?usp=sharing"
"‎[04/07/26, 13:19:51] Sampada Gim Sarc: Pune Imprints Attendees.xlsx ‎document omitted"
"[05/07/26, 20:27:47] GIM Alumni Office: @⁨Yash Gaba Gim Sarc⁩ , that posts should go today which we discussed for Goa"
"[05/07/26, 21:18:49] Yash Gaba Gim Sarc: It has been posted, Sir."
"[05/07/26, 22:47:40] GIM Alumni Office: Do it in PR group also"
"[06/07/26, 09:14:34] GIM Alumni Office: Adit8i, Can you share the general registration form response sheet also"
"[06/07/26, 12:06:20] GIM Alumni Office: Shlok, Please connect with me today, This is regarding Mumbai Meet"
"[06/07/26, 12:52:16] Shlok Potdar: Sure, Sir."
"[06/07/26, 18:37:21] Aditi Mehta Gim Sarc: Sure, Sir. Please find below general response sheet."
""
"https://docs.google.com/spreadsheets/d/1LQ5eD-i39xS-GTVsDSVoPwqVkyosGXgcOpyWLSR3JB4/edit?usp=sharing"
"[09/07/26, 11:48:38] GIM Alumni Office: Dear Team,"
""
"Please add Vishal Agarwal to Guj grouyp, He is GIMAA reps and will be visiting Ahmedanad"
""
"https://www.linkedin.com/in/mentorvishal/"
""
"+91 98221 01516 ‎<This message was edited>"
"[09/07/26, 11:55:14] Debjyoti Gim BDA: Sure Sir."
"[09/07/26, 16:24:06] Sakshi Patil Gim Sarc: Hello @⁨GIM Alumni Office⁩ sir,"
"Can you please share the pictures of Career Cafe with us."
"[09/07/26, 16:25:18] GIM Alumni Office: Sakshi"
"[09/07/26, 16:25:28] GIM Alumni Office: Write this in alumni office group please"
"[09/07/26, 16:25:47] GIM Alumni Office: I think this is coming after I spoke to Sampada so it will be correct if you write it there"
"[09/07/26, 16:27:25] Sakshi Patil Gim Sarc: Okay sir understood."
"‎[10/07/26, 13:28:05] GIM Alumni Office: Just like this ‎image omitted"
"[10/07/26, 13:28:37] GIM Alumni Office: Team,We are offered this screen at the venue, Can we have a banner in this Vertical orientation for the event?"
"[10/07/26, 13:30:18] Debjyoti Gim BDA: Sure Sir. For Gujarat?"
"[10/07/26, 13:30:29] GIM Alumni Office: Yes"
"[10/07/26, 13:30:51] Debjyoti Gim BDA: Okay Sir. We will share shortly."
"‎[10/07/26, 13:54:18] Ishita Vyas Gim Bda Sarc: Sir please attached find the banner for the same. ‎image omitted"
"‎[10/07/26, 13:55:48] GIM Alumni Office: I think, instead of this, We should write"
"something like"
""
"Welcoming GIM Alumni for the Ahmedabad Ciuty meet ‎image omitted"
"[10/07/26, 13:56:14] GIM Alumni Office: This way we promote the alumni meet at the property also which general public will see"
"[10/07/26, 14:06:57] Ishita Vyas Gim Bda Sarc: Sure Sir."
"[10/07/26, 14:07:25] Ishita Vyas Gim Bda Sarc: We will update the banner and share shortly."
"‎[10/07/26, 14:22:25] Ishita Vyas Gim Bda Sarc: ‎image omitted"
"[10/07/26, 14:22:57] Ishita Vyas Gim Bda Sarc:"
"‎[10/07/26, 14:22:58] Ishita Vyas Gim Bda Sarc: ‎image omitted"
"‎[10/07/26, 14:22:58] Ishita Vyas Gim Bda Sarc: ‎image omitted"
"[10/07/26, 14:34:13] GIM Alumni Office: Give me the high quality image of this."
"As document will be good"
"‎[10/07/26, 14:41:04] Debjyoti Gim BDA: Gujarat Display Screen (1).jpg ‎document omitted"
"[12/07/26, 14:30:30] GIM Alumni Office: Dear Team,"
""
"Ahmedabad is done, Now we are moving for Mumbai,"
"The exercise remains the same and that is posting the success of Ahmedabad and announcing just 1 week left"
"[12/07/26, 14:30:53] GIM Alumni Office: Send regular messages and also Personal DM"
"[12/07/26, 14:31:09] GIM Alumni Office: @⁨Aditi Mehta Gim Sarc⁩ , Please lead and keep us updated"
"[12/07/26, 20:18:32] Sampada Gim Sarc: @⁨GIM Alumni Office⁩ Sir, Khushi will be travelling for Mumbai Imprints."
"[12/07/26, 21:42:50] GIM Alumni Office: Will have to check guys, As some of your team members are already in the city and we will get objection on this."
"Maybe the SARC members in Mumbai have top take up this"
"[13/07/26, 13:29:53] Yash Gaba Gim Sarc: Hello @⁨GIM Alumni Office⁩ Sir,"
""
"Sorry for the late update, but Aditi has not been keeping well for some days. Shlok and I will be taking care of the promotions across the Mumbai city groups, starting today."
""
"Please feel free to reach out to us in case of any queries regarding the same."
"[13/07/26, 13:30:47] GIM Alumni Office: Ohhk, Sure"
"[13/07/26, 13:33:19] Yash Gaba Gim Sarc: Also Sir, we have run out of the nametags so we will be getting them printed again. We were thinking of getting around 150-200 nametags printed."
"[13/07/26, 13:34:16] GIM Alumni Office: 150 Will be fine as Mumbai will touch 100-120 and Kolkata wilo have 20"
"[14/07/26, 23:00:40] GIM Alumni Office: We will keep it like this"
""
"Per person - 1600"
"Group of 2 or more - 1400"
""
"2026 grads - 1000"
"[14/07/26, 23:00:47] GIM Alumni Office: Kolkata registration amount"
"[14/07/26, 23:01:39] GIM Alumni Office: Venue - Master Jackie Restaurant"
"[14/07/26, 23:01:45] GIM Alumni Office: Date 25th July"
"[14/07/26, 23:02:52] GIM Alumni Office: Dear Team,"
""
"We have the things in place for Kolkata meet, Please get the form and announcement prepared."
""
"I will give final heads up and we will announce it tomorrow."
"[16/07/26, 19:32:47] S.A.R.C. 2025-27 + Alumni Manager: ‎You added Aditi Mehta Gim Sarc, Debjyoti Gim BDA, and 10 others"
"[17/07/26, 15:00:33] GIM Alumni Office: https://www.linkedin.com/in/rohan-singh-c-926290132?utm_source=share_via&utm_content=profile&utm_medium=member_ios"
"‎[17/07/26, 15:00:37] GIM Alumni Office: ‎image omitted"
"[17/07/26, 15:00:43] GIM Alumni Office: Dear team,"
""
"Please do the needful"
"[17/07/26, 17:45:36] Yash Gaba Gim Sarc: He has been added to the Mumbai city group, Sir."
"[18/07/26, 09:01:53] GIM Alumni Office: Hello Team,"
""
"Although we have received some good count for the meet, we have some back end work for which only we are responsible."
""
"This meet becomes more important not just because of the count but also Ajit sir visiting, GIMAA 3 office bearers and 7 of the placement members will be there."
"[18/07/26, 09:03:39] GIM Alumni Office: Please prepare the list of alumni with their profiles sheet by 12PM max sorted according to the graduation year in their the senior most should be 1st, inam sharing a sheet having 80 people we made yesterday."
""
"This will be shared with Ajit sir and Placement team"
"[18/07/26, 09:05:10] GIM Alumni Office: @⁨Yash Gaba Gim Sarc⁩ , I hope the message to the alums who have registered with lesser amount is sent to them. I have instructed the venue guys to not allow these people and I would need a separate sheet having the names of those who have not given the amount"
"[18/07/26, 09:06:26] GIM Alumni Office: @⁨Shlok Potdar⁩ , contact numbers are not there for the group registered alums, so that should be filled at the time they are entering"
"[18/07/26, 10:48:32] Shlok Potdar: Yes Sir,"
""
"We are preparing the registration sheet and we will share it before 12pm."
"‎[18/07/26, 10:51:03] GIM Alumni Office: Mumbai Imprints 2026  Attendees profile Details.xlsx ‎document omitted"
"[18/07/26, 10:51:17] GIM Alumni Office: Here is one sheet we prepared of the people joing the meet"
"[18/07/26, 10:51:28] GIM Alumni Office: WIll be helpful, but check this also"
"‎[18/07/26, 11:45:20] Shlok Potdar: Mumbai Imprints Registration Sheet 2026 - Google Sheets.pdf • ‎8 pages ‎document omitted"
"[18/07/26, 11:53:10] GIM Alumni Office: This is a huge List"
"[18/07/26, 11:53:32] GIM Alumni Office: I think its incomplete"
""
"Rockenjit Sir grpoup is not there"
"[18/07/26, 11:53:52] GIM Alumni Office: We should be having Close to 180 People"
"[18/07/26, 11:54:07] GIM Alumni Office: @⁨Yash Gaba Gim Sarc⁩ You took the registration from Rockenjit sir right"
"[18/07/26, 12:00:56] Yash Gaba Gim Sarc: Yes Sir, him along with 8 other people."
"[18/07/26, 12:01:13] Yash Gaba Gim Sarc: I’ll help Shlok with their names and batch."
"[18/07/26, 12:22:14] GIM Alumni Office: Check other names also, inam assuming it should be above 175"
"[18/07/26, 12:29:47] Yash Gaba Gim Sarc: After adding their names, the total is 169, Sir."
"[18/07/26, 12:48:10] GIM Alumni Office: Including guests?"
"[18/07/26, 13:10:31] Yash Gaba Gim Sarc: Yes, Sir."
"[18/07/26, 13:14:19] GIM Alumni Office: Ok"
"[18/07/26, 13:19:43] Ishita Vyas Gim Bda Sarc: Hello Sir,"
""
"Please find attached the sheet including the Alumni who have registered after 12 PM yesterday and have to pay the due amount."
""
"https://docs.google.com/spreadsheets/d/1wFshAyh6s8XpMrN-CpaYWCt1pQvngkSYqFU4z8WqnMc/edit?usp=sharing"
"‎[18/07/26, 13:27:35] Ishita Vyas Gim Bda Sarc: Mumbai Imprints Registration - Fee Due.pdf • ‎1 page ‎document omitted"
"‎[18/07/26, 13:32:14] Aditi Mehta Gim Sarc: Mumbai Imprints Registration Sheet 2026 - main.pdf • ‎8 pages ‎document omitted"
"[18/07/26, 13:32:14] Aditi Mehta Gim Sarc: Hello Sir,"
""
"Please find attached the updated registration sheet for Mumbai Imprints."
"[18/07/26, 13:38:04] GIM Alumni Office: What is the meaning of confirned and not confirmed here"
"[18/07/26, 13:39:28] Ishita Vyas Gim Bda Sarc: Sir they have not confirmed whether they will attend the event or not."
"[20/07/26, 12:51:17] GIM Alumni Office: Dear Shlok and POC of Mumbai,"
""
"Please plan a post thanking the alumni for uccessful Imprints also dont foirget to mention and highlight that we had record participation this time"
"[20/07/26, 12:55:32] Shlok Potdar: Sure, Sir."
""
"We were awaiting the photographs from the photographers. As soon as we receive them, we will share the post."
"[20/07/26, 12:55:48] GIM Alumni Office: Perfect"
"[20/07/26, 18:15:29] GIM Alumni Office: Its shared now"
"[20/07/26, 21:49:14] GIM Alumni Office: Shlok and POC of Mumbai Imprints, why is it posted today?"
"[20/07/26, 22:37:03] Shlok Potdar: Hi Sir,"
""
"The drive link shared by photographer does not include the main group photo taken with Director Sir. Julian and I have already informed them that it's most important photo and cannot be missed. So we are awaiting their response to the same. We will make the post with alternative photo if they are unable to find it."
"[20/07/26, 22:46:15] GIM Alumni Office: More than the photos selection, the timing matters team."
""
"There is no point in posting the photo after 3 days."
"[20/07/26, 22:47:42] GIM Alumni Office: Neither the online team has posted the Career cafe post till now after the heads up was given to you over PR cell  email."
""
"Why?"
"[20/07/26, 22:48:53] GIM Alumni Office: Don't make us assume things that you don't listen to us or these things don't bother you."
"‎[20/07/26, 22:51:59] GIM Alumni Office: I don't see your message on this hence I am assuming these posts should be answered by the Alumni office."
""
"We will take care of all the Placecom messages from now onwards. ‎image omitted"
"[21/07/26, 12:52:03] GIM Alumni Office: @⁨Debjyoti Gim BDA⁩, Please check these names whether they have regitsered"
""
"Tanika and Diptarshi have registered"
"[21/07/26, 12:54:35] Debjyoti Gim BDA: No Sir, they have not registered. Cant see their names in the sheet."
"[24/07/26, 16:56:22] GIM Alumni Office: Dear Team,"
""
"For our Career cafe event, There was one alum who said that his profile cannoy be posted on Social media"
"[24/07/26, 16:56:27] GIM Alumni Office: You remeber him?"
"[04/08/26, 15:07:01] GIM Alumni Office: Hello Team,"
""
"Hope everything is good."
"I have dropped a email for Imprints accounts, Please see and revert and also lets plan a meeting soon for 20 Year reunion on 22nd August."
"[04/08/26, 21:11:18] Yash Gaba Gim Sarc: Sure, Sir. We will let you know about the time for the meeting as well."
"[05/08/26, 09:32:08] GIM Alumni Office: Dear Team,"
""
"Post scheduled at 12:00PM"
"[05/08/26, 10:58:04] Mansi Mishra Gim Sarc: Sure, Sir. We do not have any posts planned at that time."
"‎[07/08/26, 16:41:10] Debjyoti Gim BDA: Hello @⁨GIM Alumni Office⁩ Sir,"
""
"We received your email regarding Julian's appointment post."
""
"We have redesigned the poster to match S.A.R.C.'s standard design format while keeping the overall style and fonts similar to the one shared. Since the shared poster was AI-generated, there were a few inconsistencies (such as the GIMAA logo and alignment), which we have corrected."
""
"Please have a look. We will publish it this evening as we have already posts scheduled this weekend for our recruitment promotions. ‎image omitted"
"‎[07/08/26, 16:42:47] Mansi Mishra Gim Sarc: Sir,"
""
"PFA the name tags for 20 Year Reunion. ‎image omitted"
"[07/08/26, 17:14:32] GIM Alumni Office: You have included SARC band on Top, But this is GIMAA Election and Executive Committe Poster"
"[07/08/26, 17:15:14] GIM Alumni Office: We can't have any other logo apart from GIMAAas these gets reported to Registrar Office Goa Government for Asscoation Paper Work. ‎<This message was edited>"
"[07/08/26, 17:15:41] GIM Alumni Office: Look at these images used before"
"‎[07/08/26, 17:15:51] GIM Alumni Office: ‎image omitted"
"‎[07/08/26, 17:15:51] GIM Alumni Office: ‎image omitted"
"‎[07/08/26, 17:15:52] GIM Alumni Office: ‎image omitted"
"‎[07/08/26, 17:24:09] GIM Alumni Office: Untitled design (11).png ‎document omitted"
"[07/08/26, 17:24:35] GIM Alumni Office: Ok, We will get it Printed"
"‎[08/08/26, 13:43:27] Khushi Dhawan Gim Sarc: Hello Sir,"
""
"Thank you for the clarification."
""
"We couldn't find any previous GIMAA EC appointment posts on the S.A.R.C. page. If you look at our page, we have consistently maintained a similar branding style across all our posts, including those related to GIMAA and other institute initiatives, to ensure a uniform visual identity."
""
"We can certainly remove the S.A.R.C. band from the top if required. However, as the post is being published through the S.A.R.C. social media page, we would respectfully request that the GIM and S.A.R.C. logos remain on the creative for proper brand and social media consistencies, while continuing to prominently feature the GIMAA logo."
""
"We also noticed that the latest poster shared has alignment inconsistencies, so we had corrected those while redesigning it. ‎image omitted"
"[08/08/26, 13:56:39] GIM Alumni Office: https://www.linkedin.com/posts/sarcgim_gimalumni-alumnileadership-executivecommittee-ugcPost-7342102932760199169-18MX?utm_source=share&utm_medium=member_android&rcm=ACoAABB8JxwByGUFA3OZ4Z4l-oxICjIAhsVzhMo"
"[08/08/26, 14:01:59] GIM Alumni Office: Not all initiatives are meant to carry the SARC logo."
""
"We have been following this practice for the last three years, where several initiatives have been posted without the SARC logo, either because they were institutional posts or official GIMAA posts, especially posts such as election-related announcements, the above link has that."
""
"We cannot keep discussing this with every new SARC team each year when there is no mandatory requirement to have the logo on every post."
""
"Let us know your take on this. We consider the SARC social media page as our institutional alumni page, which is why we regularly share our creatives there. In some cases, we have the flexibility to include the SARC logo, while in others, our hands are tied due to the nature of the initiative or the branding requirements."
"[08/08/26, 14:07:13] Debjyoti Gim BDA: Thank you for clarifying, Sir. We completely understand your point."
""
"We were looking at this mainly from the *Instagram perspective*, as we couldn’t find the earlier post there. Since Instagram is very feed-oriented and older posts keep moving further down on LinkedIn, we may have missed the LinkedIn reference you shared."
""
"Our intention was only to maintain the visual consistency and overall feed aesthetic of the S.A.R.C. Instagram page, which is why we initially suggested retaining both the GIM and our Logo."
"[08/08/26, 14:07:37] Debjyoti Gim BDA: No worries from our end, Sir. If possible, we would just request the preferred creative with the GIMAA logo properly aligned, as the logo in the previously shared version appears slightly off-centre. We’ll be happy to use that version for the post. Alternatively, we can remove both the GIM and S.A.R.C. logos from the version we shared and proceed accordingly."
"[08/08/26, 14:10:21] GIM Alumni Office: Sure, let's proceed"
"‎[08/08/26, 14:22:58] Debjyoti Gim BDA: Sir, please find the updated version. If everything looks fine, we’ll proceed with publishing it now. ‎image omitted"
"[08/08/26, 14:24:39] GIM Alumni Office: Let's proceed, I see the font style has changed, but let's not further delay the post"
"[08/08/26, 14:27:24] Debjyoti Gim BDA: Yes Sir, we couldn’t get the exact font, but we used a similar one. The GIMAA logo in the previous version you shared wasn’t properly aligned in the centre, so it looked slightly off. That’s why we redesigned it."
""
"We’re sharing it now, Sir."
"[08/08/26, 14:42:36] GIM Alumni Office: Please remove Ganesh iyer tag from your post, he is not longer the EC Member"
"[08/08/26, 14:43:46] Ishita Vyas Gim Bda Sarc: We have removed it Sir."
"[08/08/26, 14:44:19] GIM Alumni Office: Thank you"
"[11/08/26, 09:34:18] GIM Alumni Office: Hi Team,"
""
"I wrote to you for Kolkata and Miumbai ka accounts, Should we expect that this week or you guys busy with Recruitment"
"[11/08/26, 09:42:29] GIM Alumni Office: @⁨Yash Gaba Gim Sarc⁩"
""
"Please refund the Amount of Rs. 2000 of Mr. Shoeb against the registration fees he paid for 5 year reunion"
"[11/08/26, 09:42:31] GIM Alumni Office: Hi Amit,"
""
"This is Shoeb from PGDM 2019-21 batch."
""
"As there has been no official confirmation regarding the batch 5 year reunion, I would like to cancel my registration (2 pax)."
"[11/08/26, 09:42:41] GIM Alumni Office: This is his message"
"[11/08/26, 10:20:10] Yash Gaba Gim Sarc: Sorry for the delay, Sir. It will be shared before today EOD."
"[11/08/26, 10:23:23] Yash Gaba Gim Sarc: Sure, Sir. Can you please share his number so that we can process the refund."
"[11/08/26, 11:24:44] GIM Alumni Office: 9550387281"
"[11/08/26, 11:24:44] GIM Alumni Office: UPI ID:"
""
"9550387281@ybl"
"[12/08/26, 17:07:37] GIM Alumni Office: Dear team,"
""
"Please add this alumni in canada Group"
""
"Name- Vibhav Gupta"
"Year- 2021"
"http://linkedin.com/in/vibhav-gupta96"
"+91 8077 647 204 ‎<This message was edited>"
"[12/08/26, 18:12:21] GIM Alumni Office: @⁨Yash Gaba Gim Sarc⁩ is this done?"
"[12/08/26, 18:30:51] Yash Gaba Gim Sarc: Yes Sir, the refund has been processed."
"[12/08/26, 19:10:06] GIM Alumni Office: Share the screenshot please"
"[12/08/26, 19:12:26] Sampada Gim Sarc: Sure, Sir."
"‎[12/08/26, 22:17:18] Yash Gaba Gim Sarc: Sure, Sir. Here is the payment screenshot. ‎image omitted"
"[13/08/26, 09:17:09] GIM Alumni Office: Good work with the report shared"
"[13/08/26, 10:34:12] GIM Alumni Office: Close this form for fresh Registrations"
"[13/08/26, 10:36:59] Yash Gaba Gim Sarc: The form has been closed, Sir."
"[13/08/26, 13:16:03] GIM Alumni Office: Give this in PDF format for printing"
"‎[13/08/26, 13:18:40] Mansi Mishra Gim Sarc: Name Tag - 20 Year Reunion .pdf ‎document omitted"
"[14/08/26, 12:14:37] GIM Alumni Office: Good afternoon, I have shifted companies and shifted to Mumbai. Requesting you to add me to the Mumbai Group"
"[14/08/26, 12:14:37] GIM Alumni Office: Akshat Kochar"
"2026"
"https://www.linkedin.com/in/akshat-kochar-aa57151aa"
"‎[14/08/26, 12:14:57] GIM Alumni Office: ‎Contact card omitted"
"[14/08/26, 12:15:06] GIM Alumni Office: Dear team,"
""
"Please process this"
"[14/08/26, 12:15:56] GIM Alumni Office: Sampada, close this today"
"[14/08/26, 13:13:26] Sampada Gim Sarc: Yes, Sir."
"[14/08/26, 13:34:31] Shlok Potdar: Yes Sir,"
""
"We have shifted him to Mumbai."
"[14/08/26, 13:50:44] GIM Alumni Office: Thank you @⁨Shlok Potdar⁩ and @⁨Sampada Gim Sarc⁩"
"[14/08/26, 13:56:18] Sampada Gim Sarc: You're welcome, Sir."
"[17/08/26, 11:23:29] GIM Alumni Office: Dear team,"
""
"Meeting for the 20 Year reunion today or Tomorrow."
"You guys available?"
"[17/08/26, 11:35:59] Debjyoti Gim BDA: Hello Sir,"
""
"Tomorrow would work better for us, as the team is occupied with recruitment activities today."
"[17/08/26, 11:36:59] GIM Alumni Office: Ohk,"
"[18/08/26, 10:06:08] GIM Alumni Office: When are we meeting?"
"[19/08/26, 14:40:43] GIM Alumni Office: Dear Team,"
""
"Please shift Amal in Cochin group, this is urgent for Cochin meet"
"‎[19/08/26, 15:55:00] GIM Alumni Office: ‎Contact card omitted"
"‎[20/08/26, 16:48:47] GIM Alumni Office: ‎image omitted"
"[20/08/26, 16:49:45] GIM Alumni Office: @⁨Epsha Jaiswal GIM Sarc⁩ , This is for you for the Gurpreet Singh visit"
"[20/08/26, 16:50:48] GIM Alumni Office: He is staying at Visiting Faculty Block, Room Number G6 ‎<This message was edited>"
"[20/08/26, 16:53:47] Epsha Jaiswal GIM Sarc: Noted."
"‎[20/08/26, 16:54:47] GIM Alumni Office: ‎Contact card omitted"
"[21/08/26, 09:26:38] GIM Alumni Office: Hello Team,"
"[21/08/26, 09:26:50] GIM Alumni Office: What is the status of digital screen design around the campus"
"[21/08/26, 09:27:16] GIM Alumni Office: We have to submit it today for display around campus before 4PM"
"[21/08/26, 09:27:40] GIM Alumni Office: Also hope we are making the 2 pager document of GIM Updates for alumni as discussed"
"[21/08/26, 12:21:05] Yash Gaba Gim Sarc: Hello Sir,"
""
"The pamphlets are almost done. We will share it here for your reference and send it to RK over email for it to get printed."
"[21/08/26, 12:24:16] Yash Gaba Gim Sarc: We are also in touch with Uttam. He will start with the decor later in the afternoon. He will also share the pictures of the flower decoration, as requested by you, in some time. We will share it here once received."
""
"We will be making the payment to him when we meet him today. ‎<This message was edited>"
"[21/08/26, 12:24:33] Yash Gaba Gim Sarc: Yes Sir, it will be shared with you before 4 PM."
"[21/08/26, 12:27:32] GIM Alumni Office: Pamphlet ka content ek baar dikha do"
"[21/08/26, 12:27:54] GIM Alumni Office: And also one of the person who is traveling tomorrow, please call, I have to discuss few things"
"[21/08/26, 12:27:58] GIM Alumni Office: And urgent"
"‎[21/08/26, 12:29:03] Yash Gaba Gim Sarc: This is the cover page and last page. ‎image omitted"
"‎[21/08/26, 12:29:20] Yash Gaba Gim Sarc: This is the main page. ‎image omitted"
"[21/08/26, 12:29:32] Yash Gaba Gim Sarc: 1 more page of content is left, Sir."
"[21/08/26, 12:30:33] GIM Alumni Office: What about alumni count, alumni whatsapp groups list, events we do, offers like LinkedIn, et prime, insurance"
"[21/08/26, 12:30:39] GIM Alumni Office: That should also be included"
"[21/08/26, 12:34:06] Yash Gaba Gim Sarc: This will be included in the page that we are working on."
"[21/08/26, 12:36:56] Aditi Mehta Gim Sarc: Sure, Sir. I am calling you."
"[21/08/26, 12:53:43] GIM Alumni Office: Dear Team,"
""
"Please add Yash Raste, Class Of 2001"
"+61 423 387 157"
""
"In the ANZ group"
"[21/08/26, 12:56:52] Mansi Mishra Gim Sarc: Sure, Sir."
"‎[21/08/26, 12:58:17] Yash Gaba Gim Sarc: ‎image omitted"
"‎[21/08/26, 12:58:18] Yash Gaba Gim Sarc: ‎image omitted"
"[21/08/26, 12:58:19] Yash Gaba Gim Sarc: Table top flowers"
"‎[21/08/26, 14:05:00] Yash Gaba Gim Sarc: Pamphlet (3).pdf ‎document omitted"
"[21/08/26, 14:05:00] Yash Gaba Gim Sarc: Sir, PFA the pamphlet."
"[21/08/26, 14:56:34] GIM Alumni Office: Nice"
"[21/08/26, 14:57:14] GIM Alumni Office: Perfect"
"[21/08/26, 15:09:41] GIM Alumni Office: @⁨Sampada Gim Sarc⁩ ,"
"Please meet me today as you will be taking alums to old campus"
"[21/08/26, 15:10:02] GIM Alumni Office: Will take you through the campus and where all you can visit"
"[21/08/26, 15:10:20] Sampada Gim Sarc: Sure, Sir."
"[21/08/26, 15:23:51] Yash Gaba Gim Sarc: ‎This message was deleted."
"[21/08/26, 15:26:04] Yash Gaba Gim Sarc: All deliverables complete @⁨GIM Alumni Office⁩ Sir."
""
"The cake has been ordered, along with the batch photo. We will get the pamphlets printed and be in touch with Uttam when he comes on campus."
"[21/08/26, 15:26:25] GIM Alumni Office: You all are champs"
"[21/08/26, 15:26:43] GIM Alumni Office: Send me the digital display Pic as document here"
"‎[21/08/26, 15:27:07] Yash Gaba Gim Sarc: IMG_8889.JPG ‎document omitted"
"[21/08/26, 15:27:11] GIM Alumni Office: Uttam is working at MPH?"
"[21/08/26, 15:27:30] GIM Alumni Office: Is this the highest quality?"
""
"283kb hai"
"‎[21/08/26, 15:28:02] Debjyoti Gim BDA: Welcome Back 2006.pdf ‎document omitted"
"[21/08/26, 15:28:17] Debjyoti Gim BDA: @⁨GIM Alumni Office⁩ Sir, you can use this pdf format."
"[21/08/26, 15:28:31] GIM Alumni Office: Why you giving PDF, i want image format."
"[21/08/26, 15:28:49] GIM Alumni Office: Display me only image format will go Deb"
"‎[21/08/26, 15:28:49] Yash Gaba Gim Sarc: ‎image omitted"
"[21/08/26, 15:28:50] Yash Gaba Gim Sarc: The photo being used for the cake."
"[21/08/26, 15:29:05] GIM Alumni Office: Hope this is confirmed by Shubhra?"
"[21/08/26, 15:29:11] Yash Gaba Gim Sarc: Chal jaani chahiye Sir"
"[21/08/26, 15:29:35] GIM Alumni Office: Main lagwa raha hu, just get it checked once it is on display"
"[21/08/26, 15:29:58] Yash Gaba Gim Sarc: Sir they asked us to choose the picture."
"[21/08/26, 15:30:27] Yash Gaba Gim Sarc: Sure, Sir."
"‎[21/08/26, 15:32:22] Debjyoti Gim BDA: Welcome Back 2006 (1).jpg ‎document omitted"
"[21/08/26, 15:32:35] GIM Alumni Office: Perfect"
"[21/08/26, 15:32:37] GIM Alumni Office: Thanks Deb"
"[21/08/26, 15:32:51] Debjyoti Gim BDA: You are welcome, Sir."
"[21/08/26, 15:33:09] Sampada Gim Sarc: He just told us that his men will start working at MPH soon, we're coordinating with eco clean for the same"
"[21/08/26, 15:33:28] GIM Alumni Office: Ohk, Keep me informed once it starts"
"[21/08/26, 15:33:45] Sampada Gim Sarc: Sure, Sir."
"‎[21/08/26, 15:41:11] GIM Alumni Office: ‎image omitted"
"[21/08/26, 15:41:21] GIM Alumni Office: I think it looks good"
"[21/08/26, 15:41:25] GIM Alumni Office: Good work guys"
"[21/08/26, 15:50:57] Yash Gaba Gim Sarc: Thank you, Sir."
"[21/08/26, 17:08:28] GIM Alumni Office: This is confirmed from alumni"
"‎[21/08/26, 17:26:56] GIM Alumni Office: ‎image omitted"
"[21/08/26, 17:35:13] GIM Alumni Office: We have a issue here"
"[21/08/26, 17:35:27] GIM Alumni Office: MPH is now booked till 10 PM"
"[21/08/26, 17:35:41] GIM Alumni Office: Uttam has to work after that"
"[21/08/26, 17:35:50] GIM Alumni Office: Can someone go and check"
"[21/08/26, 17:35:58] GIM Alumni Office: I am also going"
"[21/08/26, 17:38:20] Yash Gaba Gim Sarc: We will look after him, Sir."
"[21/08/26, 17:39:36] Yash Gaba Gim Sarc: Someone will go and talk to him after 10 and monitor."
"[21/08/26, 17:40:33] GIM Alumni Office: Spoke to Sampada for this, i think it's sorted"
"[22/08/26, 05:51:13] GIM Alumni Office: Notify here when Sampada and Aditi reaches the resort"
"[22/08/26, 06:14:21] Aditi Mehta Gim Sarc: Sure, Sir."
"[22/08/26, 08:20:40] Sampada Gim Sarc: Sir, we have reached the resort."
"[22/08/26, 08:20:53] GIM Alumni Office: Perfect"
"[22/08/26, 08:21:06] GIM Alumni Office: Sharing few more POCs numbers"
"‎[22/08/26, 08:21:12] GIM Alumni Office: ‎Contact card omitted"
"‎[22/08/26, 08:21:32] GIM Alumni Office: ‎Contact card omitted"
"‎[22/08/26, 08:21:52] GIM Alumni Office: ‎Contact card omitted"
"[22/08/26, 08:22:48] GIM Alumni Office: Get their help to get the alums boarded, especially Arunabha and Shubhra."
""
"I have spoken to them and they are in sink to start early"
"[22/08/26, 08:24:08] Aditi Mehta Gim Sarc: Sure, Sir."
"[22/08/26, 09:33:14] Sampada Gim Sarc: ‎This message can't be displayed here. Please open ‎WhatsApp on your phone to view the message."
"[22/08/26, 09:54:55] GIM Alumni Office: Both th buses to Ribandar?"
"[22/08/26, 09:55:54] GIM Alumni Office: ."
"[22/08/26, 09:58:06] Sampada Gim Sarc: Sir all are in one bus"
"‎[22/08/26, 10:08:26] Sampada Gim Sarc: ‎image omitted"
"[22/08/26, 10:22:35] GIM Alumni Office: So I am realising the 2nd bus"
"[22/08/26, 10:22:53] GIM Alumni Office: Talk to Shubhra if he needs the 2nd bus while returning"
"[22/08/26, 10:25:41] Sampada Gim Sarc: Okay Sir"
"[22/08/26, 10:28:16] Sampada Gim Sarc: Sir, they don't need another bus."
"[22/08/26, 10:30:00] GIM Alumni Office: Ok"
"[22/08/26, 10:42:20] Aditi Mehta Gim Sarc: Sir,"
""
"We have left the old campus and will be arriving shortly."
"[22/08/26, 10:56:09] Tilak Periwal Gim Sarc: https://teams.live.com/meet/9349688025473?p=hyz08iJtiyA1XIDJlO"
"[22/08/26, 11:02:14] Tilak Periwal Gim Sarc: https://teams.microsoft.com/meet/425136980062389?p=Vtk9z3fw3veaQ8m3eF"
"‎[22/08/26, 16:05:06] Tilak Periwal Gim Sarc: 2006 Batch video.mp4 ‎document omitted"
"[23/08/26, 08:07:08] GIM Alumni Office: Dear Team,"
""
"We have 3 tasks"
""
"2 for yesterday's reunion"
"- Collate all the photos in one folder"
"- Transcript all the email id and contact details"
""
"1 is for Cochin Imprints, we have to start registration,"
""
"Port Muziris, a Tribute Portfolio Hotel, Kochi is finalised for Cochin Get together on 29th August starting 7:30PM at Pool Side restaurant"
""
"The registration cost Per person will be 1200 Per person which will include Welcome Snacks+Drinks and DInner(Non Veg), Drinks will be on actuals"
"[23/08/26, 20:30:46] Mansi Mishra Gim Sarc: Hello @⁨GIM Alumni Office⁩ Sir,"
""
"Please find the google drive link to the pictures and videos of 20 Year Reunion:"
""
"https://drive.google.com/drive/folders/1DOBMj93jEyobysMY690DwpRpyxdXXyzo"
"[23/08/26, 21:39:07] GIM Alumni Office: @⁨Tilak Periwal Gim Sarc⁩ , can we have the Cochin meet form and poster"
"[23/08/26, 21:39:20] GIM Alumni Office: This alum Amal is driving so we should help him ‎<This message was edited>"
"[23/08/26, 22:16:54] Tilak Periwal Gim Sarc: Sure, Sir."
"[24/08/26, 11:28:50] GIM Alumni Office: Tilak Close this asap"
"[24/08/26, 11:29:14] GIM Alumni Office: Also team,Please share the transcripted email ids and number today"
"‎[24/08/26, 12:03:50] Mansi Mishra Gim Sarc: Attendance Sheet- Reunion 2006 batch.xlsx ‎document omitted"
"[24/08/26, 12:04:38] GIM Alumni Office: Thank you Mansi"
"[24/08/26, 12:23:44] Mansi Mishra Gim Sarc: You are welcome, Sir."
"[25/08/26, 10:59:18] GIM Alumni Office: @⁨Yash Gaba Gim Sarc⁩ , Please get the invoice from Uttam for that decoration, We will take around a week for payment"
"[25/08/26, 10:59:27] GIM Alumni Office: also submit all the invoices"
"[25/08/26, 14:02:49] GIM Alumni Office: @⁨Mansi Mishra Gim Sarc⁩ I just checked this and found that there is only 20 Alumni details and not 28"
"[25/08/26, 15:39:30] Mansi Mishra Gim Sarc: Sir,"
""
"The attendance sheet has a total of 20 Alumni entries."
"[25/08/26, 15:39:51] GIM Alumni Office: 28 Alums were there right?"
"[25/08/26, 15:39:57] GIM Alumni Office: Or only 20 attended?"
"[25/08/26, 15:49:35] Sampada Gim Sarc: Sir the total people count was around 30 which included Alumni and their family (kids too), the sheet was circulated in the bus and it was told to us that all Alumni have signed. ‎<This message was edited>"
"[25/08/26, 15:50:05] GIM Alumni Office: 😭😭"
"[25/08/26, 15:50:11] GIM Alumni Office: 28 Alums were there"
"[25/08/26, 15:50:19] GIM Alumni Office: now we have only 20 Alums ka data"
"[25/08/26, 19:46:18] Sampada Gim Sarc: Sir, we will coordinate once with Shubra Sir regarding the same."
"[25/08/26, 20:38:09] GIM Alumni Office: Let it be, i have  taken the count"
"[25/08/26, 20:38:13] GIM Alumni Office: Thank you"
"[26/08/26, 09:19:25] Yash Gaba Gim Sarc: Sure, Sir. We will submit the invoices of all the expenses incurred during the 20 Year Reunion."
"[26/08/26, 09:44:50] Sampada Gim Sarc: Okay, Sir."
"[26/08/26, 13:34:46] GIM Alumni Office: @⁨Tilak Periwal Gim Sarc⁩ Tilak, Can you share the count of people registered for Cochin meet"
"[26/08/26, 16:34:07] Tilak Periwal Gim Sarc: Sir,"
""
"The Cochin Imprints form has 0 registrations so far."
"[26/08/26, 16:34:34] GIM Alumni Office: ok"
"[27/08/26, 15:03:35] GIM Alumni Office: What is the count of registration on Cochin meet"
"[27/08/26, 15:04:01] GIM Alumni Office: Please share the POC name for the 29th Aug whichis Saturday's NBA Visit"
"[27/08/26, 15:04:40] GIM Alumni Office: we hve 12 Alums confirmed"
"[27/08/26, 20:49:26] Yash Gaba Gim Sarc: Hello Sir,"
""
"Please find below the names of the POCs from the junior team."
""
"Ayush Chavan (+91 99750 85366)"
"Kaustav Mukherjee (+91 75959 29712)"
"Supriya Goswami (+91 81059 54483)"
"[27/08/26, 20:50:10] GIM Alumni Office: Put it in the alumni office group jaha pucha tha"
"[27/08/26, 20:50:21] GIM Alumni Office: And ask them to meet us tomorrow"
"[27/08/26, 20:51:11] Yash Gaba Gim Sarc: Sure Sir, we will inform them. We will also be adding them to the groups shortly."
"[27/08/26, 20:58:06] GIM Alumni Office: Pehale milwa toh do"
"[27/08/26, 21:00:12] Yash Gaba Gim Sarc: Sir you said that you will  give us a date for when you would like to meet them."
"[27/08/26, 21:27:26] GIM Alumni Office: Ask them to join this group"
""
""
"https://chat.whatsapp.com/LaCmzlTPKRRKCuo1xTtZgI?s=cl&p=a&mlu=4"
"[27/08/26, 21:28:04] GIM Alumni Office: Once done, I will introduce the team in the group."
""
"Also tell them to have member tag as SARC"
"[27/08/26, 21:36:26] Yash Gaba Gim Sarc: Noted, Sir."
"[27/08/26, 21:36:56] GIM Alumni Office: Yes, let me get this done after NBA"
"[27/08/26, 21:37:27] Yash Gaba Gim Sarc: Sure, Sir."
"[29/08/26, 16:40:54] GIM Alumni Office: Full Name - Ananya Mittal"
"Graduation Year - 2026"
"Linkedin Profile Link - https://www.linkedin.com/in/ananyaontheshor"
""
"Number - 9359035372"
""
"Shift her from Bangalore 2 to Delhi group"
"[29/08/26, 16:41:42] GIM Alumni Office: Give my compliments to these JSARC members, they managed the alums visit flawlessly."
"[29/08/26, 17:06:32] Yash Gaba Gim Sarc: Glad to hear that, Sir. We will pass along your message."
"[31/08/26, 09:08:02] GIM Alumni Office: Dear Team,"
""
"Please get this done, This week we will close the accounts of 20 Year reunion"
"[31/08/26, 09:09:44] GIM Alumni Office: Also, we have to meet for 2 things, Please plan a meeting in this week"
"[31/08/26, 10:20:52] GIM Alumni Office: Dear Team,"
""
"Add this alum in ANZ Group"
""
"Kenneth Fernandes, Class of 2021"
"Linkedin Profile: https://www.linkedin.com/in/kenneth-fernandes-a11aa3159?utm_source=share_via&utm_content=profile&utm_medium=member_android"
""
"Contact : +91 97640 43169"
"[31/08/26, 12:20:34] Mansi Mishra Gim Sarc: The Alumnus has been added, Sir."
"[31/08/26, 12:20:58] GIM Alumni Office: Mansi is superfast"
"[31/08/26, 15:37:49] GIM Alumni Office: Dear Team,"
""
"We have a request for 10 Year reunion on 12th december from Alumni"
"[31/08/26, 15:38:18] GIM Alumni Office: We dont see any issue on the date"
"[31/08/26, 15:38:27] GIM Alumni Office: Do you want to comment anything"
"[31/08/26, 15:38:44] GIM Alumni Office: Please discuss and confirm this by EOD"
"[01/09/26, 09:44:27] Debjyoti Gim BDA: Hello Sir,"
""
"The team has their exams till 13th December. It would be better if the event could be scheduled after 13th December, if feasible, considering the exam schedule."
"[01/09/26, 10:13:08] GIM Alumni Office: Team as in Juniors or Seniors?"
"[01/09/26, 10:15:50] GIM Alumni Office: Please call"
"[01/09/26, 14:15:30] Ishita Vyas Gim Bda Sarc: Sure, Sir."
"[01/09/26, 23:04:53] Yash Gaba Gim Sarc: Hello Sir,"
""
"Sorry for the delay in response. We have our end term exams going on right now."
""
"We would like to propose 20th December instead of 12th December for the 10 Year Reunion, considering the following practical constraints:"
""
"1. Most senior S.A.R.C. members are yet to be placed, so we cannot commit to their availability, as there are a lot of placement related activities going on during the same period"
"2. The junior team has exams around this period, making it difficult to confirm the availability of the entire team on 12th December"
"3. With limited availability, we cannot commit the manpower and the level of execution S.A.R.C. usually delivers, and we do not want to compromise on the event's standards. ⁠"
""
"Given these constraints, 12th December is not a feasible date for S.A.R.C. to commit to the Reunion. We would like to recommend 20th December instead, as it will allow us to ensure adequate manpower and execute the event to the standards expected from S.A.R.C."
""
"We request you to kindly consider our request."
""
"Regards"
"[02/09/26, 06:52:43] GIM Alumni Office: Team,"
""
"This seems like senior team will not be available from now because of the placement thing and we will have to rely on only the availability of junior team, i understand that the placement is the most important thing for any student here but having said that if I give the alumni 20th December as the date, there is a possibility that they will drop the reunion with us saying it will be costly in Goa at that time which is true."
""
"As per my understanding from last year's reunion, any date after December is not feasible as January and February are mostly having flagship events, exams and all which happened last year."
""
"This date came from alumni, I will speak to them for sure, but considering they are from 2016 batch and not any very senior batch, they may not be comfortable in spending the surge amount of visiting Goa in December end, we will have to see a mechanism to make this feasible."
""
"All the best for your exams."
"[02/09/26, 06:58:48] GIM Alumni Office: And please add this alumni in the whatsapp group."
""
"The delay for this type of task is something which we can't justify to alumni."
"[02/09/26, 12:29:34] Yash Gaba Gim Sarc: We understand, Sir."
""
"For 12th December, there will be 6 JSARCs from PGDM Core who will be available. Other than that, the other JSARCs will have their end term exams."
""
"The senior team will provide their support in any possible way they can, according to their schedules and placement related activities."
""
"We would not like for the Batch to opt out of the Reunion. We will be able to provide support as per the terms mentioned above and are committed to assist with the Reunion as per S.A.R.C’s standards."
""
"Please let us know if that works. ‎<This message was edited>"
"[02/09/26, 12:29:48] Yash Gaba Gim Sarc: Apologies for the delay, Sir. This will be done by today."
"[02/09/26, 12:31:46] GIM Alumni Office: Perfect,"
""
"And please don't underestimate yourself, You all will be placed before that. I have worked with you and i have beleif on you all."
"[02/09/26, 12:32:28] Yash Gaba Gim Sarc: Thank you, Sir. We appreciate it!"
"[06/09/26, 20:08:42] GIM Alumni Office: Dear Team,"
""
"Please add these 2 alums in USA group"
""
"Abhinuj Handa"
"https://www.linkedin.com/in/abhinuj-handa-b6502a10b?utm_source=share_via&utm_content=profile&utm_medium=member_android"
"+91 95277 53253"
""
"Siya Gaonkar"
"https://www.linkedin.com/in/siya-gaonkar?utm_source=share_via&utm_content=profile&utm_medium=member_android"
"9765091373"
"[07/09/26, 15:17:37] GIM Alumni Office: When does the 1st term end and when does the second term start these days?"
"[07/09/26, 15:18:00] GIM Alumni Office: Team,"
""
"Can you help with the response for this."
""
"Question from alum"
"[07/09/26, 19:02:32] Tilak Periwal Gim Sarc: Yes Sir,"
""
"The first term will end on 20th September and the new term will commence from 21st September."
"‎[08/09/26, 09:11:27] GIM Alumni Office: Whats happening ? ‎image omitted"
"[08/09/26, 09:13:15] GIM Alumni Office: You must have seen this message in the alums groups."
""
"Please don't comment on this, maximum if someone reach out, you can say the matter is taken up by college authorities and Police and now it's judicial, we are not authorised to share anything."
"[08/09/26, 09:13:50] Sakshi Patil Gim Sarc: Yes sir, understood."
"[08/09/26, 17:53:38] GIM Alumni Office: Dear All,"
""
"*Job Opportunity*"
""
"*Company*: GEP Worldwide"
""
"*Role*: Senior Manager - Consulting"
""
"*Location*: Mumbai"
""
"*Qualification*: MBA"
""
"*Experience*: 6+ Years"
""
"*CTC*: As per Industry Standards"
""
"*Interested candidates (GIM graduates only) may share their CVs to*: *https://forms.gle/qRrvLXzpLWQbSFYz6*"
""
"*Deadline*: 11:59 PM, 10th September 2026"
""
"*Additional Requirements*:"
"- Should have Domain Expertise of Supply Chain Management, Logistics, and Procurement"
"- Very good hands-on skills in sourcing and category expertise in direct and indirect categories across multiple industries"
"- Good Communication skills, Persistent C Patient, Meticulous and detail- oriented, resourceful and creative"
"- Strong analytical skills"
"- Team management"
"- Ability to understand the consulting business processes and problems"
"- Excellent People management and Coaching abilities"
""
"Regards,"
"S.A.R.C."
"[08/09/26, 17:53:52] GIM Alumni Office: Dear Team,"
""
"Who is the owner of this form?"
"[08/09/26, 17:56:29] Yash Gaba Gim Sarc: Sir we are. We will be sharing all the contact details of the Alumni with the Alumni Office."
"[08/09/26, 20:44:44] GIM Alumni Office: Arey arey, you are one step ahead."
""
"We had some workshop today for data protection, and you as SARC members will also come under the purview of this, we will keep you informed."
"[08/09/26, 20:45:22] GIM Alumni Office: Abhi k liye please ask Prof. Sneha availability for the meeting with JSARC."
"next week we may not be here"
"[08/09/26, 20:48:32] Aditi Mehta Gim Sarc: Certainly, Sir. We will check with Prof. Sneha regarding her availability for the meeting with JSARCs and coordinate accordingly."
""
"Thank you for keeping us informed about the data protection workshop, we will take note of the same."
"[08/09/26, 21:07:14] Yash Gaba Gim Sarc: Noted, Sir."
