"[30/08/25, 19:34:17] S.A.R.C. 2025-26 + Alumni Office: ‎Messages and calls are end-to-end encrypted. Only people in this chat can read, listen to, or share them."
"[30/08/25, 14:42:07] Aryaman Tapparia Gim Sarc Senior: ‎Aryaman Tapparia Gim Sarc Senior created this group"
"[30/08/25, 19:34:16] S.A.R.C. 2025-26 + Alumni Office: ‎Arjun Karunakar Gim Sarc Senior added you"
"‎[30/08/25, 19:34:39] Arjun Karunakar Gim Sarc Senior: Dear All,"
""
"We are delighted to introduce the Junior Members of the Student Alumni Relations Cell for the year *2025–2026* ."
""
"With their enthusiasm, dedication, and fresh perspectives, these students are ready to contribute meaningfully and strengthen the bond between our Alumni and the institute."
""
"*Presenting the Junior S.A.R.C. (JSARC) members for the year 2025–2026.*"
""
"Regards,"
"S.A.R.C. ‎video omitted"
"[30/08/25, 19:36:14] Aditi Mehta Gim Sarc: Dear All,"
""
"I am Aditi Mehta from Indore. Coming from a family of bankers, I deeply value mentorship and shared experiences. As a part of S.A.R.C., I seek to strengthen Alumni relations and contribute with sincerity and professionalism to the lasting legacy of GIM."
"[30/08/25, 19:36:25] Debjyoti Gim BDA: Dear All,"
""
"I am Debjyoti Basu from Guwahati. GIM’s legacy and its strong Alumni network deeply inspires me. I see S.A.R.C. as a platform to contribute and give back by strengthening the bond between students and Alumni."
"[30/08/25, 19:36:47] ‪+91 73790 51800‬: Dear All,"
""
"I am Epsha Jaiswal from Varanasi. I joined S.A.R.C. because it aligns with my goal of building strong professional networks and learning from our Alumni’s journeys. I am eager to bridge the gap between students and Alumni."
"[30/08/25, 19:37:16] Jayesh Gim Sarc: Dear All,"
""
"I am Jayesh Jain from Jaipur. For me, S.A.R.C. represents more than just opportunities, it is a way to support the Alumni community. I am grateful and look forward to contributing meaningfully."
"[30/08/25, 19:37:17] Ishita Vyas Gim Bda Sarc: Dear All,"
""
"I am Ishita Vyas from Jaipur. I believe S.A.R.C. is a platform to build meaningful connections with our Alumni and learn from their experiences. I look forward to contributing to Alumni engagements."
"[30/08/25, 19:39:05] Khushi Dhawan Gim Sarc: Dear All,"
""
"I am Khushi Dhawan from Varanasi. I joined S.A.R.C. because I believe meaningful student-Alumni connections create invaluable learning beyond the classroom. For me, it is about learning from inspiring journeys and carrying GIM’s legacy forward with pride."
"[30/08/25, 19:39:33] Khushi Jain Gim Core Sarc: Dear All,"
""
"I am Khushi Jain from Delhi. I believe S.A.R.C. is about staying connected with our Alumni and building bridges where experiences, insights, and stories can be exchanged. I am eager to strengthen the Alumni bond at GIM."
"[30/08/25, 19:40:07] Mansi Mishra Gim Sarc: Dear All,"
""
"I am Mansi Mishra from Goa. I see S.A.R.C. as a platform to connect with the Alumni, learn from their experiences, and contribute to initiatives that add value to both students and the Alumni. I hope to contribute and grow this community."
"[30/08/25, 19:40:44] Parth Sharma Gim Sarc JCC: Dear All,"
""
"I am Parth Sharma from Nagpur. S.A.R.C. is about building lasting connections with Alumni and I look forward to creating engaging initiatives that will strengthen this bond."
"[30/08/25, 19:41:08] Sakshi Patil Gim Sarc: Dear All,"
""
"I am Dr. Sakshi Patil from Nashik. I believe S.A.R.C. is a transformative platform that enables meaningful connections with the Alumni. I look forward to serve as a student-Alumni facilitator and grow through these inspiring connections."
"[30/08/25, 19:41:30] Sampada Gim Sarc: Dear All,"
""
"I am Dr. Sampada Muley from Chhatrapati Sambhajinagar. I joined S.A.R.C. to engage with Alumni and learn from their journeys. I look forward to contributing towards building stronger Alumni connections."
"[30/08/25, 19:42:06] Shlok Potdar: Dear All,"
""
"I am Shlok Potdar from Vadodara. I joined S.A.R.C. to connect with Alumni and learn from their experiences. I see this as an opportunity to grow professionally and help carry forward GIM’s legacy."
"[30/08/25, 19:42:37] Tilak Periwal Gim Sarc: Dear all,"
""
"I am Tilak Periwal from Jaipur. I joined S.A.R.C. to build meaningful relationships and learn from our Alumni network. I hope to contribute and learn from those have walked this path."
"[30/08/25, 19:43:14] Yash Gaba Gim Sarc: Dear All,"
""
"I am Yash Gaba from Ghaziabad, Delhi. As part of S.A.R.C. I look forward to strengthening Alumni bonds, fostering mentorship, and creating meaningful connections between the students and Alumni. I see this as an opportunity to be a part of something that helps me carry forward the legacy of GIM."
"[30/08/25, 22:32:57] Amit Singh GIM Alumni Manager: Welcome Team"
"[31/08/25, 11:59:08] Ishita Vyas Gim Bda Sarc: Hello Sir,"
""
"Thank you for the warm welcome. We are eager to begin this journey and create positive experiences for our Alumni and students."
""
"Regards."
"[02/09/25, 09:05:38] Amit Singh GIM Alumni Manager: Dear Team,"
""
"The below alumnus has requested to shift from the Delhi group to the Hyderabad group as he has now relocated:"
""
"Harshvardhan Pant (Batch 2019–21)"
"LinkedIn: https://www.linkedin.com/in/harshvardhan-pant-8a4a697b?utm_source=share&utm_campaign=share_via&utm_content=profile&utm_medium=android_app"
""
"Contact: 9646495452"
""
"Please do the needful."
"[02/09/25, 12:27:39] Arjun Karunakar Gim Sarc Senior: Sure, Sir."
"[02/09/25, 13:23:54] Amit Singh GIM Alumni Manager: Dear Team,"
""
"Post at 3:30PM in all the Indian city groups. Hope nothing is scheduled from your end"
"[02/09/25, 13:28:55] Arjun Karunakar Gim Sarc Senior: Hello Sir,"
""
"We have a post scheduled at 2:30 PM across all Indian city chapters."
""
"Would it be possible to maintain a gap of at least three hours between the two posts?"
"[02/09/25, 13:29:15] Amit Singh GIM Alumni Manager: Than 8:30?"
"[02/09/25, 13:32:45] Arjun Karunakar Gim Sarc Senior: Sure, Sir."
""
"No other post is scheduled from our end after that."
"[02/09/25, 13:33:35] Amit Singh GIM Alumni Manager: Thank you"
"[04/09/25, 11:56:38] Sneha Ma'am Alumni Chair: Team, you must have seen the mail from me"
"[04/09/25, 11:57:24] Sneha Ma'am Alumni Chair: Let me know if there are any concerns and questions"
"[04/09/25, 11:59:14] Aryaman Tapparia Gim Sarc Senior: Yes, Ma'am."
""
"We are replying to the same."
"[04/09/25, 12:00:07] Sneha Ma'am Alumni Chair: Sure, thank you"
"‎[04/09/25, 12:00:57] ‪+91 99238 48960‬: Dear Team,"
""
"Please find the list of alumni who will be on campus for the meeting ‎image omitted"
"[04/09/25, 12:04:45] Aryaman Tapparia Gim Sarc Senior: Thank you, Ma’am."
""
"Do let us know if we need to assist them during their Check-In."
"[04/09/25, 16:20:45] Amit Singh GIM Alumni Manager: Dear Team,"
""
"You must have received an email to nominate your team members for tomorrow's discussion happening at 4-5PM."
""
"Do come up with some ideas and best practices around the institutions."
"[04/09/25, 18:03:23] Sneha Ma'am Alumni Chair: Dear Team, Dikshant Bag, alumnus from 2011-13 batch will be reaching campus in the late evening. He’ll taking guest faculty sessions tomorrow for Prof. Divya."
"[04/09/25, 18:04:54] Sneha Ma'am Alumni Chair: One of you can connect with him and also coordinate with him to have him for lunch with EC and batch reps at MDP dining hall tomorrow."
"[04/09/25, 18:05:10] Sneha Ma'am Alumni Chair: Please nominate a PoC and I’ll share his contact number."
"[04/09/25, 19:02:06] Aashita Gim Sarc Senior: Hello Ma'am,"
""
"Khushi Dhawan will be the PoC for Mr. Dikshant Bag."
"[04/09/25, 19:43:26] Sneha Ma'am Alumni Chair: Okay! Thank you."
"[04/09/25, 19:57:37] Aashita Gim Sarc Senior: You are welcome, Ma'am."
"[05/09/25, 15:11:27] Aryaman Tapparia Gim Sarc Senior: Hello Sir,"
""
"Kindly share the venue details for the parallel discussion."
"[05/09/25, 15:12:22] Amit Singh GIM Alumni Manager: CR 5."
"[07/09/25, 20:20:30] Rochan Goel GIM Core Senior (9551): ‎Ayush Shenvi Sarc Senior added Rochan Goel GIM Core Senior (9551)"
"[08/09/25, 11:56:55] Amit Singh GIM Alumni Manager: Dear Team,"
""
"Please share the pictures taken by you all during the GIMAA, Batch reps visit."
"[08/09/25, 17:53:10] Aryaman Tapparia Gim Sarc Senior: Sure, Sir."
"[08/09/25, 17:57:48] Aryaman Tapparia Gim Sarc Senior:"
"‎[08/09/25, 17:58:07] Aryaman Tapparia Gim Sarc Senior: ‎image omitted"
"‎[08/09/25, 17:58:10] Aryaman Tapparia Gim Sarc Senior: ‎image omitted"
"‎[08/09/25, 17:58:10] Aryaman Tapparia Gim Sarc Senior: ‎image omitted"
"‎[08/09/25, 17:58:11] Aryaman Tapparia Gim Sarc Senior: ‎image omitted"
"‎[08/09/25, 17:58:11] Aryaman Tapparia Gim Sarc Senior: ‎image omitted"
"‎[08/09/25, 17:58:12] Aryaman Tapparia Gim Sarc Senior: ‎image omitted"
"‎[08/09/25, 17:58:12] Aryaman Tapparia Gim Sarc Senior: ‎image omitted"
"‎[08/09/25, 17:58:13] Aryaman Tapparia Gim Sarc Senior: ‎image omitted"
"‎[08/09/25, 17:58:13] Aryaman Tapparia Gim Sarc Senior: ‎image omitted"
"‎[08/09/25, 17:58:14] Aryaman Tapparia Gim Sarc Senior: ‎image omitted"
"‎[08/09/25, 17:58:14] Aryaman Tapparia Gim Sarc Senior: ‎image omitted"
"‎[08/09/25, 17:58:15] Aryaman Tapparia Gim Sarc Senior: ‎image omitted"
"‎[08/09/25, 17:58:15] Aryaman Tapparia Gim Sarc Senior: ‎image omitted"
"‎[08/09/25, 17:58:16] Aryaman Tapparia Gim Sarc Senior: ‎image omitted"
"[08/09/25, 18:00:47] Amit Singh GIM Alumni Manager: Can you give this one as document, for higher quality"
"‎[08/09/25, 22:39:03] Aryaman Tapparia Gim Sarc Senior: IMG_0193.HEIC ‎document omitted"
"[09/09/25, 08:56:10] Amit Singh GIM Alumni Manager: Perfect."
"[09/09/25, 08:56:42] Amit Singh GIM Alumni Manager: Here is the link of the folder having the images from the visit and session"
""
"https://gimgoa-my.sharepoint.com/:f:/g/personal/amit_singh_gim_ac_in/ErKYsQIOaQxFjJVXbGI6Zp0B1fIkrR7w8HpfZxmuFGlrVA?e=sH6obB"
"[09/09/25, 08:57:59] Amit Singh GIM Alumni Manager: ‎This message was deleted."
"[09/09/25, 15:02:14] Arjun Karunakar Gim Sarc Senior: Hello Sir,"
""
"Thank you for sharing the pictures with us."
""
"Our LinkedIn post was already scheduled for 9:00 AM, so we couldn’t include them this time."
"[10/09/25, 17:46:29] Amit Singh GIM Alumni Manager: Dear Team,"
""
"Any issue with this?"
"I see this pending"
"[11/09/25, 11:45:26] Amit Singh GIM Alumni Manager: Dear Team,"
""
"We are planning two International Meets and would like to have a POC from SARC for the preparation."
"Please share the names of two team members for each event by Monday."
"[12/09/25, 10:28:28] Daniel Gim Sarc Senior: Sure, Sir."
"[13/09/25, 08:51:00] Amit Singh GIM Alumni Manager: Dear Team,"
""
"One of our alumni would like to share an opportunity specifically for the Kolkata group. Here are the details:"
""
"Opportunity from Alumni"
""
"Alumnus: Moin Ahmed Choudhury (Batch 2021–23)"
""
"Contact: 8134829683"
""
""
"Message:"
"Hi all,"
""
"There is an opening for the role of Zonal Head – Service Operations (EDC Devices), Kolkata at PhonePe."
""
"It is a leadership role that requires a minimum of 5 years of experience along with an MBA from a Tier 1/2 college. Prior experience in field sales/service within the fintech or BFSI industry is preferred."
""
"For any leads, please share the resume at Moin.ahmed@phonepe.com."
"[13/09/25, 08:51:25] Amit Singh GIM Alumni Manager: Please do th needful"
"[13/09/25, 15:29:54] Yash Gaba Gim Sarc: Sure, Sir."
"[14/09/25, 19:24:43] Amit Singh GIM Alumni Manager: Hey Yash, post this in the Kolkata group."
""
"The closure date is approaching and this will be of no use."
""
"Alumni reached out again. If you are facing any issue let us know."
"[14/09/25, 20:53:34] Yash Gaba Gim Sarc: Hello Sir,"
""
"The JD has been posted in the Kolkata Chapter."
"[14/09/25, 20:54:08] Amit Singh GIM Alumni Manager: Perfect, Thank you Yash"
"[16/09/25, 17:42:43] Amit Singh GIM Alumni Manager: @⁨Daniel Gim Sarc Senior⁩ , Any Update on this?"
"[16/09/25, 20:24:50] Daniel Gim Sarc Senior: Hello Sir,"
""
"Rochan and Nandinee will serve as PoC’s for the same."
"[16/09/25, 20:46:35] Amit Singh GIM Alumni Manager: Thank you Daniel,"
""
"@⁨Rochan Goel GIM Core Senior (9551)⁩ and @⁨Nandinee Gim Sarc Senior⁩ , let's meet tomorrow."
""
"The 2 meets are Dubai and Canada."
""
"Dubai Meet requires urgent attention and then the Canada meet."
"[16/09/25, 21:08:07] Nandinee Gim Sarc Senior: Sure, Sir. We can discuss this tomorrow."
"[25/09/25, 12:24:30] Amit Singh GIM Alumni Manager: Dear Team,"
""
"Please add this alum in the Delhi City group."
""
"Name - Arjun Gupta"
"Graduation year - 2015"
"LinkedIn profile link - https://www.linkedin.com/in/arjun-gupta-89441534/"
"‎[25/09/25, 12:24:44] Amit Singh GIM Alumni Manager: ‎Contact card omitted"
"[25/09/25, 12:31:41] Parth Sharma Gim Sarc JCC: Sure, Sir."
"[28/09/25, 09:13:59] Aryaman Tapparia Gim Sarc Senior: ‎Your security code with Aryaman changed."
"[30/09/25, 13:36:43] Amit Singh GIM Alumni Manager: Hello @⁨Aashita Gim Sarc Senior⁩ ,"
""
"Let's meet today or tomorrow to go through the preparations for the 20 year reunion."
"[30/09/25, 13:37:29] Amit Singh GIM Alumni Manager: And @⁨Parth Sharma Gim Sarc JCC⁩ , please add this alum to Delhi group."
"Let me know if you need any additional information"
"[30/09/25, 13:51:00] Aashita Gim Sarc Senior: Hello Sir,"
""
"I am visiting my hometown and will not be on campus tomorrow."
""
"Aryaman will meet you tomorrow for the same. ‎<This message was edited>"
"[30/09/25, 13:58:26] Amit Singh GIM Alumni Manager: Sure"
"[30/09/25, 18:25:14] Amit Singh GIM Alumni Manager: Hi Team,"
"We have the Distinguished Professor Session today at 7 PM. I’ll post some reminders in the group."
"Hope there’s nothing planned around this time."
""
"If someone connects with you, please share this link with them for the session."
""
"Link: https://teams.microsoft.com/l/meetup-join/19%3ameeting_MDVlNjkyMjUtMGMyNy00NTg0LTgzNzAtZGQ2MmQ0ZTAwMWUy%40thread.v2/0?context=%7b%22Tid%22%3a%221f436841-fd31-4aac-b492-9d1b692c157b%22%2c%22Oid%22%3a%222f50cd8b-5ecc-4056-abf2-bbfebd9bcb24%22%7d"
"[01/10/25, 11:50:56] Parth Sharma Gim Sarc JCC: Hello Sir,"
""
"The Alumnus has been added to the Delhi group."
"[01/10/25, 15:39:22] Sneha Ma'am Alumni Chair: Dear Team, please give a final count on how many of you will be there for lunch on 4th Oct."
"[01/10/25, 15:39:47] Sneha Ma'am Alumni Chair: Let me know by 5pm please. We need to finalise our order to KStar."
"[01/10/25, 15:44:23] Sneha Ma'am Alumni Chair: Awaiting your confirmation on the venue"
"[01/10/25, 15:46:25] Aashita Gim Sarc Senior: Sure, Ma'am."
"[01/10/25, 17:23:29] Sneha Ma'am Alumni Chair: Please confirm. @⁨Amit Singh GIM Alumni Manager⁩ please place the order once we receive the numbers."
"[01/10/25, 17:24:40] Amit Singh GIM Alumni Manager: Yeah, waiting for numbers."
"[01/10/25, 17:38:17] Arjun Karunakar Gim Sarc Senior: Hello Ma'am,"
""
"There will be 21 people from the S.A.R.C. team joining for lunch on 4th Oct."
"[03/10/25, 11:18:09] ‪+91 99238 48960‬: Dear SARC Team,"
""
"I heard that there might be a change in the venue for the upcoming Student–Alumni Interaction scheduled on 4th October 2025. Could you kindly confirm the final venue at the earliest?"
""
"We need to update the Technology team for the equipment arrangements accordingly to avoid any last-minute confusion."
""
"Looking forward to your urgent update."
"[03/10/25, 11:52:11] Ayush Shenvi Sarc Senior: Hello Ma'am,"
""
"We would like the venue to be MPH for the interaction."
"[03/10/25, 17:37:27] Amit Singh GIM Alumni Manager: Dear Team,"
""
"Please add this alumni to Hyderabad group, presently he is in Chennai group"
""
"Name - Utkarsh Nigam"
"Contact number - 9810936179"
"LinkedIn Profile - http://www.linkedin.com/in/utkarshnigam7"
"Graduation Year - 2025"
"[03/10/25, 19:23:05] Aditi Mehta Gim Sarc: Sure, Sir."
"[04/10/25, 01:18:46] Arjun Karunakar Gim Sarc Senior: Hello @⁨Sneha Ma'am Alumni Chair⁩ Ma’am,"
""
"The upcoming CFO Round Table has been made compulsory for all PGP 1 students. As the schedule coincides with Hangouts 2.0, we are forced to cancel the Hangouts segment from the itinerary."
""
"In its place, we have finalised an alternate engagement activity ""Gully Cricket"" in collaboration with Team Prayas."
""
"We look forward to sharing this update with the Alumni in the morning. ‎<This message was edited>"
"[04/10/25, 08:37:30] Sneha Ma'am Alumni Chair: Oh no!"
"[04/10/25, 08:38:25] Sneha Ma'am Alumni Chair: I’m realising that there are few last moment changes that we are forced to make to the itinerary."
"[04/10/25, 08:39:35] Sneha Ma'am Alumni Chair: It looks like they’re going have a rather relaxed first half and a tightly packed schedule post lunch"
"[04/10/25, 08:40:22] Sneha Ma'am Alumni Chair: I’m sure it will be fun though. Can you guys get the cake cutting done I’m the first half?"
"[04/10/25, 08:41:37] Sneha Ma'am Alumni Chair: I think they’re reaching by 10.15 or so. You can play when it’s still not very sunny, cut the cake, take them on a campus tour and bring them to MPH for lunch."
"[04/10/25, 09:50:02] Sneha Ma'am Alumni Chair: Waiting for your response on this."
"[04/10/25, 09:50:36] Sneha Ma'am Alumni Chair: Please complete everything before lunch, as we have planned Prof. Ajit’s address and faculty interaction post lunch."
"[04/10/25, 09:52:34] Sneha Ma'am Alumni Chair: I’m not sure if the ABE auditorium can accommodate all PGP 1 students. There should be some way to get exception for the students who want to interact with alumni."
"[04/10/25, 09:53:07] Sneha Ma'am Alumni Chair: If we had planned this well, we could have planned faculty interaction at 12 pm and Hangouts post lunch."
"[04/10/25, 09:57:47] Aashita Gim Sarc Senior: Hello Ma'am,"
""
"Yes, Ma'am. We will coordinate and try to get this done before lunch."
"[04/10/25, 10:00:15] Aashita Gim Sarc Senior: Ma'am, the Gully Cricket segment is planned at 11:45 AM in the MPH."
"[04/10/25, 10:01:04] Sneha Ma'am Alumni Chair: Will PGP 2 students still come? These are senior alums!"
"[04/10/25, 10:01:31] Aashita Gim Sarc Senior: Ma'am,"
""
"The students who registered for the interaction are from PGP 1, and all of them have PRA scheduled today. Therefore, getting exemptions will not be feasible."
"[04/10/25, 10:02:30] Aashita Gim Sarc Senior: Ma'am,"
""
"Many PGP 2 students also have their PRA scheduled today. For Finance majors, the CFO talk is also mandatory."
"[04/10/25, 10:02:57] Sneha Ma'am Alumni Chair: How are all these people going to fit in?!"
"[04/10/25, 10:03:29] Sneha Ma'am Alumni Chair: Anyway, please help by arranging chairs after cricket, for them to have lunch and for faculty interaction post that."
"[05/10/25, 10:14:47] Khushi Jain Gim Core Sarc: ‎Your security code with Khushi changed."
"[05/10/25, 10:26:52] Khushi Jain Gim Core Sarc: ‎Your security code with Khushi changed."
"[05/10/25, 11:01:59] Amit Singh GIM Alumni Manager: Hey @⁨Ayush Shenvi Sarc Senior⁩ ,"
""
"Neetika from the class of 2015 has confirmed 6 PM today for the online meeting to discuss our 10-year reunion."
""
"She will be joining along with some of her batchmates. As discussed, let’s go prepared with our points for having the meet this year."
""
"Can you please share the online meeting invite?"
"[05/10/25, 11:02:58] Amit Singh GIM Alumni Manager: Hey @⁨Aditi Mehta Gim Sarc⁩ ,"
""
"Try to close this today"
"[05/10/25, 11:15:50] Ayush Shenvi Sarc Senior: Noted, Sir."
""
"We will share the link shortly."
"[05/10/25, 11:36:01] Ayush Shenvi Sarc Senior: Sir,"
""
"Please find the link for the meeting below: -"
"https://teams.microsoft.com/l/meetup-join/19%3ameeting_YjIzMjhmY2EtYjc3YS00ZTAyLWI2NzAtMmEzMTViZTQwZDBi%40thread.v2/0?context=%7b%22Tid%22%3a%221f436841-fd31-4aac-b492-9d1b692c157b%22%2c%22Oid%22%3a%2272ed974c-a20e-4d42-af1e-1b97950b7439%22%7d"
"[05/10/25, 11:38:00] Amit Singh GIM Alumni Manager: Thanks Ayush"
"[05/10/25, 11:40:38] Ayush Shenvi Sarc Senior: You are welcome, Sir."
"[05/10/25, 12:34:12] Aditi Mehta Gim Sarc: Hello Sir,"
""
"The Alumnus has been added to the Hyderabad chapter."
"[05/10/25, 15:31:08] Amit Singh GIM Alumni Manager: Thank you Aditi"
"[05/10/25, 17:02:09] Aditi Mehta Gim Sarc: You are welcome, Sir."
"[06/10/25, 10:13:02] Amit Singh GIM Alumni Manager: @⁨Nandinee Gim Sarc Senior⁩ and @⁨Rochan Goel GIM Core Senior (9551)⁩ ."
""
"We have 10 minutes with Director Sir at 3 PM to record a video about the Canada Meet."
"Please come to his office in NOB for the recording."
""
"He has many meetings, so try to come a little before 3 PM to be on time."
"[06/10/25, 12:16:58] Rochan Goel GIM Core Senior (9551): Sure, Sir."
"[06/10/25, 13:22:36] Sneha Ma'am Alumni Chair: Dear team, request you to post about the alumni awards being open, on your LinkedIn handle."
"[06/10/25, 13:22:44] Sneha Ma'am Alumni Chair: On priority."
"[06/10/25, 13:23:53] Sneha Ma'am Alumni Chair: The content is available on whatsapp groups."
"[06/10/25, 13:24:07] Sneha Ma'am Alumni Chair: If you need more details, please let us know."
"[06/10/25, 13:35:09] Ayushi Gim Sarc Senior: Sure Ma’am,"
""
"We will post it at the earliest."
"[06/10/25, 13:35:38] Ayushi Gim Sarc Senior: Sure Ma’am,"
""
"Noted."
"[06/10/25, 13:51:32] Sneha Ma'am Alumni Chair: Thanks Ayushi"
"[06/10/25, 19:55:35] Sneha Ma'am Alumni Chair: Please confirm once done"
"[06/10/25, 19:55:45] Aashita Gim Sarc Senior: Sure, Ma'am."
"[07/10/25, 10:35:51] Amit Singh GIM Alumni Manager: Hello @⁨Aashita Gim Sarc Senior⁩,"
""
"Please submit the invoices of the approved expenditure incurred for 2005 Reunion."
"[07/10/25, 10:42:12] Aashita Gim Sarc Senior: Sure, Sir."
"[08/10/25, 09:33:14] Khushi Dhawan Gim Sarc: Hello Sir,"
""
"We would like to update you that Ishita and Epsha from the Junior Team will be the POC for the Netherlands Meet."
""
"Please advise a time to get in touch with you for the discussion regarding the same."
"[08/10/25, 09:38:40] Amit Singh GIM Alumni Manager: They can please meet me today as per their availability before 5."
"Please coordinate with me once before coming"
"[08/10/25, 09:46:57] ‪+91 73790 51800‬: Sure, Sir."
"[08/10/25, 12:16:32] Amit Singh GIM Alumni Manager: Dear Team,"
""
"Posting something at 3PM, I hope nothing is scheduled in WhatsApp groups"
"[08/10/25, 13:41:03] Khushi Dhawan Gim Sarc: Hello Sir,"
""
"We have planned to send message at 1:50 PM in all City Chapters."
"[08/10/25, 13:42:18] Amit Singh GIM Alumni Manager: Thank you for the information"
"[09/10/25, 09:52:28] ‪+91 99238 48960‬: Dear Team,"
""
"We need to share data with the accreditation team and require information regarding *Career Assistance Provided by Alumni to their Peers (CAY 2024–25)* *urgently*"
""
"I have sent you an email, kindly share the details at the earliest."
""
"Thanks"
"[09/10/25, 13:03:35] Amit Singh GIM Alumni Manager: Dear Team,"
""
"Posting something at 3PM, I hope nothing is scheduled in WhatsApp groups"
"[09/10/25, 14:43:14] Yash Gaba Gim Sarc: Hello Sir,"
""
"No, Sir. There is nothing scheduled at that time."
"[09/10/25, 14:43:55] Jayesh Gim Sarc: Hello Ma'am,"
""
"Sure, Ma'am. We will share the details with you at the earliest."
"[09/10/25, 18:31:09] Amit Singh GIM Alumni Manager: Hello @⁨Aashita Gim Sarc Senior⁩ ,"
""
"Try to submit the invoices by tomorrow, we will be submitting it for reimbursement."
"[09/10/25, 19:03:01] Aashita Gim Sarc Senior: Okay, Sir."
"[10/10/25, 09:32:28] Aashita Gim Sarc Senior:"
"‎[10/10/25, 09:32:28] Aashita Gim Sarc Senior: Hello @⁨Amit Singh GIM Alumni Manager⁩"
""
"Please find the photos from the 20-Year Reunion Event. ‎image omitted"
"‎[10/10/25, 09:32:28] Aashita Gim Sarc Senior: ‎image omitted"
"‎[10/10/25, 09:32:29] Aashita Gim Sarc Senior: ‎image omitted"
"‎[10/10/25, 09:32:29] Aashita Gim Sarc Senior: ‎image omitted"
"‎[10/10/25, 09:32:29] Aashita Gim Sarc Senior: ‎image omitted"
"‎[10/10/25, 09:32:30] Aashita Gim Sarc Senior: ‎image omitted"
"‎[10/10/25, 09:32:30] Aashita Gim Sarc Senior: ‎image omitted"
"‎[10/10/25, 09:32:30] Aashita Gim Sarc Senior: ‎image omitted"
"‎[10/10/25, 09:32:31] Aashita Gim Sarc Senior: ‎image omitted"
"‎[10/10/25, 09:32:31] Aashita Gim Sarc Senior: ‎image omitted"
"[10/10/25, 09:33:31] Amit Singh GIM Alumni Manager: Thank you @⁨Aashita Gim Sarc Senior⁩"
"[10/10/25, 09:34:07] Aashita Gim Sarc Senior: You are welcome, Sir."
"[11/10/25, 09:30:11] Amit Singh GIM Alumni Manager: Dear Team,"
""
"We have a post at 12PM, I hope nothing is scheduled in WhatsApp groups."
"[11/10/25, 10:55:51] ‪+91 99238 48960‬: ‎Your security code with ‪+91 99238 48960‬ changed."
"[11/10/25, 11:07:07] Mansi Mishra Gim Sarc: Hello Sir,"
""
"No, Sir. There is nothing scheduled at that time."
"[11/10/25, 15:09:23] Amit Singh GIM Alumni Manager: Dear Team"
""
"This alumns wants to be shifted to the UAE group"
""
"Name - Priyanka Sabu"
"Graduation year - 2014"
"LinkedIn profile link - https://www.linkedin.com/in/priyanka-s-a9760419?utm_source=share&utm_campaign=share_via&utm_content=profile&utm_medium=android_app"
"Contact number - 9686301846"
""
"Please do the needful."
"[13/10/25, 14:09:52] ‪+91 99238 48960‬: Dear Team,"
""
"Please share the data urgently."
"[13/10/25, 16:10:59] Yash Gaba Gim Sarc: Hello Ma’am,"
""
"Sure Ma’am, we will share the details with you before 5 PM."
"[14/10/25, 16:55:04] Amit Singh GIM Alumni Manager: ‎This message was deleted."
"[14/10/25, 17:04:56] Amit Singh GIM Alumni Manager: Hi Team,"
""
"We are planning to organize an HR Meet in Bangalore in the first week of November. For this, we need 2–3 members from SARC to help with the event."
""
"Can you please share the names from your team today, as we have a meeting with other stakeholders tomorrow and are short on time."
"[14/10/25, 19:46:34] Sakshi Patil Gim Sarc: Hello Sir,"
""
"Jayesh Jain and Yash Gaba will be the POCs for the same."
"[14/10/25, 20:01:11] Amit Singh GIM Alumni Manager: Thank you."
""
"We will share the meeting details soon,"
"[15/10/25, 13:11:55] Amit Singh GIM Alumni Manager: @⁨Yash Gaba Gim Sarc⁩ & @⁨Jayesh Gim Sarc⁩ , Let’s connect! We’re having a meeting today at 9 to discuss the event, and it would be great if you all could attend. We’ll also have around 4 alumni joining us."
"[15/10/25, 13:12:07] Amit Singh GIM Alumni Manager: Call me whenever you are available"
"[15/10/25, 16:36:30] Yash Gaba Gim Sarc: Hello Sir,"
""
"Sure Sir. We will call you after 3:30 PM to discuss the same."
"[16/10/25, 11:00:15] ‪+91 99238 48960‬: https://drive.google.com/drive/folders/1Arq8P-NSlNp_gdehwDgLoLIBZXqmq9s1?usp=drive_link"
"[16/10/25, 11:00:30] ‪+91 99238 48960‬: @SARC - Please give us access to this link"
"[16/10/25, 11:02:58] Arjun Karunakar Gim Sarc Senior: Ma'am, the access permissions have been changed."
"[17/10/25, 18:14:34] Amit Singh GIM Alumni Manager: Dear Team,"
""
"Please add Mr. Dhiresh Britto (Class of 1998) to the Bangalore City Group, as he is currently not part of any city group."
""
"Here are his details:"
"LinkedIn Profile: https://www.linkedin.com/in/dhireshbritto?utm_source=share&utm_campaign=share_via&utm_content=profile&utm_medium=android_app"
""
"Contact - 098-802-37720"
"[17/10/25, 18:15:24] Amit Singh GIM Alumni Manager: Try to add him today as he is helping us organise the HR Meet in Bangalore and will be of great help in driving discussions in the group."
"[18/10/25, 10:55:58] Khushi Dhawan Gim Sarc: Hello Sir,"
""
"We have added him to the Bangalore City Chapter."
"[18/10/25, 10:57:26] Amit Singh GIM Alumni Manager: Thanks for the prompt action, Khushi."
"[18/10/25, 13:21:35] Khushi Dhawan Gim Sarc: You are Welcome, Sir."
"[18/10/25, 15:40:12] Amit Singh GIM Alumni Manager: Dear Team,"
""
"Please add Ms. Melaine Britto (Class of 1999) to the Bangalore City Group, as she is currently not part of any city group."
""
"Here are the details:"
"LinkedIn Profile: https://www.linkedin.com/in/melanie-britto-669a53124?utm_source=share_via&utm_content=profile&utm_medium=member_android"
""
"Contact - +91 98804 25920"
"[18/10/25, 16:40:05] Jayesh Gim Sarc: Sure, Sir."
"[20/10/25, 13:14:43] Amit Singh GIM Alumni Manager: Happy Diwali Everyone 🎇🎇"
"‎[20/10/25, 13:19:11] Debjyoti Gim BDA: Dear All,"
""
"The Student Alumni Relations Cell wishes you a radiant and blissful Diwali."
""
"The magic of Diwali lies not just in its lights, but in the joy, togetherness, and hope it brings to every heart."
""
"May this season fill your life with endless sparkle, warmth, and new beginnings."
""
"Regards,"
"S.A.R.C. ‎video omitted"
"‎[20/10/25, 13:19:13] Debjyoti Gim BDA: Dear All,"
""
"The Student Alumni Relations Cell wishes you a radiant and blissful Diwali."
""
"The magic of Diwali lies not just in its lights, but in the joy, togetherness, and hope it brings to every heart."
""
"May this season fill your life with endless sparkle, warmth, and new beginnings."
""
"Regards,"
"S.A.R.C. ‎video omitted"
"[20/10/25, 19:24:23] Aryaman Tapparia Gim Sarc Senior: ‎Your security code with Aryaman changed."
"[21/10/25, 12:08:06] Amit Singh GIM Alumni Manager: Hello @⁨Yash Gaba Gim Sarc⁩ and @⁨Jayesh Gim Sarc⁩ ,"
""
"Let’s meet today to discuss the action points for the HR Meet."
"[21/10/25, 13:21:11] Sneha Ma'am Alumni Chair: https://www.freepressjournal.in/mumbai/navi-mumbai-tragedy-6-year-old-girl-among-4-killed-10-injured-after-major-fire-breaks-out-at-vashis-raheja-residency"
"[21/10/25, 13:22:56] Sneha Ma'am Alumni Chair: Our alum and family. This is a huge loss to the community. Sundar was a valuable part of our community and very active in giving back to GIM."
"[21/10/25, 13:54:19] Sneha Ma'am Alumni Chair: We should do condolence posts. @sarc I’m not sure about your protocols in these cases. Please handle this."
"[21/10/25, 15:24:49] Yash Gaba Gim Sarc: Sure, Sir."
""
"Will it be convenient to connect at 4 PM today for the same?"
"[21/10/25, 15:31:46] Amit Singh GIM Alumni Manager: Yeah sure, let's meet at 4"
"[21/10/25, 15:46:34] Debjyoti Gim BDA: Noted, Ma’am."
""
"We will be sharing this message across all our City Chapters by today."
"[23/10/25, 18:16:16] Amit Singh GIM Alumni Manager: @⁨Yash Gaba Gim Sarc⁩ or @⁨Jayesh Gim Sarc⁩"
""
"Can we connect over call, This is regarding HR meet"
"[23/10/25, 19:01:03] Yash Gaba Gim Sarc: Sure, Sir."
""
"We will call you shortly."
"[25/10/25, 16:01:28] Sneha Ma'am Alumni Chair: Hi Team"
"[25/10/25, 16:01:59] Sneha Ma'am Alumni Chair: How’s the preparation for HR meet going w.r.t posters and reaching to alumni?"
"[25/10/25, 16:02:03] Sneha Ma'am Alumni Chair: Please update"
"[25/10/25, 17:05:52] Yash Gaba Gim Sarc: Hello Ma’am."
""
"We have started reaching out to the Alumni via WhatsApp and LinkedIn. The registration form along with the event reveal poster will be shared tonight, post which we will start calling the Alumni. The first round of calling will be over by tomorrow night."
"‎[25/10/25, 21:01:00] Mansi Mishra Gim Sarc: Dear All,"
""
"Goa Institute of Management presents *HR Meet 2025*, the first-ever city meet exclusively for HR professionals from the GIM Alumni community."
""
"*Date*: 2nd November 2025"
"*Time*: 10 AM onwards"
"*Venue*: Radisson Bengaluru City Center"
""
"Join us for a day of connection, collaboration, and meaningful exchange with industry leaders and peers."
""
"*Registration Link*: https://forms.gle/srSsaTKdCBrGJNAM6"
""
"Let’s celebrate the spirit of the HR fraternity and strengthen the GIM network together."
""
"Regards,"
"S.A.R.C. ‎image omitted"
"[25/10/25, 21:04:01] Mansi Mishra Gim Sarc: Dear @⁨Sneha Ma'am Alumni Chair⁩ Ma’am,"
""
"We are circulating this *HR Meet 2025* invite to the City Chapters."
""
"Regards."
"[25/10/25, 21:18:24] Amit Singh GIM Alumni Manager: Please share the live response sheet with us"
"[26/10/25, 13:59:38] Mansi Mishra Gim Sarc: Sure, Sir."
""
"Here is the link to the response sheet: https://tinyurl.com/yeyn4emr"
"[26/10/25, 14:23:23] Amit Singh GIM Alumni Manager: Thanks Mansi, but this is not an open link, add our email ids or share the open link to access."
"[26/10/25, 14:32:43] Mansi Mishra Gim Sarc: Sir,"
""
"We have granted access to your gmail ID, along with giving viewership rights to the outlook ID."
"[27/10/25, 20:58:39] Amit Singh GIM Alumni Manager: Hello @⁨Yash Gaba Gim Sarc⁩ and @⁨Jayesh Gim Sarc⁩ ."
""
"For the promotions of the HR Meet, I hope you already have a few posts planned. Here are a few suggestions from our side:"
""
"- Include mentions of all the branches under the HR domain such as Talent Acquisition, Learning and Development, Employee Engagement, etc."
"- Highlight GIMAA as a sponsor for the event — supporting not only by subsidizing the registration fee for alumni but also by contributing to on-ground execution, promotions, and overall coordination for the meet."
"Try to highlight these points of GIMAA as it covers our intent of passing the information."
""
"As the days are less, let's promote as much as possible"
"[28/10/25, 14:16:16] Yash Gaba Gim Sarc: Hello Sir,"
""
"Thank you for the suggestions."
""
"We will take note of these points while planning the upcoming posts."
"[29/10/25, 22:06:29] Amit Singh GIM Alumni Manager: Dear Team,"
""
"We have received a request on our website for adding this alumni in the Bangalore group."
"Presently he is not part of any city group."
"Please connect with him and process his request."
""
"Name - Saish Chandegaonkar"
"Graduation year - 2025"
"LinkedIn profile - https://www.linkedin.com/in/saishc?utm_source=share&utm_campaign=share_via&utm_content=profile&utm_medium=android_app"
""
"Contact number - 7558330715"
"[30/10/25, 10:15:51] Ishita Vyas Gim Bda Sarc: Hello Sir,"
""
"The Alumnus has been added to the Banglore Chapter."
"[30/10/25, 13:12:46] Sneha Ma'am Alumni Chair: Dear Team, please use the template in which you share the sponsor’s logo in the poster and mention that in the caption for the HR meet. GIMAA is partially sponsoring the event."
"[30/10/25, 13:13:02] Sneha Ma'am Alumni Chair: Do they have a logo?"
"[30/10/25, 13:13:21] Amit Singh GIM Alumni Manager: Let me share"
"[30/10/25, 13:13:28] Sneha Ma'am Alumni Chair: And posts need to go more often"
"‎[30/10/25, 13:13:49] Amit Singh GIM Alumni Manager: GIMAA Logo-PNG (1).png ‎document omitted"
"[30/10/25, 13:14:14] Sneha Ma'am Alumni Chair: As per my discussion with @⁨Nandinee Gim Sarc Senior⁩, the plan is to share two posts per day now."
"[30/10/25, 13:15:23] Sneha Ma'am Alumni Chair: Please expedite the promotions @⁨Jayesh Gim Sarc⁩ @⁨Yash Gaba Gim Sarc⁩"
"[30/10/25, 13:15:54] Sneha Ma'am Alumni Chair: By tonight, we will give you content for the agenda"
"[30/10/25, 13:16:08] Sneha Ma'am Alumni Chair: Please start with the countdown posts today"
"[30/10/25, 13:18:01] Sneha Ma'am Alumni Chair: Should we close the registrations by 12 noon, Saturday? Will that work? @⁨Amit Singh GIM Alumni Manager⁩"
"[30/10/25, 13:22:23] Amit Singh GIM Alumni Manager: Preparations wise, I have to share the count on Saturday evening So we can close the registration by 4PM also. ‎<This message was edited>"
"[30/10/25, 15:49:55] Sneha Ma'am Alumni Chair: Guys, I need a response on this"
"[30/10/25, 16:02:39] Sneha Ma'am Alumni Chair: The event is at stake and there are a lot of stakeholders in this."
"[30/10/25, 17:54:39] Yash Gaba Gim Sarc: Sure Ma’am,"
""
"We will begin posting the countdown posters starting today."
""
"Our team will also start working on the agenda poster as soon as we receive all the necessary details from your end."
"[30/10/25, 18:12:42] Sneha Ma'am Alumni Chair: Thank you."
"[30/10/25, 18:12:53] Sneha Ma'am Alumni Chair: Please ensure this."
"[30/10/25, 18:17:38] Sneha Ma'am Alumni Chair: Please share the flyer here before posting."
"[30/10/25, 18:22:34] Yash Gaba Gim Sarc: Sure, Ma’am."
"[30/10/25, 18:57:36] Sneha Ma'am Alumni Chair: What time is it scheduled today?"
"[30/10/25, 19:53:48] Ayushi Gim Sarc Senior: Hello Ma’am,"
""
"We will make sure it goes across before 9:00 PM today."
"[31/10/25, 10:26:31] Amit Singh GIM Alumni Manager: Hello @⁨Ayushi Gim Sarc Senior⁩,"
""
"As you will be travelling for the HR meet, I would like to meet you once to share the necessary information and tasks related to the event."
"We can meet today in person or tomorrow virtually, as per your convenience."
"[31/10/25, 10:52:10] Ayushi Gim Sarc Senior: Sure Sir,"
""
"Will get in touch with you regarding the same."
"[31/10/25, 11:17:32] Nandinee Gim Sarc Senior: @⁨Sneha Ma'am Alumni Chair⁩ ma’am, any update for us regarding this?"
"We will work on the promotions accordingly."
"[31/10/25, 11:24:59] Amit Singh GIM Alumni Manager: Dear Team,"
""
"Planning to post an announcement in all the city groups at 12."
"I hope nothing is planned around that time."
"[31/10/25, 11:39:47] Sneha Ma'am Alumni Chair: @⁨Amit Singh GIM Alumni Manager⁩ request you to share agenda with SARC with the title provided by Dhiresh"
"[31/10/25, 11:43:39] Arjun Karunakar Gim Sarc Senior: Sure, Sir."
""
"Nothing is planned at that time."
"[31/10/25, 12:03:11] Amit Singh GIM Alumni Manager: Dear Team,"
""
"As you are aware, GIM is now AACSB accredited, and my post scheduled for 12 PM today is to announce the same."
"It is recommended that SARC also reshare this major announcement from GIM page on its official social media handles. The announcement in the groups can include the link to of SARC post which will give SARC handle a shared visibility."
"Share your views if we can proceed with this."
""
"Here is the content which you can refer for your caption"
""
"🎉 It’s Official! 🎉"
""
"Your alma mater, Goa Institute of Management (GIM), is now AACSB Accredited!"
""
"With immense pride and joy, we are delighted to share that GIM has been accredited by the Association to Advance Collegiate Schools of Business (AACSB) — a prestigious recognition earned by fewer than 6% of business schools worldwide."
""
"This milestone reflects GIM’s unwavering commitment to excellence in management education, impactful research, and global standards of academic quality."
""
"A heartfelt thank you to all our alumni who contributed to this achievement through surveys, interactions with the Peer Review Team, and continued support to the institute in various capacities. Your engagement has been invaluable in this journey."
""
"🔗 *Here’s our official announcement:*"
"[LinkedIn Link]"
""
"*To learn more about the value of this accreditation*: https://www.aacsb.edu/educators/accreditation/value-of-accreditation"
"[31/10/25, 15:09:26] Yash Gaba Gim Sarc: Sure, Sir."
"‎[02/11/25, 09:15:14] Ayushi Gim Sarc Senior: Hello Amit Sir,"
""
"Following is the display at the ground floor. ‎image omitted"
"‎[02/11/25, 09:15:18] Ayushi Gim Sarc Senior: Hello Amit Sir,"
""
"Following is the display at the ground floor. ‎image omitted"
"[02/11/25, 09:16:51] Amit Singh GIM Alumni Manager: Perfect"
"[05/11/25, 09:27:28] Amit Singh GIM Alumni Manager: Dear Team,"
""
"Post scheduled at 12PM, I hope nothing is scheduled from your side"
"[05/11/25, 09:28:26] Arjun Karunakar Gim Sarc Senior: Hello Sir,"
""
"Please go ahead with your post. Our post is scheduled later for the day."
"[05/11/25, 09:28:55] Amit Singh GIM Alumni Manager: Done, Thank you"
"[05/11/25, 11:38:41] Nandinee Gim Sarc Senior: ‎Your security code with Nandinee changed."
"[06/11/25, 20:09:53] Amit Singh GIM Alumni Manager: https://www.linkedin.com/posts/bw-people-in_bwpeoplehr40under40-bwbusinessworld-leadership-activity-7391802724260069376-nmyB?utm_source=social_share_send&utm_medium=android_app&rcm=ACoAABB8JxwByGUFA3OZ4Z4l-oxICjIAhsVzhMo&utm_campaign=copy_link"
""
"Dear Team,"
""
"Our SM page should engage with this post of alumni achievement."
""
"Alumni - Levllyn Rocha"
"LinkedIn profile - https://www.linkedin.com/in/levllyn?utm_source=share&utm_campaign=share_via&utm_content=profile&utm_medium=android_app"
"[06/11/25, 22:03:26] Amit Singh GIM Alumni Manager: Dear Team,"
""
"We are exploring the possibility of organising the HR Alumni Meet in Mumbai and request you to kindly allot 2 POC for the same from SARC just like Bangalore meet. Try to share the names by Saturday. ‎<This message was edited>"
"[06/11/25, 22:05:11] Amit Singh GIM Alumni Manager: and also add my official number here for future communications"
"[07/11/25, 10:37:58] Amit Singh GIM Alumni Manager: Dear Team,"
""
"There is one post scheduled at 12PM."
"I hope nothing is scheduled around that time."
"[07/11/25, 11:41:25] Yash Gaba Gim Sarc: Sure, Sir."
""
"We will share the PoC details by Saturday."
"[07/11/25, 11:41:41] Yash Gaba Gim Sarc: Sure, Sir."
"[07/11/25, 11:41:57] Yash Gaba Gim Sarc: Sir, please go ahead with your post. We do not have any posts scheduled around that time."
"[07/11/25, 12:02:44] Yash Gaba Gim Sarc: Sure, Sir."
"[07/11/25, 21:13:33] GIM Alumni Office: ‎Yash Gaba Gim Sarc added GIM Alumni Office"
"[09/11/25, 15:33:38] Parth Sharma Gim Sarc JCC: Hello Sir,"
""
"Parth and Debjyoti will be the POCs for the HR Alumni Meet Mumbai."
"[10/11/25, 09:21:00] GIM Alumni Office: Dear Team,"
""
"Post scheduled at 12 PM, Hope nothing is scheduled from your end at that time."
"[10/11/25, 09:26:04] Aditi Mehta Gim Sarc: Sir, please go ahead with your post. We do not have any posts scheduled around that time."
"[10/11/25, 12:51:27] Debjyoti Gim BDA: Hello @⁨Sneha Ma'am Alumni Chair⁩ Ma’am and @⁨Amit Singh GIM Alumni Manager⁩ Sir,"
""
"We would like to inform you that Neetika Ma’am has confirmed the date for the 10-Year Reunion."
""
"The event is scheduled for 7th February."
"[10/11/25, 12:51:50] Sneha Ma'am Alumni Chair: Okay. Thank you!"
"[10/11/25, 13:14:43] GIM Alumni Office: Noted"
"[10/11/25, 13:22:18] GIM Alumni Office: Dear Team,"
""
"We want to have a meeting to discuss the 20th December events."
"There are many activities planned for alumni, including the Centenary Celebration, Awards, 25-Year Reunion for two batches, and the UNIVARIETY also getting alums for endowment. So, we need to be in sync and start the preparations now."
""
"Please share your availability for tomorrow or the day after."
"[10/11/25, 13:24:34] Sneha Ma'am Alumni Chair: Team, request you to prepare your tentative plan for the reunion and bring to the meeting. ‎<This message was edited>"
"[10/11/25, 13:25:32] Sneha Ma'am Alumni Chair: I have got a verbal go ahead from Prof. Ajit on releasing Vibhuti on 20th Dec, please start working on the same."
"[10/11/25, 16:18:14] Sneha Ma'am Alumni Chair: Please propose a meeting slot"
"[10/11/25, 22:44:32] Khushi Dhawan Gim Sarc: Ma’am,"
""
"Apologies in the delay."
""
"We would like to meet you on Wednesday with a tentative plan prepared. Kindly allow us some time to finalize the time slot based on our class schedules."
"[10/11/25, 22:45:26] Sneha Ma'am Alumni Chair: Sure."
"[10/11/25, 23:21:13] Aditi Mehta Gim Sarc: Sure, Ma'am."
""
"We have started to work on the new edition of Vibhuthi, and would like to discuss the details in the meeting with you."
"[11/11/25, 07:51:28] Sneha Ma'am Alumni Chair: Sure"
"[11/11/25, 10:54:36] Amit Singh GIM Alumni Manager: ‎This message was deleted."
"[11/11/25, 10:55:00] GIM Alumni Office: Dear Team,"
""
"Post scheduled at 12PM."
"I hope nothing is scheduled around that time."
"[11/11/25, 11:55:19] Yash Gaba Gim Sarc: Sir, we have a Job Opportunity scheduled to be shared in the City Chapters around 1 PM."
"[11/11/25, 11:55:38] Amit Singh GIM Alumni Manager: ok"
"[11/11/25, 12:08:23] Yash Gaba Gim Sarc: Hello @⁨Sneha Ma'am Alumni Chair⁩ Ma'am,"
""
"We would like to request a meeting slot at 2 PM tomorrow."
""
"Could you please confirm your availability for the same."
"[11/11/25, 14:00:47] Sneha Ma'am Alumni Chair: Okay, sure."
"[12/11/25, 13:48:12] Sneha Ma'am Alumni Chair: NAB Lab 1?"
"[12/11/25, 13:50:00] Khushi Dhawan Gim Sarc: Hello @⁨Sneha Ma'am Alumni Chair⁩ Ma'am  and @⁨Amit Singh GIM Alumni Manager⁩ Sir,"
""
"NAB CR 1 is booked for today's meeting from 5:15 PM to 7:15 PM."
"[12/11/25, 14:04:53] Sneha Ma'am Alumni Chair: Sure. Please note that we need to close at 6.15-6.30 pm"
"[12/11/25, 14:25:29] Shlok Potdar: Hello @⁨Sneha Ma'am Alumni Chair⁩ Ma’am,"
""
"We wanted to inform you that the following members from the junior team will be attending today’s meeting with you -"
""
"Yash"
"Jayesh"
"Debjyoti"
"Ishita"
"Shlok"
"Aditi"
"Sampada"
""
"The rest of the members will not be able to join as they have their PRAs scheduled during the meeting time."
"[12/11/25, 14:25:59] Sneha Ma'am Alumni Chair: Okay!"
"[12/11/25, 14:26:23] Jayesh Gim Sarc: Sure, Ma'am."
"‎[13/11/25, 18:26:04] GIM Alumni Office: ‎Contact card omitted"
"[13/11/25, 19:49:21] GIM Alumni Office: Dear Team,"
""
"This alumni is based in Gurugram and wants to be added in the Delhi group."
""
"She is presently not a part City group."
""
"Vidushi Agrahari, Class of 2023"
"Contact - 9667363204"
""
"LinkedIn profile link - https://www.linkedin.com/in/vidushiagrahari?utm_source=share_via&utm_content=profile&utm_medium=member_ios"
""
"Please do the needful"
"[13/11/25, 22:29:43] Sakshi Patil Gim Sarc: Sure, Sir."
"[14/11/25, 12:02:18] GIM Alumni Office: Dear Team,"
""
"Regarding the design work for Vibhuti, please let me know if you would like to connect directly with the vendor."
"I suggest you to meet the designer tomorrow to explain the requirements, followed by a sample design by next week."
""
"One point of contact (POC) may connect with me over a call, and I will coordinate with the designer accordingly."
"[14/11/25, 12:03:15] GIM Alumni Office: Also please let me know if you are already sorted with the vendor."
"[14/11/25, 12:29:51] Aashita Gim Sarc Senior: Hello Sir,"
""
"Considering the timeline and the fact that our existing vendor, Dranding, already understands the workflow well, we will be  continuing with them for this edition as well."
"[14/11/25, 18:49:52] Aditi Mehta Gim Sarc:"
"‎[14/11/25, 18:49:53] Aditi Mehta Gim Sarc: Hello @⁨Sneha Ma'am Alumni Chair⁩ Ma'am, @⁨GIM Alumni Office⁩ Sir, and @⁨‪+91 99238 48960‬⁩ Ma'am,"
""
"Please find the pictures from yesterday’s get together. ‎image omitted"
"‎[14/11/25, 18:49:54] Aditi Mehta Gim Sarc: ‎image omitted"
"‎[14/11/25, 18:49:54] Aditi Mehta Gim Sarc: ‎image omitted"
"‎[14/11/25, 18:49:54] Aditi Mehta Gim Sarc: ‎image omitted"
"[14/11/25, 19:02:10] Sneha Ma'am Alumni Chair: Thank you!"
"[14/11/25, 21:52:47] GIM Alumni Office: Hi @⁨Parth Sharma Gim Sarc JCC⁩ and @⁨Debjyoti Gim BDA⁩ ."
""
"We are having our 1st meeting to organise the Mumbai HR Meet tomorrow."
""
"Time - 3-3:30PM"
"Do join the meeting."
"Meeting link - https://teams.microsoft.com/l/meetup-join/19%3ameeting_MWFhNGZiMWItYmQ2YS00NmMyLWE5OTUtOGIwMTNjODIwZTQy%40thread.v2/0?context=%7b%22Tid%22%3a%221f436841-fd31-4aac-b492-9d1b692c157b%22%2c%22Oid%22%3a%22d3643a20-5817-4b16-be9c-b146d1376761%22%7d"
"[14/11/25, 21:55:23] ‪+91 99238 48960‬: Thank you for the lovely surprise ♥️"
"[15/11/25, 09:47:35] Parth Sharma Gim Sarc JCC: Hello Sir,"
""
"We have mandatory talks scheduled from the morning until 4 PM."
""
"Is it possible to schedule the meeting at 5 PM or any time after?"
"[15/11/25, 09:47:49] Parth Sharma Gim Sarc JCC: You are welcome, Ma’am."
"[15/11/25, 12:20:05] GIM Alumni Office: Parth, actually multiple stakeholders are involved, and this time is based mainly on the availability of the alumni and the Alumni Chair. What I suggest is that either another SARC member joins the meeting, or we can share the recording."
"[15/11/25, 12:39:35] Parth Sharma Gim Sarc JCC: Thank you for the clarification, Sir."
""
"We will ensure that another member from the S.A.R.C. team joins the meeting."
"[15/11/25, 13:16:24] GIM Alumni Office: Dear Team,"
""
"This alumna is shifting to Dubai and would like to join the UAE group."
"She has already exited the Bangalore group as per the policy."
""
"Please add her to the UAE group?"
""
"Name - Suchika Agarwalla"
"Contact number - 7768803780"
"LinkedIn profile - https://www.linkedin.com/in/suchika-agarwalla-14771613b/"
"[15/11/25, 15:58:11] Ayushi Gim Sarc Senior: Noted Sir."
""
"We will do the needful."
"[15/11/25, 18:51:19] Sneha Ma'am Alumni Chair: Our alumni Aman Jaggi and Arunabha Bhattacharya will be on campus for the CSSA conclave on 22nd Nov"
"[15/11/25, 18:52:12] Sneha Ma'am Alumni Chair: See if you want to have student interactions ‎<This message was edited>"
"[15/11/25, 18:53:09] Sneha Ma'am Alumni Chair: I suggest keep it about sharing their personal anecdotes / stories / career progression/ utilising alumni network etc."
"[15/11/25, 18:53:31] Sneha Ma'am Alumni Chair: You can plan on the 21st evening"
"[15/11/25, 19:08:22] Sneha Ma'am Alumni Chair: Please share the detailed plan you made for the 25th reunion"
"[15/11/25, 19:50:17] GIM Alumni Office: Dear Team,"
""
"Kindly share the POC details for the 25-year Reunion."
"It can either be a single POC for both batches or two separate POCs for each batch."
"[15/11/25, 22:05:31] Khushi Dhawan Gim Sarc: Hello Ma'am,"
""
"Sure, Ma'am. We will discuss the same with the team and share an update soon."
"[15/11/25, 22:06:12] Khushi Dhawan Gim Sarc: Ma'am, We are reworking the itinerary and will be sharing the revised version at the earliest."
"[15/11/25, 22:06:46] Khushi Dhawan Gim Sarc: Hello Sir,"
""
"Jayesh & Khushi Dhawan will be the POCs for the 25 Year Reunion Event."
"[15/11/25, 22:10:48] Sneha Ma'am Alumni Chair: Please share the earlier version, that you planned assuming centenary celebration was at 10.30 am."
"[16/11/25, 09:47:32] GIM Alumni Office: Dear Team,"
""
"Hardik from the Class of 2014 is on campus."
""
"He is one of the alumni who has contributed significantly to the community, from mobilising alumni for various initiatives, to starting interest-specific WhatsApp groups, running GIM Cares, and being popular not just within his batch but across the entire alumni base."
""
"You should meet him, especially the JSARC team."
"It will be very helpful."
""
"Contact - +91 75070 95950"
"[16/11/25, 10:00:40] GIM Alumni Office: And also want to inform, we have one important poll message scheduled for today at 12PM in all the groups."
""
"I hope nothing is scheduled from your end."
"[17/11/25, 10:03:33] Sneha Ma'am Alumni Chair: Ram Kolavennu also"
"[17/11/25, 10:04:19] Sneha Ma'am Alumni Chair: I suggest that you act fast to plan student interactions"
"[17/11/25, 10:04:33] Sneha Ma'am Alumni Chair: They’ll also have a CSSA board meeting on 21st"
"[17/11/25, 10:04:51] Sneha Ma'am Alumni Chair: all 3 are excellent resources"
"[17/11/25, 11:10:13] Khushi Dhawan Gim Sarc: Hello @⁨Sneha Ma'am Alumni Chair⁩ Ma'am,"
""
"We have shared the 25 Year Reunion Itinerary on mail. ‎<This message was edited>"
"[17/11/25, 11:10:41] Sneha Ma'am Alumni Chair: Got it, thank you"
"[17/11/25, 11:12:24] Debjyoti Gim BDA: Hello @⁨GIM Alumni Office⁩ Sir,"
""
"We met Hardik Sir yesterday and had a interaction with him."
"We will stay connected with him going forward."
""
"Thank you for informing us."
"[17/11/25, 11:19:34] Debjyoti Gim BDA: @⁨Sneha Ma'am Alumni Chair⁩ Ma’am,"
""
"Ma'am, we have started to work on this and will share a detailed update with you soon."
"[17/11/25, 11:20:38] Sneha Ma'am Alumni Chair: Thanks!"
"[19/11/25, 14:56:29] Sneha Ma'am Alumni Chair: Please update me on this"
"[19/11/25, 15:19:09] Sneha Ma'am Alumni Chair: Guys, I will not wait for 10 hours every time for you to respond"
"[19/11/25, 15:48:39] Khushi Dhawan Gim Sarc: Hello @⁨Sneha Ma'am Alumni Chair⁩ Ma’am,"
""
"We have connected with Mr. Aman Jaggi and Mr. Arunabha Bhattacharya and have put together a tentative event plan."
""
"Please let us know a convenient time to meet you in person or connect over the call to discuss the same."
"[19/11/25, 15:49:41] Sneha Ma'am Alumni Chair: share the tentative plan please"
"[19/11/25, 15:50:21] Sneha Ma'am Alumni Chair: Update on their willingness, timing and your plan for engagemnt"
"[19/11/25, 15:52:19] Khushi Dhawan Gim Sarc: Sure, Ma'am."
"[19/11/25, 16:56:06] GIM Alumni Office: ‎This message was deleted."
"‎[19/11/25, 16:59:22] GIM Alumni Office: ‎Contact card omitted"
"[21/11/25, 12:26:14] Sneha Ma'am Alumni Chair: How are the registrations for C2C?"
"[21/11/25, 12:33:17] Khushi Dhawan Gim Sarc: Hello @⁨Sneha Ma'am Alumni Chair⁩  Ma'am,"
""
"The count is 28 as of now, however we are actively working to drive them close to 40."
"[22/11/25, 09:45:16] Sakshi Patil Gim Sarc:"
"‎[22/11/25, 09:45:16] Sakshi Patil Gim Sarc: Hello @⁨Sneha Ma'am Alumni Chair⁩ Ma'am,"
""
"The C2C event was concluded successfully."
""
"We had strong participation, and the audience was highly engaged throughout the session and asked thoughtful questions as well."
""
"We are sharing some photos of the session for your reference. ‎image omitted"
"‎[22/11/25, 09:45:16] Sakshi Patil Gim Sarc: ‎image omitted"
"‎[22/11/25, 09:45:17] Sakshi Patil Gim Sarc: ‎image omitted"
"‎[22/11/25, 09:45:17] Sakshi Patil Gim Sarc: ‎image omitted"
"‎[22/11/25, 09:45:17] Sakshi Patil Gim Sarc: ‎image omitted"
"[22/11/25, 09:54:18] Sneha Ma'am Alumni Chair: That’s great!"
"[23/11/25, 09:41:52] GIM Alumni Office: Dear Team,"
""
"Can you please share all the pictures taken at the 20 year reunion."
"Not only the ones posted on social media but the other ones too."
"[23/11/25, 09:42:46] GIM Alumni Office: And a post is scheduled at 12 PM, i hope nothing is scheduled around that time."
"[23/11/25, 10:14:11] Debjyoti Gim BDA: ‎Hello @⁨GIM Alumni Office⁩ Sir,"
""
"Sure."
""
"Please find below the pictures from the 20-year reunion, including the ones that were not posted on social media."
"[23/11/25, 10:14:36] Debjyoti Gim BDA:"
"‎[23/11/25, 10:14:38] Debjyoti Gim BDA: ‎image omitted"
"‎[23/11/25, 10:14:39] Debjyoti Gim BDA: ‎image omitted"
"‎[23/11/25, 10:14:40] Debjyoti Gim BDA: ‎image omitted"
"‎[23/11/25, 10:14:41] Debjyoti Gim BDA: ‎image omitted"
"‎[23/11/25, 10:14:42] Debjyoti Gim BDA: ‎image omitted"
"‎[23/11/25, 10:14:43] Debjyoti Gim BDA: ‎image omitted"
"‎[23/11/25, 10:14:43] Debjyoti Gim BDA: ‎image omitted"
"‎[23/11/25, 10:14:44] Debjyoti Gim BDA: ‎image omitted"
"‎[23/11/25, 10:14:44] Debjyoti Gim BDA: ‎image omitted"
"‎[23/11/25, 10:14:45] Debjyoti Gim BDA: ‎image omitted"
"‎[23/11/25, 10:14:45] Debjyoti Gim BDA: ‎image omitted"
"‎[23/11/25, 10:14:47] Debjyoti Gim BDA: ‎image omitted"
"‎[23/11/25, 10:14:47] Debjyoti Gim BDA: ‎image omitted"
"‎[23/11/25, 10:14:48] Debjyoti Gim BDA: ‎image omitted"
"‎[23/11/25, 10:14:48] Debjyoti Gim BDA: ‎image omitted"
"‎[23/11/25, 10:14:48] Debjyoti Gim BDA: ‎image omitted"
"‎[23/11/25, 10:14:49] Debjyoti Gim BDA: ‎image omitted"
"‎[23/11/25, 10:14:49] Debjyoti Gim BDA: ‎image omitted"
"‎[23/11/25, 10:14:50] Debjyoti Gim BDA: ‎image omitted"
"‎[23/11/25, 10:14:50] Debjyoti Gim BDA: ‎image omitted"
"‎[23/11/25, 10:14:51] Debjyoti Gim BDA: ‎image omitted"
"‎[23/11/25, 10:14:51] Debjyoti Gim BDA: ‎image omitted"
"‎[23/11/25, 10:14:51] Debjyoti Gim BDA: ‎image omitted"
"‎[23/11/25, 10:14:52] Debjyoti Gim BDA: ‎image omitted"
"‎[23/11/25, 10:14:52] Debjyoti Gim BDA: ‎image omitted"
"‎[23/11/25, 10:14:53] Debjyoti Gim BDA: ‎image omitted"
"‎[23/11/25, 10:14:53] Debjyoti Gim BDA: ‎image omitted"
"‎[23/11/25, 10:14:53] Debjyoti Gim BDA: ‎image omitted"
"‎[23/11/25, 10:14:54] Debjyoti Gim BDA: ‎image omitted"
"‎[23/11/25, 10:14:54] Debjyoti Gim BDA: ‎image omitted"
"‎[23/11/25, 10:14:55] Debjyoti Gim BDA: ‎image omitted"
"‎[23/11/25, 10:14:55] Debjyoti Gim BDA: ‎image omitted"
"‎[23/11/25, 10:14:57] Debjyoti Gim BDA: ‎image omitted"
"‎[23/11/25, 10:14:58] Debjyoti Gim BDA: ‎image omitted"
"‎[23/11/25, 10:14:58] Debjyoti Gim BDA: ‎image omitted"
"‎[23/11/25, 10:15:00] Debjyoti Gim BDA: ‎image omitted"
"‎[23/11/25, 10:15:01] Debjyoti Gim BDA: ‎image omitted"
"‎[23/11/25, 10:15:01] Debjyoti Gim BDA: ‎image omitted"
"‎[23/11/25, 10:15:02] Debjyoti Gim BDA: ‎image omitted"
"‎[23/11/25, 10:15:04] Debjyoti Gim BDA: ‎image omitted"
"‎[23/11/25, 10:15:04] Debjyoti Gim BDA: ‎image omitted"
"‎[23/11/25, 10:15:06] Debjyoti Gim BDA: ‎image omitted"
"‎[23/11/25, 10:15:07] Debjyoti Gim BDA: ‎image omitted"
"‎[23/11/25, 10:15:08] Debjyoti Gim BDA: ‎image omitted"
"[23/11/25, 10:15:32] Debjyoti Gim BDA: Sir, please go ahead with your post. We do not have any posts scheduled around that time."
"[24/11/25, 11:51:13] Sneha Ma'am Alumni Chair: Team, good job with C2C. I met the alumni doing CSSA conclave and they were very happy."
"[24/11/25, 12:27:52] Aditi Mehta Gim Sarc: Thank you, Ma’am."
"[24/11/25, 12:38:29] GIM Alumni Office: Dear Team,"
""
"We have a very senior alumnus visiting the campus on 27th (Thursday) this week:"
""
"Mr. Abhishek K"
"Class of 2005"
"Executive Director, Wells Fargo (USA)"
""
"We will be coordinating his meetings with a few faculty members and relevant stakeholders. He has also expressed interest in interacting with a group of students. He is flexible with the timing—morning, afternoon or evening—and is open to meeting either a small group or a larger audience."
""
"Please let me know if you will be able to arrange a student interaction session with him. We will plan his campus visit accordingly."
""
"LinkedIn Profile: https://www.linkedin.com/in/abhicomet/"
"[24/11/25, 20:16:26] Sneha Ma'am Alumni Chair: Guys, Give Goa / SLRI chair is Prof. Vishwesh"
"[24/11/25, 20:16:32] Sneha Ma'am Alumni Chair: Not Prof. Padmanabhan"
"[24/11/25, 20:16:53] Sneha Ma'am Alumni Chair: Please double check and confirm before you email the chairs"
"[25/11/25, 16:31:11] Sneha Ma'am Alumni Chair: We need response on this asap"
"[25/11/25, 19:47:17] Aditi Mehta Gim Sarc: Hello @⁨GIM Alumni Office⁩ Sir,"
""
"Thank you for informing us."
""
"We are planning of arranging a student interaction session. We will share the details with you at the earliest."
"[25/11/25, 19:48:05] Aditi Mehta Gim Sarc: Hello @⁨Sneha Ma'am Alumni Chair⁩ Ma’am,"
""
"We apologise for the error and going forward we will double check before sending any email. ‎<This message was edited>"
"[25/11/25, 20:14:13] GIM Alumni Office: Dear Team,"
""
"The alumnus will reach campus around 2:45 PM."
""
"- First: Campus tour"
"- Then Interaction with faculty"
""
"He will be free from 4:30 PM to 6:00 PM so you can plan your interaction accordingly."
"[25/11/25, 20:40:16] Aditi Mehta Gim Sarc: Thank you for sharing the schedule, Sir."
""
"We will plan the student interaction at 5:15 PM."
"[25/11/25, 20:43:05] Sneha Ma'am Alumni Chair: What format are you planning @⁨Aditi Mehta Gim Sarc⁩"
"[25/11/25, 20:45:22] Sneha Ma'am Alumni Chair: Since you guys didn’t respond for so long and since the alum was very interested in student interactions, I spoke to Prof. Hanish and Prof. Shawnn for possible student interactions."
"[25/11/25, 20:46:56] Sneha Ma'am Alumni Chair: Prof. Hanish will not be conducting any. I have asked Prof. Shawnn if they want to have a placement talk. Since 2nd year students have exams, he said he’ll check the availability of 1st year students as many will be at Wells Fargo for SIP."
"[25/11/25, 20:47:32] Sneha Ma'am Alumni Chair: No confirmation yet. Would you like to collaborate with placements if they want to hold placement talk?"
"[25/11/25, 20:49:59] Sneha Ma'am Alumni Chair: When such senior alum visits and wants to interact and we don’t facilitate, alumni relationship takes a serious beating. We can’t take any chances. If you guys don’t respond for a day and a half after Amit posts, my stress levels will keep shooting up!"
"[25/11/25, 20:50:47] Sneha Ma'am Alumni Chair: Please understand that the stakes are very high and you all hold positions in a very important office!"
"[25/11/25, 20:51:16] Sneha Ma'am Alumni Chair: Please decide and let us know. Thank you."
"[25/11/25, 22:01:39] Debjyoti Gim BDA: Hello @⁨Sneha Ma'am Alumni Chair⁩ Ma’am,"
""
"Our sincere apologies for the delay in getting back to you. We were planning and ideating on a Masterclass session with Mr. Abhishek, but unfortunately, it will not be possible to conduct the session as intended."
""
"We would like to discuss this with you in more detail and align on our next steps. If you are available, may we request a few minutes to speak with you today? We would be happy to connect at a time that is convenient for you."
"[25/11/25, 22:07:39] Sneha Ma'am Alumni Chair: @⁨Debjyoti Gim BDA⁩ sorry, I’ll not be able to talk now. Please send a detailed message as to why master class won’t work and what you’re planning next, and I’ll respond. DM if needed."
"[25/11/25, 23:19:51] Debjyoti Gim BDA: Ma’am,"
""
"We wanted to discuss with you regarding the participation for the upcoming session. Last time for our C2C event, even though three senior Alumni had joined us, we were not able to get the expected student registrations. Because of the shortage of time, we are concerned that we may face a similar issue again."
""
"For Mr. Abhishek's visit, we are planning to have a casual interaction with the students who are placed at Wells Fargo this year."
""
"To address the participation issue, we are coordinating with all the placement committees, and we have received a positive response."
""
"We will update you with all the details shortly."
"[25/11/25, 23:23:28] Sneha Ma'am Alumni Chair: Okay, good. What’s the total number of students placed at Wells Fargo? Any idea?"
"[26/11/25, 00:10:02] Debjyoti Gim BDA: Ma’am,"
""
"We spoke with the placement committees, and they have confirmed atleast 50 students (including all those who are placed at Wells Fargo) till now."
""
"We are in the process of booking ABE CR1 for the interaction on 27th."
"[26/11/25, 00:17:07] Sneha Ma'am Alumni Chair: Great. Let me know if you need anything!"
"[26/11/25, 00:17:16] Sneha Ma'am Alumni Chair: Thanks for the update."
"[26/11/25, 00:23:31] Debjyoti Gim BDA: Sure, Ma'am."
"[26/11/25, 18:57:46] GIM Alumni Office: Dear Team,"
""
"The post is planned for 8:30 PM tonight."
"Not sharing it in the Mumbai group because your HR Meet post is already planned."
"[26/11/25, 20:36:59] Parth Sharma Gim Sarc JCC: Sure, Sir."
""
"We will be posting the HR meet post in the Mumbai Chapter shortly."
"[27/11/25, 09:03:27] Sneha Ma'am Alumni Chair: Team, there’s an update on unveiling of Vibhuti. Since the centenary celebration is shifted to afternoon and now have a bit too many items on the agenda, it was decided in the last meeting that Vibhuti can be unveiled after the event, with the alumni."
"[27/11/25, 09:05:01] Sneha Ma'am Alumni Chair: Will see how to fit it in but as of now, due to the limited capacity of the auditorium, the event may not be able to accommodate students. It will probably live streamed to students instead."
"[27/11/25, 09:39:29] GIM Alumni Office: Dear Team,"
""
"We will be finalizing the schedule for the 20th December event today, and after that, we would like to meet all of you—both Senior and Junior SARC members—on Monday or Tuesday."
""
"The agenda for the meeting will be to walk through the plan for the 20th December event together, discuss the activities planned, align on SARC's roles and involvement, and also a small surprise for all of you."
""
"Please note that, as discussed, 5th December is the deadline for submitting the complete budget requirements for the 20th December event, along with other projects such as the 10-Year Reunion, Summer Solstice, etc."
""
"Kindly share your availability by Saturday so that we can also check and block our schedule for the meeting."
"[27/11/25, 09:40:04] Sneha Ma'am Alumni Chair: I would prefer Tuesday over Monday."
"[27/11/25, 09:40:33] Sneha Ma'am Alumni Chair: But Monday afternoon is okay, if Tuesday doesn’t work."
"[27/11/25, 09:40:42] Sneha Ma'am Alumni Chair: Please make sure all of you are available"
"[27/11/25, 09:46:51] Sneha Ma'am Alumni Chair: @⁨Debjyoti Gim BDA⁩ please update on the student interaction happening with the alum today."
"[27/11/25, 10:15:09] Debjyoti Gim BDA: Hello @⁨Sneha Ma'am Alumni Chair⁩ Ma’am,"
""
"Around 50 students from PGDM Core, BDA and BIFS are expected to attend today’s interaction."
""
"One of our team member will receive Abhishek Sir in the afternoon."
""
"Additionally, ABE CR-1 has been booked, and the session is scheduled to begin at 5 PM. All hosting and coordination arrangements have been taken care of."
"[27/11/25, 10:15:56] Sneha Ma'am Alumni Chair: That’s good. 50 are confirmed? Is it voluntary or mandatory?"
"[27/11/25, 10:16:45] Sneha Ma'am Alumni Chair: I hope the alum is aware of it. Are you in touch with him?"
"[27/11/25, 10:27:43] Aditi Mehta Gim Sarc: Ma’am,"
""
"We wanted to share that the session is now scheduled to begin at 5:30 PM. Attendance will be a mix of students joining voluntarily and those encouraged by the Placement Committee."
""
"Regarding the Alumnus, we haven’t connected with him directly yet since Amit Sir is coordinating the communication. We will reach out once he arrives on campus."
"[27/11/25, 10:30:11] Aditi Mehta Gim Sarc: Sure, Ma'am. Thank you for the update."
"[27/11/25, 11:23:57] GIM Alumni Office: Final Schedule"
""
"Alumni Visit (27th November) – Abhishek K"
""
"- Arrival & Welcome: 2:45 PM"
"- Campus Tour / Meeting with Prof. Sneha(NOB): 2:45 – 3:30 PM"
"- Meeting with Prof. Ajit(NOB): 3:30 – 3:45 PM"
"- Meeting with Prof. Hanish(NOB): 3:45 – 4:15 PM"
"- Meeting with Prof. Sreerupa(NOB): 4:15-4:30PM"
"- Evening Snacks: 4:30 – 5:15 PM"
"- Interaction with Students(ABE-CR1): From 5:30 PM onwards"
"- See-off: Between 6:30 – 7:00 PM"
"[27/11/25, 14:06:58] Debjyoti Gim BDA: Hello @⁨GIM Alumni Office⁩ Sir,"
""
"Sure, we will confirm our availability by Saturday and update accordingly."
"[27/11/25, 14:07:23] Debjyoti Gim BDA: Okay, Sir."
""
"Thank you for the update. We will let you know if anything is needed."
"[27/11/25, 23:29:24] GIM Alumni Office: Our alumni Vinutha Mufti from.Class of 2004 promoted to a very senior position."
""
"You can post this."
""
"https://hr.economictimes.indiatimes.com/news/industry/vinutha-mufti-appointed-as-director-of-business-hr-at-abbott-india/125613428"
"[28/11/25, 11:19:02] Mansi Mishra Gim Sarc: Sure, Sir."
""
"Thank you for letting us know."
"[28/11/25, 11:21:46] Debjyoti Gim BDA:"
"‎[28/11/25, 11:21:51] Debjyoti Gim BDA: Hello @⁨Sneha Ma'am Alumni Chair⁩ Ma’am,"
""
"We are pleased to inform you that the International Masterclass concluded successfully with a turnout of around 70 students."
""
"Abhishek Sir delivered the session with great clarity and impact, and the feedback received from students has been highly positive."
""
"Please find attached a few photographs from the session for your reference. ‎image omitted"
"‎[28/11/25, 11:21:55] Debjyoti Gim BDA: ‎image omitted"
"‎[28/11/25, 11:21:57] Debjyoti Gim BDA: ‎image omitted"
"‎[28/11/25, 11:22:00] Debjyoti Gim BDA: ‎image omitted"
"‎[28/11/25, 11:22:06] Debjyoti Gim BDA: ‎image omitted"
"‎[28/11/25, 11:22:39] Debjyoti Gim BDA: ‎image omitted"
"‎[28/11/25, 11:22:40] Debjyoti Gim BDA: ‎image omitted"
"‎[28/11/25, 11:22:41] Debjyoti Gim BDA: ‎image omitted"
"[28/11/25, 15:21:42] Sneha Ma'am Alumni Chair: This is wonderful. Nice to see full house."
"[29/11/25, 09:50:24] GIM Alumni Office: Dear Team,"
""
"We have announced the alumni Open House for today. We need to post a few reminder messages until 11:30–12:00 PM."
""
"I hope nothing is planned during this time, if yes then please shift it after 12:30PM."
"[29/11/25, 13:22:49] Debjyoti Gim BDA: Hello @⁨Sneha Ma'am Alumni Chair⁩ Ma’am,"
""
"We appreciate your support and look forward to hosting many more meaningful engagements ahead."
"[30/11/25, 08:51:57] GIM Alumni Office: Dear Team,"
""
"Please add this alum to the US group. He is currently not part of any group."
""
"Name: Satyoki Chatterjee"
"Graduation Year: 2020"
"LinkedIn Profile: https://www.linkedin.com/in/satyoki-chatterjee?utm_source=share&utm_campaign=share_via&utm_content=profile&utm_medium=android_app"
""
"Contact number - +1 (818) 463-4659"
"[30/11/25, 12:03:59] Mansi Mishra Gim Sarc: Noted Sir."
""
"We will do the needful."
"[30/11/25, 20:50:24] Debjyoti Gim BDA: Hello @⁨GIM Alumni Office⁩ Sir,"
""
"The team is available on Monday after 5 PM."
""
"Request you to kindly share the venue for the same."
"[01/12/25, 11:51:53] GIM Alumni Office: Dear Team,"
""
"Prof. Sneha is not available today, Can we do the meeting tomorrow."
"[01/12/25, 12:05:38] GIM Alumni Office: 5PM Tomorrow?"
"[01/12/25, 12:53:27] Debjyoti Gim BDA: Sure @⁨GIM Alumni Office⁩ Sir,"
""
"The team will be available tomorrow at 5 PM for the meeting."
"[01/12/25, 12:53:43] GIM Alumni Office: Perfect, Thank you"
"[01/12/25, 19:36:46] GIM Alumni Office: Dear Team,"
"The post is scheduled for 8:30 PM tonight. It is a very important update."
""
"Please avoid posting anything from now."
"[01/12/25, 20:25:33] Yash Gaba Gim Sarc: Sir, please go ahead with your post. We do not have any posts scheduled around that time."
"[02/12/25, 10:13:42] GIM Alumni Office: Dear Team,"
""
"Post scheduled at 12, Hope nothing is scheduled around that time"
"[02/12/25, 10:51:47] Aditi Mehta Gim Sarc: Sir, please go ahead with your post. We do not have any posts scheduled around that time."
"[02/12/25, 19:23:34] GIM Alumni Office: Dear Team,"
""
"A very senior alum with a strong profile is interested in interacting with our students. He has suggested topics like AI, career opportunities, and education in the USA, and is open to other topics as well."
""
"Please let me know if you would like to connect with him to plan an online session for the students."
""
"Here is his LinkedIn profile: https://www.linkedin.com/in/ai-innovation-risk-management-operations-excellence-efficiency-transformation-coo-bpo-genai/"
""
"Considering his experience, this will be a good opportunity for our students. Feel free to share if you have the bandwidth to conduct the session this month or if we should plan it for next month."
"[03/12/25, 08:10:11] GIM Alumni Office: Dear Team"
""
"2 posts scheduled today."
""
"One at 12PM and the other at 8:30PM."
""
"Please plan your posts accordingly."
"[03/12/25, 09:53:59] Shlok Potdar: Sir, please go ahead with your post. We do not have any posts scheduled around that time."
"[03/12/25, 15:14:31] Mansi Mishra Gim Sarc: Hello @⁨Sneha Ma'am Alumni Chair⁩ Ma’am and @⁨GIM Alumni Office⁩ Sir,"
""
"Thank you for the thoughtful gift. We truly appreciate your kindness and generosity."
""
"We have also distributed the remaining gifts to the rest of the team."
"[03/12/25, 15:23:21] Sneha Ma'am Alumni Chair: Happy to know you liked it and everyone got their gifts."
"[03/12/25, 15:49:21] Sneha Ma'am Alumni Chair: Please share the event calendar by EoD today"
"[03/12/25, 22:34:19] Mansi Mishra Gim Sarc: Ma'am,"
""
"The mail has been sent."
"[03/12/25, 22:35:02] Sneha Ma'am Alumni Chair: Received. Thank you. I’ve also added few events that were missed."
"[03/12/25, 23:02:06] Sneha Ma'am Alumni Chair: you guys have missed so many things!"
"[03/12/25, 23:02:17] Sneha Ma'am Alumni Chair: Delhi imprints, Kolkata imprints"
"[03/12/25, 23:02:25] Sneha Ma'am Alumni Chair: EC + batch reps visit to campus"
"[03/12/25, 23:02:29] Sneha Ma'am Alumni Chair: London meet"
"[03/12/25, 23:02:32] Sneha Ma'am Alumni Chair: Canada Meet"
"[03/12/25, 23:02:43] Sneha Ma'am Alumni Chair: the whole 20th Dec event!"
"[03/12/25, 23:03:17] Sneha Ma'am Alumni Chair: 40% of the events are not included"
"[03/12/25, 23:07:31] Sneha Ma'am Alumni Chair: Sessions for HCM by Cecilia and Nirala Kumar"
"[03/12/25, 23:07:40] Sneha Ma'am Alumni Chair: Please find the date and share here"
"[03/12/25, 23:09:06] Sneha Ma'am Alumni Chair: Dates are wrong too"
"[03/12/25, 23:09:17] Sneha Ma'am Alumni Chair: of 20th year reunion and Toronto meet"
"[03/12/25, 23:09:42] Sneha Ma'am Alumni Chair: Please cross check again and email the revised version"
"[03/12/25, 23:10:46] Sneha Ma'am Alumni Chair: Nairobi meet?"
"[03/12/25, 23:12:22] Sneha Ma'am Alumni Chair: Also, batch election happens off campus? Please verify."
"[04/12/25, 00:22:58] Debjyoti Gim BDA: Ma'am, we apologise for the oversight. We will check the calendar again and make the necessary changes."
"[04/12/25, 00:23:15] Debjyoti Gim BDA: Ma'am, batch election is organised on Campus."
"[04/12/25, 00:23:50] Debjyoti Gim BDA: We will cross check and mention the dates for all the events, Ma’am."
"[04/12/25, 09:43:31] Sneha Ma'am Alumni Chair: We haven’t included Dubai meet as well"
"[04/12/25, 09:43:54] Sneha Ma'am Alumni Chair: Please include London, Nairobi and Dubai meet dates"
"[04/12/25, 10:15:35] GIM Alumni Office: @⁨Aashita Gim Sarc Senior⁩ and @nandinee Please meet me today for discussing the on Ground execution for Mumbai HR Meet."
""
"Will connect you with the Hotel people and also share some details."
"Come with the name tags and Mic(Ayushi is having)."
"[04/12/25, 10:21:05] Aashita Gim Sarc Senior: Sure, Sir."
""
"Please let us know if 3:30 PM works for you."
"[04/12/25, 10:32:02] Sneha Ma'am Alumni Chair: I think name tags got over last time"
"[04/12/25, 10:32:07] Sneha Ma'am Alumni Chair: We might have to get more"
"[04/12/25, 10:32:17] Sneha Ma'am Alumni Chair: Let’s get 40 this time"
"[04/12/25, 11:13:58] GIM Alumni Office: Dear Team"
""
"2 posts scheduled today."
""
"One at 12PM and the other at 8:30PM."
""
"Please plan your posts accordingly."
"[04/12/25, 15:25:44] Mansi Mishra Gim Sarc: Sir, please go ahead with your post. We do not have any posts scheduled at 8:30 PM."
"[04/12/25, 18:13:31] Khushi Dhawan Gim Sarc: Sure, Ma'am."
"[05/12/25, 09:00:11] GIM Alumni Office: Dear Team,"
""
"We have the webinar scheduled for today and will be posting two messages — one at 12 PM and another at around 4 PM."
""
"Please also keep the webinar time blocked for us in case any posts are required between 7–8 PM."
"[05/12/25, 09:01:17] GIM Alumni Office: @⁨Debjyoti Gim BDA⁩ , I hope we are sharing the Mumbai post today with tomorrow 4PM as last date to register."
"[05/12/25, 12:12:44] Debjyoti Gim BDA: Sir, please go ahead with your post. We do not have any posts scheduled around that time."
"[05/12/25, 12:13:02] Debjyoti Gim BDA: Yes Sir, we will share the Mumbai post today with the registration deadline mentioned as tomorrow, 4 PM."
"[05/12/25, 21:02:09] GIM Alumni Office: Hey @⁨Aryaman Tapparia Gim Sarc Senior⁩,"
"As you are going to the HR Meet in Mumbai,"
"please give me a call. I will brief you on a few things regarding the on-ground logistics."
"[05/12/25, 21:02:43] GIM Alumni Office: And someone please add Vanita in the group."
""
"Our alumni Office staff"
"[05/12/25, 21:03:02] GIM Alumni Office: +917822808903"
"[05/12/25, 21:05:45] Aryaman Tapparia Gim Sarc Senior: Sure, Sir. I'll call once I board the bus."
"[05/12/25, 21:07:08] GIM Alumni Office: Ohh you boarded the bus, no worries, let's connect tomorrow when you reach."
""
"Have a safe journey and all the best."
"[05/12/25, 22:45:13] Aryaman Tapparia Gim Sarc Senior: Thank You, Sir."
"[06/12/25, 09:48:59] GIM Alumni Office: Good morning@⁨Debjyoti Gim BDA⁩, Let’s connect over a call today, preferably in the first half, for our final check on the HR Meet preparedness."
"@⁨Arjun Karunakar Gim Sarc Senior⁩ or @⁨Ayush Shenvi Sarc Senior⁩ please join the call"
"[06/12/25, 11:43:20] Debjyoti Gim BDA: Sure, Sir."
""
"Kindly let us know a convenient time for the call."
"[06/12/25, 11:43:49] GIM Alumni Office: 12:30"
"[06/12/25, 11:55:15] Debjyoti Gim BDA: Okay, Sir."
"[06/12/25, 20:17:49] Mansi Mishra Gim Sarc: Sure, Sir."
""
"We will add Vanita Ma’am right away."
"[06/12/25, 20:18:21] Veenita Mam Alumni Office Priya Ma'am Replacement: ‎Mansi Mishra Gim Sarc added Veenita Mam Alumni Office Priya Ma'am Replacement"
"[06/12/25, 22:40:55] Yash Gaba Gim Sarc: Hello @⁨Sneha Ma'am Alumni Chair⁩ @⁨GIM Alumni Office⁩"
""
"We have received a message from an Alumnus informing us that his flight to Mumbai has been cancelled due to the ongoing Indigo issue."
""
"We wanted to know if a refund should be initiated in such cases?"
"[06/12/25, 22:41:30] Sneha Ma'am Alumni Chair: Yes please."
"[06/12/25, 22:41:36] Sneha Ma'am Alumni Chair: Where was he flying from?"
"[06/12/25, 22:44:47] Yash Gaba Gim Sarc: He was flying from Hyderabad, Ma’am."
"[06/12/25, 22:52:27] Sneha Ma'am Alumni Chair: Oh! Okay. Please refund."
"[06/12/25, 23:26:28] GIM Alumni Office: ‎This message was deleted."
"[07/12/25, 10:55:47] Nandinee Gim Sarc Senior: ‎Your security code with Nandinee changed."
"[07/12/25, 11:16:25] Nandinee Gim Sarc Senior: ‎Your security code with Nandinee changed."
"[07/12/25, 11:25:33] Nandinee Gim Sarc Senior: ‎Your security code with Nandinee changed."
"[07/12/25, 11:55:18] Nandinee Gim Sarc Senior: ‎Your security code with Nandinee changed."
"[07/12/25, 12:19:23] Nandinee Gim Sarc Senior: ‎Your security code with Nandinee changed."
"[07/12/25, 12:27:32] Nandinee Gim Sarc Senior: ‎Your security code with Nandinee changed."
"[07/12/25, 14:32:18] Nandinee Gim Sarc Senior: ‎Your security code with Nandinee changed."
"[07/12/25, 14:35:10] Nandinee Gim Sarc Senior: ‎Your security code with Nandinee changed."
"[07/12/25, 21:58:35] GIM Alumni Office: Glad to see that the HR Meet post was shared today itself."
"Kudos team!"
"[07/12/25, 22:04:51] Sneha Ma'am Alumni Chair: Guys, this is wonderful. But please please thank GIMAA!"
"[07/12/25, 22:05:37] Sneha Ma'am Alumni Chair: Please edit at the earliest."
"[07/12/25, 22:06:16] Sneha Ma'am Alumni Chair: And confirm once done"
"[07/12/25, 22:24:26] Sneha Ma'am Alumni Chair: Okay, I see it. It’s better to say GIM alumni association rather than GIMAA. Most people even inside GIM don’t know what GIMAA is."
"[07/12/25, 22:47:15] Rochan Goel GIM Core Senior (9551): Sure Ma'am, We have made the changes."
"[07/12/25, 22:47:35] Sneha Ma'am Alumni Chair: Thank you, Rochan."
"[07/12/25, 22:47:54] Sneha Ma'am Alumni Chair: The event went very well. Thanks to all of you for the support."
"[08/12/25, 11:48:49] Mansi Mishra Gim Sarc: You are welcome, Ma’am."
"[08/12/25, 13:53:51] GIM Alumni Office: Dear Team,"
""
"We are working on engagement data and need the details of alumni who registered for events through the SARC forms. To do this, we would like to have a meeting with the Student Assistantship Team and SARC to exchange the data."
""
"We will need one person who has access to the SARC email ID/Form/drive for this meeting. It will take about 30 minutes."
""
"Please let us know who can join, and we will coordinate the meeting."
"[08/12/25, 16:39:02] Khushi Dhawan Gim Sarc: Sure, Sir."
""
"Tilak will join you for the meeting."
"[08/12/25, 16:39:39] GIM Alumni Office: Ok"
"[08/12/25, 22:54:29] GIM Alumni Office: @⁨Tilak Periwal Gim Sarc⁩ , one of the Student Assistant ship member will call you for the meeting."
"[08/12/25, 23:31:23] Tilak Periwal Gim Sarc: Sure, Sir."
"[09/12/25, 14:55:21] Veenita Mam Alumni Office Priya Ma'am Replacement: Hii team"
""
"We have booked MPH on  18 th and 19 th Dec , but placement wants MPH on 18 th for 5 pm to 6 pm.Is it ok for you just confirm if you have something at that time so that we can give to them for 1 hour duration"
"[09/12/25, 15:15:46] Veenita Mam Alumni Office Priya Ma'am Replacement: Please update as fast as possible tean"
"[09/12/25, 15:37:38] Mansi Mishra Gim Sarc: Hello Ma’am,"
""
"You can allow them to use the MPH on 18th December from 5 to 6 PM."
"[10/12/25, 13:04:23] Sneha Ma'am Alumni Chair: Dear Team, GIM FPM page will soon make a LinkedIn and Instagram post on the alumni webinar that we had on 5th Dec. I’ve asked them to tag SARC. Please repost the same."
"[10/12/25, 14:20:13] Mansi Mishra Gim Sarc: Sure, Ma’am."
"[10/12/25, 21:18:48] Sneha Ma'am Alumni Chair: Hi Team, reunion event will start at 2 pm and not 10 am."
"[10/12/25, 21:19:18] Sneha Ma'am Alumni Chair: We already discussed this, when we met last time!"
"[10/12/25, 21:20:05] Sneha Ma'am Alumni Chair: Please correct your Instagram reel"
"[10/12/25, 21:22:57] Ayushi Gim Sarc Senior: Sure, Ma'am."
""
"We will share the corrected reel at the earliest."
""
"The current reel has been removed. ‎<This message was edited>"
"[11/12/25, 05:30:49] Veenita Mam Alumni Office Priya Ma'am Replacement: ‎This message was deleted."
"[11/12/25, 21:37:24] GIM Alumni Office: Dear Team,"
""
"Two of our alums have recently received awards on behalf of GIM, and the coordination for the same was managed by the Alumni Office."
""
"This announcement has already been posted on the main GIM page, and it is recommended that you re-share it with a comment thanking the alumni for receiving the awards on behalf of GIM."
""
"Here is the post link for reference"
""
"https://www.linkedin.com/posts/goa-institute-of-management-gim_gim-lifeatgim-eventsatgim-activity-7403445476852797440-v1sK?utm_source=share&utm_medium=member_android&rcm=ACoAABB8JxwByGUFA3OZ4Z4l-oxICjIAhsVzhMo"
"[12/12/25, 19:17:10] GIM Alumni Office: Dear Team,"
""
"Please reply for this."
"[12/12/25, 19:17:40] GIM Alumni Office: and also, i have one post planned at 8PM in the groups, hope nothing is planned around that time."
"[12/12/25, 19:34:47] Ayushi Gim Sarc Senior: Sure Sir,"
""
"We have nothing planned from our side at 8 PM."
"[13/12/25, 18:28:21] Sneha Ma'am Alumni Chair: Dear Team, I hope you have started working on the domains/ industry of the alumni visiting on 20th Dec."
"[13/12/25, 18:29:02] Sneha Ma'am Alumni Chair: Please update on the status"
"[13/12/25, 18:38:26] Sneha Ma'am Alumni Chair: I sent you an email for a linkedin post"
"[13/12/25, 18:38:33] Sneha Ma'am Alumni Chair: please do the needful"
"[13/12/25, 18:38:47] Sneha Ma'am Alumni Chair: please update asap"
"[13/12/25, 20:48:25] Sneha Ma'am Alumni Chair: Update on this please."
"[13/12/25, 20:56:29] Yash Gaba Gim Sarc: Hello Ma'am,"
""
"We are currently working on the domains of the Alumni. We will share the list with you as soon as it gets completed."
"[13/12/25, 20:57:32] Sneha Ma'am Alumni Chair: Pending tasks from SARC"
"1. Domain / industry mapping - very urgent and important"
"2. ⁠Share decoration photos and quotes for discussion with centenary committee"
"3. ⁠Share names of dedicated PoCs for alumni awardees"
"4. ⁠Make exhaustive list of responsibilities for 20th Dec and assign responsibilities among yourselves ( as discussed in the meeting)"
"5. ⁠Share a post on LinkedIn as requested on email today. ‎<This message was edited>"
"[13/12/25, 21:00:22] Sneha Ma'am Alumni Chair: Please give me a tentative deadline"
"[13/12/25, 21:11:07] Yash Gaba Gim Sarc: Sure, Ma'am. We have received the email and will do the needful at the earliest."
"[13/12/25, 21:11:25] Yash Gaba Gim Sarc: Noted, Ma'am. We are working on all the tasks and will keep you updated."
"[13/12/25, 21:11:40] Yash Gaba Gim Sarc: We will share it with you by tomorrow, Ma'am."
"[13/12/25, 21:21:10] Sneha Ma'am Alumni Chair: Thank you! 👍🏻"
"[13/12/25, 22:03:49] GIM Alumni Office: Dear Team,"
""
"The following alumna wishes to shift from the Bangalore 2 group to the Mumbai group, as she would like to explore job opportunities in Mumbai. The details are provided below for your action:"
""
"Name: Tanya Arora"
"Class of 2022"
"Contact: 9871027686"
"LinkedIn: https://www.linkedin.com/in/tanya-arora-46b1b6193?utm_source=share&utm_campaign=share_via&utm_content=profile&utm_medium=android_app"
""
"Kindly do the needful"
"[13/12/25, 22:31:20] Ishita Vyas Gim Bda Sarc: Sure, Sir."
"[13/12/25, 23:52:53] Sneha Ma'am Alumni Chair: Regarding the LinkedIn post, looks like the FPM page has made a post already as we had originally planned. Please repost the same."
"[14/12/25, 00:01:30] Shlok Potdar: Sure, Ma’am."
"[14/12/25, 00:02:45] Sneha Ma'am Alumni Chair: I think they’re going to delete this post and share the final one on Monday. Please wait till then."
"[14/12/25, 14:24:20] Debjyoti Gim BDA: Hello @⁨Sneha Ma'am Alumni Chair⁩ Ma’am,"
""
"This was the decoration used last year."
""
"Link: https://www.canva.com/design/DAG7d-TiMEg/0qZoD27wASSInK-Yqjqo2g/edit?utm_content=DAG7d-TiMEg&utm_campaign=designshare&utm_medium=link2&utm_source=sharebutton"
"[14/12/25, 14:55:27] Sneha Ma'am Alumni Chair: Thanks"
"[15/12/25, 14:19:25] Sneha Ma'am Alumni Chair: Please go ahead with the decorations"
"[15/12/25, 14:19:47] Sneha Ma'am Alumni Chair: We might have to work with univariety for some of the locations"
"[15/12/25, 14:20:10] Sneha Ma'am Alumni Chair: For asset naming and wall of honour"
"[15/12/25, 14:20:16] Sneha Ma'am Alumni Chair: Rest, please go ahead"
"[15/12/25, 14:20:27] Sneha Ma'am Alumni Chair: Just don’t touch ABE"
"[15/12/25, 15:05:42] Aditi Mehta Gim Sarc: Sure, Ma’am."
"[16/12/25, 16:59:21] Sneha Ma'am Alumni Chair: I’m near the old boardroom"
"[17/12/25, 07:05:25] Sneha Ma'am Alumni Chair: Hi Team. I need one PoC to assist awardees asap."
"‎[17/12/25, 07:15:34] Sneha Ma'am Alumni Chair: ‎image omitted"
"‎[17/12/25, 07:15:49] Sneha Ma'am Alumni Chair: Schedule of Events .pdf • ‎1 page ‎document omitted"
"[17/12/25, 11:54:28] Veenita Mam Alumni Office Priya Ma'am Replacement: Placard for mentioning Table No"
"I have arranged from Store department"
"25 qty"
"[17/12/25, 11:55:10] Sneha Ma'am Alumni Chair: Can we make it 30?"
"[17/12/25, 11:55:41] Veenita Mam Alumni Office Priya Ma'am Replacement: Ohkk"
"[17/12/25, 13:09:56] Khushi Dhawan Gim Sarc: Hello Ma'am,"
""
"Sampada will be the PoC for the same."
"‎[17/12/25, 13:39:47] Sneha Ma'am Alumni Chair: ‎image omitted"
"[17/12/25, 21:33:11] Sneha Ma'am Alumni Chair: Dear Team, I know you all are very busy."
"[17/12/25, 21:33:25] Sneha Ma'am Alumni Chair: Please do post this."
"[18/12/25, 07:43:50] Sneha Ma'am Alumni Chair: Please collect 120 mugs and table placards from the store today, as it’s a holiday tomorrow"
"[18/12/25, 07:56:30] Sneha Ma'am Alumni Chair: Please submit your request for the advance as well"
"[18/12/25, 07:56:43] Sneha Ma'am Alumni Chair: No staff is working tomorrow"
"[18/12/25, 09:19:36] Parth Sharma Gim Sarc JCC: Hello Ma’am,"
""
"We apologise for the delay."
""
"We will post the same on LinkedIn today, Ma'am."
"[18/12/25, 09:20:10] Parth Sharma Gim Sarc JCC: Sure Ma’am,"
""
"We will collect the mugs and table placards from the store today. Also, our request for budget approval and advance will be submitted shortly."
"[18/12/25, 09:35:57] Veenita Mam Alumni Office Priya Ma'am Replacement: Table placard are with me"
"‎[18/12/25, 09:36:58] Veenita Mam Alumni Office Priya Ma'am Replacement: ‎image omitted"
"[18/12/25, 11:03:39] Veenita Mam Alumni Office Priya Ma'am Replacement: Ma'am that 120 mugs from our racks right from store?"
"[18/12/25, 11:13:06] Sneha Ma'am Alumni Chair: Yes Vanita"
"[18/12/25, 11:14:45] Sneha Ma'am Alumni Chair: @⁨Veenita Mam Alumni Office Priya Ma'am Replacement⁩ if Prof. Shawnn is in his office, can you remind him about his Vibhuti message ?"
"[18/12/25, 11:17:24] Veenita Mam Alumni Office Priya Ma'am Replacement: He is not in office"
"[18/12/25, 11:17:57] Veenita Mam Alumni Office Priya Ma'am Replacement: I'll remind him once he gets back"
"[18/12/25, 11:18:05] Veenita Mam Alumni Office Priya Ma'am Replacement: Okk"
"[18/12/25, 11:18:27] Veenita Mam Alumni Office Priya Ma'am Replacement: I'll inform then the store shobha Ma'am"
"[18/12/25, 11:24:28] Veenita Mam Alumni Office Priya Ma'am Replacement: @⁨Sneha Ma'am Alumni Chair⁩ shobha Ma'am is not there today and even I don't know which is our rack in store. If you know about our then please show it to me/student so that we can take that by today itself"
"[18/12/25, 11:24:41] Sneha Ma'am Alumni Chair: I know, yes"
"[18/12/25, 11:24:45] Sneha Ma'am Alumni Chair: It’s also labelled"
"[18/12/25, 11:24:50] Veenita Mam Alumni Office Priya Ma'am Replacement: Okkk"
"[18/12/25, 11:24:51] Sneha Ma'am Alumni Chair: Says alumni office"
"[18/12/25, 11:24:55] Veenita Mam Alumni Office Priya Ma'am Replacement: Okk"
"[18/12/25, 11:24:58] Veenita Mam Alumni Office Priya Ma'am Replacement: Fine"
"[18/12/25, 14:51:27] Sneha Ma'am Alumni Chair: You haven’t asked for advance?"
"[18/12/25, 14:52:06] Sneha Ma'am Alumni Chair: Also, please follow up with accounts for band related advance payment"
"[18/12/25, 14:57:08] Khushi Dhawan Gim Sarc: Hello @⁨GIM Alumni Office⁩ Sir,"
""
"Based on yesterday’s meeting we were informed that we would be given ABE CR 4 and 3 for the cake cutting of the bacthes, however today when we visited Vinita Ma’am to confirm the same we were told that there is no such booking and CR 4 and 12 are booked."
""
"We request you to facilitate the booking of ABE CR 3 and 4 as the CR’s will not be sufficient to accomodate the Alumni."
"‎[18/12/25, 14:58:57] Sneha Ma'am Alumni Chair: ‎image omitted"
"[18/12/25, 15:00:42] Veenita Mam Alumni Office Priya Ma'am Replacement: This is hall ma'am"
"[18/12/25, 15:00:49] Sneha Ma'am Alumni Chair: @⁨Veenita Mam Alumni Office Priya Ma'am Replacement⁩ it should be ABE CR 3 and CR 4 and not ABE hall"
"[18/12/25, 15:02:32] Sneha Ma'am Alumni Chair: Your email also asks for the hall"
"[18/12/25, 15:02:43] Sneha Ma'am Alumni Chair: Which is the auditorium"
"[18/12/25, 15:03:19] Veenita Mam Alumni Office Priya Ma'am Replacement: I have booked CR 4 and CR 12 from 2 to 9 pm"
"[18/12/25, 15:03:32] Veenita Mam Alumni Office Priya Ma'am Replacement: As per amit sir suggested"
"[18/12/25, 15:17:12] Veenita Mam Alumni Office Priya Ma'am Replacement: Bookings are confirmed for ABE CR 3 and CR 4"
"[18/12/25, 15:17:35] Veenita Mam Alumni Office Priya Ma'am Replacement: From 6.45 pm to 8.15 pm"
"[18/12/25, 16:53:09] Sneha Ma'am Alumni Chair: Please follow up with accounts for advance"
"[18/12/25, 16:57:58] Ayush Shenvi Sarc Senior: Ma'am,"
""
"We have talked to the Accounts Department and resolved the matter."
"[18/12/25, 16:59:56] Sneha Ma'am Alumni Chair: Rajesh A R (awardee) will reach campus around 11 pm tomorrow. @⁨Sampada Gim Sarc⁩ will you be able to receive him and show him to his room in MDP guest house?"
"[18/12/25, 17:00:11] Sneha Ma'am Alumni Chair: I think EC members are also reached at night tomorrow"
"[18/12/25, 17:02:14] Veenita Mam Alumni Office Priya Ma'am Replacement: Vishal Agarwal"
"[18/12/25, 17:02:39] Veenita Mam Alumni Office Priya Ma'am Replacement: He told to pick up at 4 pm from his house tomorrow"
"[18/12/25, 17:02:53] Veenita Mam Alumni Office Priya Ma'am Replacement: So he will reaching around 6"
"[18/12/25, 17:05:48] Veenita Mam Alumni Office Priya Ma'am Replacement: Murli sathya sir by 10 pm"
"[18/12/25, 17:06:13] Veenita Mam Alumni Office Priya Ma'am Replacement: Naveen Yakkundi by 8 pm"
"[18/12/25, 17:06:42] Veenita Mam Alumni Office Priya Ma'am Replacement: Trupti hede 11.30 pm around"
"[18/12/25, 17:07:46] Sneha Ma'am Alumni Chair: Neetika?"
"[18/12/25, 17:08:45] Sneha Ma'am Alumni Chair: Do check with her if we don’t have the records"
"[18/12/25, 17:08:52] Veenita Mam Alumni Office Priya Ma'am Replacement: Okk"
"[18/12/25, 17:09:03] Veenita Mam Alumni Office Priya Ma'am Replacement: But she don't need any pick up"
"[18/12/25, 17:09:26] Sneha Ma'am Alumni Chair: Yes. But we might have to receive her as per the SOP"
"[18/12/25, 17:09:40] Sneha Ma'am Alumni Chair: SARC team, please confirm"
"[18/12/25, 17:11:37] Veenita Mam Alumni Office Priya Ma'am Replacement: She will reach at  7 pm tomorrow"
"[18/12/25, 17:12:08] Veenita Mam Alumni Office Priya Ma'am Replacement: Neetika she don't need any pick up everything is arranged to her from pgp office"
"[18/12/25, 17:12:50] Sneha Ma'am Alumni Chair: Yes yes, I’m aware. SARC usually receives alumni on campus."
"[18/12/25, 17:29:03] Sampada Gim Sarc: Sure Ma'am,"
""
"Could you kindly share the contact number for Rajesh Sir with us?"
"‎[18/12/25, 17:30:09] Sneha Ma'am Alumni Chair: ‎Contact card omitted"
"[18/12/25, 17:32:14] Sampada Gim Sarc: Thank you, Ma'am."
"[18/12/25, 17:38:52] Sneha Ma'am Alumni Chair: Team, please clarify this. I visited MPH earlier today thinking decorations would have started. But I was told that others another event today. It was eco clean staff who told me. I’m guessing it is our event that they’re talking about?"
"[18/12/25, 17:39:08] Sneha Ma'am Alumni Chair: MPH was booked starting today for decorations?"
"[18/12/25, 17:39:30] Sneha Ma'am Alumni Chair: They were cleaning the hall even I visited around 2pm"
"[18/12/25, 18:16:11] Parth Sharma Gim Sarc JCC: Hello Ma’am,"
""
"The Placement Committee had reached out to Alumni office for using the MPH for a PRA activity scheduled from 5:00 PM to 7:00 PM."
""
"The decorations are planned to begin immediately after the PRA activity concludes."
"[18/12/25, 18:16:45] Sneha Ma'am Alumni Chair: Understood. Thanks."
"[18/12/25, 18:18:05] Sneha Ma'am Alumni Chair: The vendor informed me that he is asked to do unveiling arrangements for Wall of Honors, Bust, and 2 more places, not 3."
"[18/12/25, 18:18:06] Sneha Ma'am Alumni Chair: So, I checked with Director. He said even if she is not coming, we will have to unveil it"
"[18/12/25, 18:18:13] Sneha Ma'am Alumni Chair: Please note."
"[18/12/25, 21:06:10] Sneha Ma'am Alumni Chair: @⁨Sakshi Patil Gim Sarc⁩ there’s a small error in the name of one of the alumni. It’s Vishal Agarwal (batch 2009) and not Vishal Subramaniam."
"[18/12/25, 21:06:46] Sneha Ma'am Alumni Chair: @⁨Veenita Mam Alumni Office Priya Ma'am Replacement⁩ please share the data that you’ve shared with Sakshi for printing name tags with me, please. ‎<This message was edited>"
"[18/12/25, 21:06:57] Sneha Ma'am Alumni Chair: Is it possible to correct now?"
"[18/12/25, 21:08:13] Sneha Ma'am Alumni Chair: Somehow the last name of the person in previous row is copied."
"[18/12/25, 21:33:59] Sneha Ma'am Alumni Chair: @⁨Ayush Shenvi Sarc Senior⁩ please update me on what Vinidhan says"
"[18/12/25, 21:34:50] Sneha Ma'am Alumni Chair: I also wanted to formally invite them, see if you can get their email Ids / numbers. I had also requested Prof. Amiya."
"[18/12/25, 21:35:05] Sneha Ma'am Alumni Chair: Please invite them for faculty interaction and dinner"
"[18/12/25, 21:35:40] Sneha Ma'am Alumni Chair: Through Vinidhan, in case we don’t get their contact details"
"[18/12/25, 21:44:10] Ayush Shenvi Sarc Senior: Ma'am,"
""
"We have asked Vinidhan for the data on their Alumni and are expecting it to be received by EOD."
""
"We have extended the invitation for faculty interaction and dinner."
"[18/12/25, 23:22:30] Sakshi Patil Gim Sarc: Hello Ma'am,"
""
"We have printed additional blank copies, and will write the correct name on one of them."
"[19/12/25, 13:45:50] GIM Alumni Office: Dear All,"
""
"The institute has sent emails to the offices of Ayush Hospital and the Goa Crime Branch at our old Ribandar camlus. I have just spoken to the officers there, and we have received the necessary permissions. You may proceed with the visits at the Ribandar campus for the 2001 alumni visit scheduled for tomorrow between 10:00 AM and 11:30 AM."
"[19/12/25, 14:22:17] Sneha Ma'am Alumni Chair: I feel we should take Me. Ram Kolavennu to Wall of Honour after 4.30 pm to add his frame to the wall."
"[19/12/25, 14:42:00] Sneha Ma'am Alumni Chair: Can one of you volunteer? @⁨GIM Alumni Office⁩ can you please coordinate this and have a volunteer. Maybe @⁨Sampada Gim Sarc⁩ could do it."
"[19/12/25, 14:51:11] Sampada Gim Sarc: Sure, Ma'am."
"[19/12/25, 14:56:32] GIM Alumni Office: Yes, 2 of his batchmates Antony sir and Murali sir are also there who can join him."
"[19/12/25, 14:57:37] GIM Alumni Office: @⁨Sampada Gim Sarc⁩ between the duration after Faculty interaction and before Dinner, we can have this visit."
"‎[19/12/25, 15:03:18] Sneha Ma'am Alumni Chair: ‎image omitted"
"[19/12/25, 15:03:54] Sneha Ma'am Alumni Chair: We need to plan this well. He is leaving after faculty interaction."
"[19/12/25, 15:06:12] Sneha Ma'am Alumni Chair: His frame will come after Samejeet Singh"
"[19/12/25, 15:06:58] Sneha Ma'am Alumni Chair: Right now the sequencing is wrong. First row will be second row and vice versa. Ram’s photo will actually come in the first row, sequence 5. ‎<This message was edited>"
"[19/12/25, 15:08:40] GIM Alumni Office: Yes, the sequence will be changed."
"[19/12/25, 15:12:11] Sneha Ma'am Alumni Chair: @⁨Sampada Gim Sarc⁩"
"[19/12/25, 15:14:29] Sampada Gim Sarc: Sure Ma'am,"
""
"We will plan it accordingly."
"[19/12/25, 17:36:58] Sneha Ma'am Alumni Chair: Guys, I still haven’t recovered the responsibility division sheets"
"[19/12/25, 17:37:09] Sneha Ma'am Alumni Chair: All the alumni are calling us for everything"
"[19/12/25, 17:37:25] Sneha Ma'am Alumni Chair: There are no PoCs for anything"
"[19/12/25, 17:37:29] Veenita Mam Alumni Office Priya Ma'am Replacement: Vishal Agarwal Will be reaching campus within 30- 40 min"
"[19/12/25, 17:37:30] Sneha Ma'am Alumni Chair: Except few"
"[19/12/25, 17:38:10] Veenita Mam Alumni Office Priya Ma'am Replacement: Is there anyone from team who will show him his room"
"[19/12/25, 17:44:00] Aryaman Tapparia Gim Sarc Senior: Yes, Ma'am."
"Yash will be receiving Vishal Sir."
"[19/12/25, 17:44:10] Veenita Mam Alumni Office Priya Ma'am Replacement: Okk"
"[19/12/25, 17:44:14] Veenita Mam Alumni Office Priya Ma'am Replacement: Thank you"
"[19/12/25, 18:00:31] Veenita Mam Alumni Office Priya Ma'am Replacement: He reached in gim"
"[19/12/25, 18:00:44] Veenita Mam Alumni Office Priya Ma'am Replacement: Please received him"
"[19/12/25, 18:01:25] Veenita Mam Alumni Office Priya Ma'am Replacement: Please send yash to receive him"
"[19/12/25, 18:03:23] Aashita Gim Sarc Senior: Yes, Ma'am. Yash is on his way."
"[19/12/25, 18:03:40] Veenita Mam Alumni Office Priya Ma'am Replacement: Okk"
"[19/12/25, 18:30:34] Arjun Karunakar Gim Sarc Senior: Hello Ma'am,"
""
"Please find the PoC details below:"
""
"Class of 2001 - Jayesh Jain ( 9680964139 )"
""
"Class of 2000 - Debjyoti Basu ( 9957346412 )"
""
"Alumni Awardees - Sampada Muley ( 9370397745 )"
"[19/12/25, 18:51:28] Veenita Mam Alumni Office Priya Ma'am Replacement: 11 am Bambolim B.R /GIM & back"
""
"(Two 30 strs)"
"9559 Maqbool"
"8468934138"
""
"7839 Gopal"
"918600737416"
""
"(Mini Coach)"
"8509 Sidappa"
"6360437160"
"[19/12/25, 18:51:29] Veenita Mam Alumni Office Priya Ma'am Replacement: 9 pm GIM/Bambolim B.R"
"(20/12/25)"
""
"(30 str)"
"9239 Ali"
"7498582681"
"[19/12/25, 18:51:30] Veenita Mam Alumni Office Priya Ma'am Replacement: Buses for tomorrow"
"[19/12/25, 19:08:29] Sneha Ma'am Alumni Chair: 9 am"
"[19/12/25, 19:09:52] GIM Alumni Office: This one is for evening from GIM to Bambolim resort forbthe class of 2000"
"[19/12/25, 19:10:25] Sneha Ma'am Alumni Chair: Then one of them should leave early right"
"[19/12/25, 19:10:30] Sneha Ma'am Alumni Chair: For 2001 batch"
"[19/12/25, 19:12:27] GIM Alumni Office: Those 2 buses will be from this list"
""
"One 30 seater and one this Mini Coach for the class of 2001"
"[19/12/25, 19:13:04] Sneha Ma'am Alumni Chair: Time?"
"[19/12/25, 19:14:59] Sneha Ma'am Alumni Chair: I think 9.15 am or something?"
"[19/12/25, 19:14:59] Sneha Ma'am Alumni Chair: Not 11 am"
"[19/12/25, 19:15:27] Sneha Ma'am Alumni Chair: As they’re going to Ribandar?"
"[19/12/25, 19:36:58] Ayush Shenvi Sarc Senior: Ma'am,"
""
"We are in contact with Amit Sir and are sorting the issue out."
"[19/12/25, 19:37:35] GIM Alumni Office: We are working on this Prof. Sneha."
""
"Connected with Bus operators."
"Will update here"
"[19/12/25, 20:09:06] Khushi Dhawan Gim Sarc: Ma'am,"
""
"Please find the PoC details for Vinidhan & other Alumni:"
""
"- Epsha Jaiswal ( 7379051800 )"
"- Sakshi Patil ( 8551882694 )"
"[19/12/25, 20:16:23] Veenita Mam Alumni Office Priya Ma'am Replacement: As discussed, you had arranged:"
""
"- Two 30-seater buses, and"
"- One 20-seater bus from Bambolim Resort at 11:00 AM."
""
"There is a slight change in the requirement. We now request the following arrangement:"
""
"- One 30-seater bus as it is from Bambolim Resort to the College at 11:00 AM, and"
"- One 30-seater and one 20-seater bus starting at 9:00 AM from Bambolim Resort, with the following itinerary:"
"- Pickup from Bambolim       Beach Resort at 9:00 AM"
"- First drop at GIM Old Campus, Ribandar."
"- Pickup from Ribandar Campus at 11:45 AM and onward travel to GIM Sanquelim Campus"
""
"The return arrangement will remain unchanged."
"[19/12/25, 20:16:24] Veenita Mam Alumni Office Priya Ma'am Replacement: 2 coaches that will report at 9am"
"[19/12/25, 20:16:25] Veenita Mam Alumni Office Priya Ma'am Replacement: 9559 maqbol"
"7839 Gopal"
"[19/12/25, 20:22:17] GIM Alumni Office: ‎This message was deleted."
"[19/12/25, 20:22:17] GIM Alumni Office: ‎This message was deleted."
"[19/12/25, 20:22:39] GIM Alumni Office: Bus for 2001 is sorted"
"‎[19/12/25, 20:28:24] Sampada Gim Sarc: ‎image omitted"
"[19/12/25, 20:29:06] GIM Alumni Office: I hope you have the tentative marking for sticking the Ram frame"
"[19/12/25, 20:29:27] GIM Alumni Office: And did you collect the Ram photo frame from Chetan?"
"[19/12/25, 20:32:37] Sampada Gim Sarc: Sir,"
""
"We have collected Ram Sir's picture."
""
"Marking for the same is also done."
"[19/12/25, 21:00:20] Sneha Ma'am Alumni Chair: How’s the script coming along for assets, star walk and wall of honour?"
"[19/12/25, 21:20:48] Sakshi Patil Gim Sarc: Hello @⁨Sneha Ma'am Alumni Chair⁩  Ma'am,"
""
"We would like to inform you that we have received a sponsorship from Coca-Cola. It will be served as refreshments with the meals tomorrow."
"[19/12/25, 21:21:22] Sneha Ma'am Alumni Chair: Oh great"
"[19/12/25, 21:21:24] Sneha Ma'am Alumni Chair: Lunch?"
"[19/12/25, 21:21:42] Sneha Ma'am Alumni Chair: Could be a good idea to keep with high tea also"
"[19/12/25, 21:21:53] Sneha Ma'am Alumni Chair: As dinner would have mocktails"
"[19/12/25, 21:23:27] Sakshi Patil Gim Sarc: @⁨Sneha Ma'am Alumni Chair⁩ Ma’am,"
""
"While these PoCs have been assigned, we understand that more Alumni may reach out to you directly with queries. We request you to kindly share the details with us at any time, and we will take it forward and follow up accordingly with them."
"[19/12/25, 21:24:49] Sneha Ma'am Alumni Chair: Who will be PoCs for faculty interactions?"
"[19/12/25, 21:26:16] Sneha Ma'am Alumni Chair: Asset naming?"
"[19/12/25, 21:27:12] Sneha Ma'am Alumni Chair: Not just for alumni but for us also, who should I contact for each task?"
"[19/12/25, 21:27:27] Ishita Vyas Gim Bda Sarc: Sure Ma’am,"
""
"We will include it in majority of the meals."
"[19/12/25, 21:39:46] Jayesh Gim Sarc: Ma'am,"
""
"We have shared the Script with you. We will make the changes as per your feedback."
"[19/12/25, 21:40:11] Sneha Ma'am Alumni Chair: I’m already sharing detailed feedback with you on DM"
"[19/12/25, 21:40:17] Sneha Ma'am Alumni Chair: Please check"
"[19/12/25, 21:49:54] Ishita Vyas Gim Bda Sarc: Sure, Ma'am. We are incorporating the same and will share the updated script with you shortly."
"[19/12/25, 21:57:10] Ishita Vyas Gim Bda Sarc: ‎This message was deleted."
"[19/12/25, 22:12:07] Sneha Ma'am Alumni Chair: Please correct Vishal’s name in the spreadsheet"
"[19/12/25, 22:16:16] Sakshi Patil Gim Sarc: Sure, Ma'am, we will update the same."
"[19/12/25, 22:18:04] Sneha Ma'am Alumni Chair: I’ve shared the script for star walk and wall of honour with Jayesh"
"[19/12/25, 22:27:41] Ishita Vyas Gim Bda Sarc: Sure Ma’am."
"[19/12/25, 22:30:05] Aditi Mehta Gim Sarc: Hello @⁨Sneha Ma'am Alumni Chair⁩ Ma'am,"
""
"We would like to inform you that we have received a sponsorship from Coca-Cola. It will be served as refreshments with the meals tomorrow."
"[19/12/25, 23:45:12] Debjyoti Gim BDA: @⁨Sneha Ma'am Alumni Chair⁩ Ma’am,"
""
"Vishal Agarwal Sir’s name has been corrected in the Faculty–Alumni Interaction list."
""
"Please find below the sheet link containing the Faculty–Alumni Interaction list that will be accessible to the Alumni via the QR code printed on the pamphlet."
""
"Link:"
"https://docs.google.com/spreadsheets/d/17FuQV--z621Xi1Z5kI_vwAwXE7gLqOIZ/edit?usp=sharing"
"[19/12/25, 23:46:25] Sneha Ma'am Alumni Chair: Please share the QR code here"
"[19/12/25, 23:46:39] Sneha Ma'am Alumni Chair: @⁨GIM Alumni Office⁩ please share it on the 2000 and 2001 groups"
"[19/12/25, 23:49:06] Sneha Ma'am Alumni Chair: Pending tasks for tomorrow"
"1. Collect 7 white tote bags and a premium gift for blaise costabir from brand store (coordinate with Amit / PR cell if brand store is not open)"
"2. ⁠Keep coconuts in my office along with awards and shawl"
"3. ⁠@⁨Veenita Mam Alumni Office Priya Ma'am Replacement⁩ create a gift bag for Blaise Costabir with diary, pen, mug and the premium gift from brandstore"
"[19/12/25, 23:49:38] Sneha Ma'am Alumni Chair: @⁨Sampada Gim Sarc⁩ has Rajesh A R reached?"
"[19/12/25, 23:51:00] Sneha Ma'am Alumni Chair: Table placards / mugs at MPH"
"[19/12/25, 23:52:04] Sneha Ma'am Alumni Chair: Please particularly assist Morris Sir tomorrow, with his forms and pens / pencils. Have a PoC. Lead him to table no. 2."
"[19/12/25, 23:54:26] Sneha Ma'am Alumni Chair: Another thing. No need to place table numbers in order from front. Randomise the allocation. As in 24 doesn’t necessarily has to be in the back and 6 in the front. Table 1 is reserved for Prof. Ajit, Ashank Desai and Ketan and Any other dignitaries if they join."
"[19/12/25, 23:54:28] Sampada Gim Sarc: Ma'am,"
""
"Rajesh Sir has not yet reached campus. We will receive him once he reaches campus."
"[19/12/25, 23:54:45] Sneha Ma'am Alumni Chair: Okay. Flight delayed?"
"[19/12/25, 23:56:07] Sneha Ma'am Alumni Chair: Keep coconuts in Amit’s office / with Vanita if my office keys are not available at that moment."
"[20/12/25, 00:02:51] Sneha Ma'am Alumni Chair: Prof. Sumit Tripathi will also be seated along with Prof. Arif"
"Prof. Manu will not be able to attend. So, Prof. Vishwas Raichur will take place of Manu."
"[20/12/25, 00:02:55] Sneha Ma'am Alumni Chair: Please note"
"[20/12/25, 00:16:02] Sneha Ma'am Alumni Chair: These two tables will need one extra chair"
"[20/12/25, 00:16:54] Sampada Gim Sarc: @⁨Sneha Ma'am Alumni Chair⁩ Ma'am,"
""
"We have received Rajesh Sir on campus just now."
"‎[20/12/25, 00:18:00] Ishita Vyas Gim Bda Sarc: Allocation.xlsx ‎document omitted"
"[20/12/25, 00:18:22] Sneha Ma'am Alumni Chair: Great. Thanks Sampada."
"[20/12/25, 00:20:44] Ishita Vyas Gim Bda Sarc: Sure, Ma'am."
"[20/12/25, 00:21:25] Debjyoti Gim BDA: Noted, Ma'am."
""
"We shall update the list accordingly."
"[20/12/25, 00:23:05] Sneha Ma'am Alumni Chair: Thank you. We will not need assistance between 2 and 5pm inside ABE, but please be around ABE if alumni ask for help. If their family / kids ask for a room, take them to CR 4/ CR 12. ‎<This message was edited>"
"[20/12/25, 00:23:45] Sneha Ma'am Alumni Chair: Classroom for them to spend time if kids don’t want to sit through"
"[20/12/25, 00:27:22] Sampada Gim Sarc: You are welcome, Ma'am."
"[20/12/25, 00:33:07] Debjyoti Gim BDA: Ma’am,"
""
"Please find below the QR code for the same."
"‎[20/12/25, 00:33:13] Debjyoti Gim BDA: ‎image omitted"
"[20/12/25, 00:34:19] Ishita Vyas Gim Bda Sarc: Sure, Ma'am."
"[20/12/25, 00:34:49] Ishita Vyas Gim Bda Sarc: Sure, Ma’am. We will do the needful."
"[20/12/25, 04:38:48] Khushi Dhawan Gim Sarc: Hello Ma’am,"
""
"Please find below the final task allocation sheet for tomorrow."
"‎[20/12/25, 04:39:09] Khushi Dhawan Gim Sarc: Final Task Allocation.xlsx ‎document omitted"
"[20/12/25, 09:13:57] GIM Alumni Office: Good morning, Team,"
""
"The day has begun, and the alumni from the Batch of 2001 will be starting shortly from Bambolim Resort."
""
"Multiple groups have been created for today’s event, and not everyone may be included in all the groups. In case you face any issues, please share them here so that we can address them promptly."
""
"All the best."
"[20/12/25, 09:19:22] Sneha Ma'am Alumni Chair: Do have some print outs of the table number allocations in MPH so that you can guide them. May be stick it in few places."
"[20/12/25, 09:22:47] Sneha Ma'am Alumni Chair: There could be alumni and faculty who are not in the list. Guide them to unnumbered tables if all numbered tables are full."
"[20/12/25, 09:23:11] Sneha Ma'am Alumni Chair: Please have students assigned dedicatedly to this task."
"[20/12/25, 09:23:42] Sneha Ma'am Alumni Chair: 1-2 to manage eco clean, to clean up after high tea and start director’s address on time."
"[20/12/25, 09:24:01] Sneha Ma'am Alumni Chair: Hi everyone!"
"As we have a strict protocol in place today, because of Governor’s presence, the event will not go beyond 2 hours. It will get over by 4.30pm."
"After that, refreshments will be served at the swimming pool lawn of the MPH, for all alumni."
"We might be able to start with director’s address and faculty interactions by 5.30 pm."
"[20/12/25, 09:24:01] Sneha Ma'am Alumni Chair: To provide little more structure to the faculty interactions, we have alloted table numbers to all of you and faculty members and have tried to place faculty and alumni working in similar domains together."
"[20/12/25, 09:24:02] Sneha Ma'am Alumni Chair: Request you all to be seated at the tables allocated. Request your support to make industry - academia interaction more intentional and fruitful."
"[20/12/25, 09:24:08] Sneha Ma'am Alumni Chair: Please note."
"[20/12/25, 09:25:04] Sneha Ma'am Alumni Chair: I also had a discussion with Raju, about having sugarless tea / coffee and different green tea options for alumni. Please remind him @⁨Arjun Karunakar Gim Sarc Senior⁩"
"[20/12/25, 09:32:45] Arjun Karunakar Gim Sarc Senior: Sure, Ma'am."
"[20/12/25, 10:02:33] Sneha Ma'am Alumni Chair: https://youtu.be/Q9SNnIx-8cI"
"[20/12/25, 10:02:51] Sneha Ma'am Alumni Chair: Perry Goes. Please assist him if you see him."
"[20/12/25, 10:18:48] Debjyoti Gim BDA: Hello @⁨Sneha Ma'am Alumni Chair⁩ Ma’am @⁨GIM Alumni Office⁩  Sir,"
""
"We reached the resort a few minutes ago and will be departing shortly for the Old Campus."
"[20/12/25, 10:20:43] Sneha Ma'am Alumni Chair: Thanks @⁨Debjyoti Gim BDA⁩"
"[20/12/25, 10:21:10] Sneha Ma'am Alumni Chair: Request other SARC members to keep updating us here, in the same way."
"[20/12/25, 10:28:01] Jayesh Gim Sarc: Hello @⁨Sneha Ma'am Alumni Chair⁩ Ma’am, @⁨GIM Alumni Office⁩  Sir,"
""
"We left the resort, and are on our way to the Old Campus. ‎<This message was edited>"
"[20/12/25, 10:28:25] Jayesh Gim Sarc: ‎This message can't be displayed here. Please open ‎WhatsApp on your phone to view the message."
"[20/12/25, 11:10:28] Sneha Ma'am Alumni Chair: Coconut?"
"[20/12/25, 11:10:42] Sneha Ma'am Alumni Chair: Very important"
"[20/12/25, 11:11:12] Sneha Ma'am Alumni Chair: We need big nice looking coconuts"
"[20/12/25, 11:11:28] Sneha Ma'am Alumni Chair: Please bring to alumni office"
"[20/12/25, 11:12:36] Ishita Vyas Gim Bda Sarc: Ma’am,"
""
"Shlok has gone to get the coconut. We will bring it to the office."
"[20/12/25, 11:12:53] Sneha Ma'am Alumni Chair: Please tell him big nice one"
"[20/12/25, 11:13:37] Ishita Vyas Gim Bda Sarc: Sure, Ma’am."
"[20/12/25, 11:24:56] Sneha Ma'am Alumni Chair: Who’s there at BDA, h4 and H5? We’re sending some things"
"[20/12/25, 11:25:09] Sneha Ma'am Alumni Chair: Bouquets and stuff"
"[20/12/25, 11:26:27] Ishita Vyas Gim Bda Sarc: Yes Ma’am."
""
"I am here at BDA lab ‎<This message was edited>"
"[20/12/25, 11:28:54] Sneha Ma'am Alumni Chair: Eco clean staff is reaching"
"[20/12/25, 11:28:59] Sneha Ma'am Alumni Chair: Please come out and collect"
"[20/12/25, 11:29:17] Ishita Vyas Gim Bda Sarc: Sure, Ma’am."
"[20/12/25, 11:29:37] Sneha Ma'am Alumni Chair: He doesn’t know the exact location"
"[20/12/25, 11:29:45] Sneha Ma'am Alumni Chair: He’s there"
"[20/12/25, 11:29:54] Sneha Ma'am Alumni Chair: Please collect"
"[20/12/25, 11:29:56] Sneha Ma'am Alumni Chair: He’s waiting"
"[20/12/25, 11:30:45] Ishita Vyas Gim Bda Sarc: Collected Ma’am."
"[20/12/25, 11:34:34] Sneha Ma'am Alumni Chair: H4 and H5"
"[20/12/25, 11:34:57] Aryaman Tapparia Gim Sarc Senior: I'm there ma'am."
"[20/12/25, 11:35:07] Sneha Ma'am Alumni Chair: Okay."
"[20/12/25, 11:35:52] Sneha Ma'am Alumni Chair: We don’t have the eco clean staff now"
"[20/12/25, 11:57:25] Debjyoti Gim BDA: @⁨Sneha Ma'am Alumni Chair⁩ Ma’am @⁨GIM Alumni Office⁩  Sir,"
""
"We, along with the Batch of 2000, have left for the campus from the resort."
"[20/12/25, 12:06:58] Sneha Ma'am Alumni Chair: All set in NAB?"
"[20/12/25, 12:07:59] Khushi Dhawan Gim Sarc: @⁨Sneha Ma'am Alumni Chair⁩ Ma'am @⁨GIM Alumni Office⁩ Sir,"
""
"We, along with the Batch of 2001 have left for the campus from the Ribandar Campus. We will reach by 12:30."
"[20/12/25, 13:19:17] Sneha Ma'am Alumni Chair: @⁨Sakshi Patil Gim Sarc⁩ please call me"
"[20/12/25, 13:21:24] Ishita Vyas Gim Bda Sarc: @⁨Sneha Ma'am Alumni Chair⁩ Ma’am,"
""
"Both the batches of 2000 and 2001 are at C2 having lunch."
"[20/12/25, 13:36:50] GIM Alumni Office: Dear Team,"
""
"Please announce this to the alumni that."
""
"The Convoy of Governor has reached Marcel and will be arriving at Campus very soon"
""
"All are requested to get seated at ABE Audi asap."
"[20/12/25, 13:39:48] Sneha Ma'am Alumni Chair: Please ask them to be seated in ABE by 2 pm"
"[20/12/25, 13:39:49] Sneha Ma'am Alumni Chair: Keep everything ready at NOB"
"[20/12/25, 13:39:49] Sneha Ma'am Alumni Chair: I’ll manage at NOB including vote of thanks"
"[20/12/25, 13:43:13] Sneha Ma'am Alumni Chair: Just get the mic there please"
"[20/12/25, 13:46:01] Sneha Ma'am Alumni Chair: Guys, where’s the mic in NOB for wall of honour"
"[20/12/25, 15:55:49] Sneha Ma'am Alumni Chair: Please collect awards from the awardees and tell them we will give them in the bag"
"[20/12/25, 16:21:56] Sakshi Patil Gim Sarc: Hello @⁨Sneha Ma'am Alumni Chair⁩  Ma'am,"
""
"The awards have been handed back to the awardees in the tote bag. Tote bags and boxes of Ram sir and Ramesh sir have been kept at MDP reception as per their request."
"[20/12/25, 17:48:36] Sneha Ma'am Alumni Chair: Find out if the batch alumni want to do the video and cake here or separately"
"[20/12/25, 17:49:51] Sneha Ma'am Alumni Chair: Also, see if we can start dinner a bit early"
"[20/12/25, 17:53:23] Rochan Goel GIM Core Senior (9551): Ma'am, we have already shifted the creatives to the respective ABE CRs, since the eco clean staff will not be there now, it won't be possible for us to get those creatives back."
"[20/12/25, 17:56:36] Sneha Ma'am Alumni Chair: No worries"
"[20/12/25, 17:56:42] Sneha Ma'am Alumni Chair: Let’s start dinner a bit early"
"[20/12/25, 17:56:56] Sneha Ma'am Alumni Chair: @⁨Arjun Karunakar Gim Sarc Senior⁩ can you please check with Raju bhaiya?"
"[20/12/25, 17:58:32] Sneha Ma'am Alumni Chair: Have you seen Murali Sir"
"[20/12/25, 17:59:04] Sneha Ma'am Alumni Chair: Please call him"
"[20/12/25, 17:59:07] Sneha Ma'am Alumni Chair: @⁨Veenita Mam Alumni Office Priya Ma'am Replacement⁩"
"[20/12/25, 18:00:53] Veenita Mam Alumni Office Priya Ma'am Replacement: He is there mam"
"[20/12/25, 18:01:04] Veenita Mam Alumni Office Priya Ma'am Replacement: Left corner"
"[20/12/25, 18:01:15] Veenita Mam Alumni Office Priya Ma'am Replacement: With naveen"
"[20/12/25, 18:02:18] Aashita Gim Sarc Senior: He's here, Ma'am."
"[20/12/25, 18:02:23] Sneha Ma'am Alumni Chair: Okay"
"[20/12/25, 18:02:24] Aashita Gim Sarc Senior: He's seated"
"[20/12/25, 18:02:46] Aashita Gim Sarc Senior: We will check in with Kstar,  Ma'am."
"[20/12/25, 18:56:53] Veenita Mam Alumni Office Priya Ma'am Replacement: @⁨Khushi Dhawan Gim Sarc⁩ light decoration person searching u for set up purpose"
"[20/12/25, 19:12:19] Veenita Mam Alumni Office Priya Ma'am Replacement: Bye team, I am leaving now. Excellent work by everyone for the successful execution of the event today."
"‎[20/12/25, 20:41:08] Sneha Ma'am Alumni Chair: ‎image omitted"
"‎[20/12/25, 20:41:09] Sneha Ma'am Alumni Chair: IMG_20251220_201055.jpg ‎document omitted"
"‎[20/12/25, 20:41:09] Sneha Ma'am Alumni Chair: IMG_20251220_201047.jpg ‎document omitted"
"‎[20/12/25, 20:41:10] Sneha Ma'am Alumni Chair: IMG_20251220_200802.jpg ‎document omitted"
"‎[20/12/25, 20:41:10] Sneha Ma'am Alumni Chair: IMG_20251220_200809.jpg ‎document omitted"
"‎[20/12/25, 20:41:11] Sneha Ma'am Alumni Chair: IMG_20251220_201054.jpg ‎document omitted"
"[20/12/25, 21:25:32] ‪+91 99238 48960‬: Wow 👌♥️"
"[20/12/25, 21:26:21] ‪+91 99238 48960‬: 👌😍"
"‎[21/12/25, 11:00:49] Veenita Mam Alumni Office Priya Ma'am Replacement: ‎image omitted"
"‎[21/12/25, 11:00:49] Veenita Mam Alumni Office Priya Ma'am Replacement: ‎image omitted"
"[21/12/25, 11:01:03] Veenita Mam Alumni Office Priya Ma'am Replacement: Payment from 2001 batch rakesh"
"[21/12/25, 11:01:23] GIM Alumni Office: For how many alumni?"
"[21/12/25, 11:01:33] Veenita Mam Alumni Office Priya Ma'am Replacement: 40"
"[21/12/25, 11:52:22] Sneha Ma'am Alumni Chair: Dear Team, great job done."
"[21/12/25, 11:52:49] Sneha Ma'am Alumni Chair: Please share the pictures and videos of the creatives, I missed it."
"[21/12/25, 11:53:02] Sneha Ma'am Alumni Chair: All credits to you, both batches are very happy!"
"[21/12/25, 11:55:41] Sneha Ma'am Alumni Chair: Team, please take down pictures from insta on asset naming ceremonies"
"[21/12/25, 11:56:05] Sneha Ma'am Alumni Chair: Univariety has already communicated to you I guess about not putting anything out yet"
"[21/12/25, 11:56:11] Sneha Ma'am Alumni Chair: They have a detailed PR plan"
"[21/12/25, 11:56:46] Sneha Ma'am Alumni Chair: Sukriti said she has discussed with the team about it"
"[21/12/25, 11:56:55] Sneha Ma'am Alumni Chair: Please delete"
"‎[21/12/25, 14:39:19] Sneha Ma'am Alumni Chair: Here are 2 snaps I could take …"
"Thanks again guys 🙏🏼 ‎image omitted"
"‎[21/12/25, 14:39:19] Sneha Ma'am Alumni Chair: ‎image omitted"
"[21/12/25, 14:52:39] Mansi Mishra Gim Sarc: Ma’am,"
""
"We have removed the Asset Naming stories from our Instagram."
"[21/12/25, 14:53:05] Sneha Ma'am Alumni Chair: I noticed. Thank you! Also spoke to Arjun"
"[21/12/25, 21:33:37] Debjyoti Gim BDA: Ma’am,"
""
"Thank you so much for your kind words and encouragement."
""
"Please find below the pictures and videos."
"‎[21/12/25, 21:34:03] Debjyoti Gim BDA: ‎image omitted"
"‎[21/12/25, 21:34:04] Debjyoti Gim BDA: ‎image omitted"
"‎[21/12/25, 21:34:04] Debjyoti Gim BDA: ‎image omitted"
"‎[21/12/25, 21:34:04] Debjyoti Gim BDA: ‎image omitted"
"‎[21/12/25, 21:34:05] Debjyoti Gim BDA: ‎image omitted"
"‎[21/12/25, 21:34:05] Debjyoti Gim BDA: ‎image omitted"
"‎[21/12/25, 21:34:06] Debjyoti Gim BDA: ‎image omitted"
"‎[21/12/25, 21:34:06] Debjyoti Gim BDA: ‎image omitted"
"‎[21/12/25, 21:34:07] Debjyoti Gim BDA: ‎image omitted"
"‎[21/12/25, 21:34:07] Debjyoti Gim BDA: ‎image omitted"
"‎[21/12/25, 21:34:08] Debjyoti Gim BDA: ‎image omitted"
"‎[21/12/25, 21:34:08] Debjyoti Gim BDA: ‎image omitted"
"‎[21/12/25, 21:34:09] Debjyoti Gim BDA: ‎image omitted"
"‎[21/12/25, 21:34:09] Debjyoti Gim BDA: ‎image omitted"
"‎[21/12/25, 21:34:09] Debjyoti Gim BDA: ‎image omitted"
"‎[21/12/25, 21:34:10] Debjyoti Gim BDA: ‎image omitted"
"‎[21/12/25, 21:34:10] Debjyoti Gim BDA: ‎image omitted"
"‎[21/12/25, 21:34:11] Debjyoti Gim BDA: ‎image omitted"
"‎[21/12/25, 21:34:11] Debjyoti Gim BDA: ‎image omitted"
"‎[21/12/25, 21:34:12] Debjyoti Gim BDA: ‎image omitted"
"‎[21/12/25, 21:34:12] Debjyoti Gim BDA: ‎image omitted"
"‎[21/12/25, 21:34:12] Debjyoti Gim BDA: ‎image omitted"
"‎[21/12/25, 21:34:13] Debjyoti Gim BDA: ‎image omitted"
"‎[21/12/25, 21:34:14] Debjyoti Gim BDA: ‎image omitted"
"‎[21/12/25, 21:34:14] Debjyoti Gim BDA: ‎image omitted"
"‎[21/12/25, 21:34:24] Debjyoti Gim BDA: ‎video omitted"
"‎[21/12/25, 21:34:24] Debjyoti Gim BDA: ‎video omitted"
"‎[21/12/25, 21:34:25] Debjyoti Gim BDA: ‎video omitted"
"‎[21/12/25, 21:34:26] Debjyoti Gim BDA: ‎video omitted"
"‎[21/12/25, 21:34:26] Debjyoti Gim BDA: ‎video omitted"
"‎[21/12/25, 21:34:27] Debjyoti Gim BDA: ‎video omitted"
"‎[21/12/25, 21:34:27] Debjyoti Gim BDA: ‎video omitted"
"‎[21/12/25, 21:34:28] Debjyoti Gim BDA: ‎video omitted"
"‎[21/12/25, 21:34:28] Debjyoti Gim BDA: ‎video omitted"
"‎[21/12/25, 21:34:29] Debjyoti Gim BDA: ‎video omitted"
"‎[21/12/25, 21:34:29] Debjyoti Gim BDA: ‎video omitted"
"‎[21/12/25, 21:34:30] Debjyoti Gim BDA: ‎video omitted"
"‎[21/12/25, 21:34:30] Debjyoti Gim BDA: ‎video omitted"
"‎[21/12/25, 21:34:30] Debjyoti Gim BDA: ‎video omitted"
"‎[21/12/25, 21:34:31] Debjyoti Gim BDA: ‎video omitted"
"‎[21/12/25, 21:34:31] Debjyoti Gim BDA: ‎video omitted"
"‎[21/12/25, 21:34:32] Debjyoti Gim BDA: ‎video omitted"
"[21/12/25, 21:40:57] GIM Alumni Office: Now it feels like I missed a lot of the action."
""
"Well done, all of you. This was one of the major days, with many events happening across the campus, and it is clearly visible that everything was top-notch."
""
"Congratulations to all of us."
"[21/12/25, 22:04:55] Debjyoti Gim BDA: Thank you, Sir."
""
"It would not have been possible without your support."
"[21/12/25, 23:23:50] Sneha Ma'am Alumni Chair: Thanks for sharing @⁨Debjyoti Gim BDA⁩"
"[21/12/25, 23:23:57] Sneha Ma'am Alumni Chair: Nice ones!"
"[21/12/25, 23:37:04] Debjyoti Gim BDA: You are welcome, Ma'am."
"[22/12/25, 12:56:01] Debjyoti Gim BDA: Hello @⁨Sneha Ma'am Alumni Chair⁩ Ma’am, @⁨GIM Alumni Office⁩ Sir, @⁨Veenita Mam Alumni Office Priya Ma'am Replacement⁩ Ma’am and @⁨‪+91 99238 48960‬⁩ Ma'am,"
""
"All the events on 20th December were executed successfully, marking a memorable and meaningful gathering for all our Alumni."
""
"Thank you for your constant guidance and support without which these events would not have been possible."
"[22/12/25, 18:30:31] Sneha Ma'am Alumni Chair: Yesteday, he gave the frame to gaurd at around 1:30 PM, at that time he was present. He is also wriiten a caution for broken glass, it must be near the reception."
"[22/12/25, 18:31:04] Sneha Ma'am Alumni Chair: Please go, find this and handover to Roopali"
"[22/12/25, 18:31:41] Sneha Ma'am Alumni Chair: It must be near the reception is not good enough. If you accepted the task to handover to Roopali, please handover to Roopali."
"[22/12/25, 18:32:13] Sneha Ma'am Alumni Chair: Is Roopali supposed to come and collect, have you informed her, how will it reach her otherwise?!"
"[22/12/25, 18:33:17] Sneha Ma'am Alumni Chair: Please confirm once done @⁨Tilak Periwal Gim Sarc⁩"
"[22/12/25, 18:33:56] Sneha Ma'am Alumni Chair: Also I think you agreed to get it fixed and then handover?"
"[22/12/25, 18:52:43] Sneha Ma'am Alumni Chair: @⁨Tilak Periwal Gim Sarc⁩ if you are fixing it, please fix and handover to Roopali. If you are not able to, please find it and handover to Vanita tomorrow."
"[22/12/25, 18:53:47] Sneha Ma'am Alumni Chair: Univariety had got that memento for Prof. Ajit and we anyway can’t give a broken memento to him."
"[22/12/25, 19:24:08] Tilak Periwal Gim Sarc: Hello Ma’am,"
""
"Debjyoti will go tomorrow and ensure that the frame is handed over to Vanita Ma’am."
""
"Regarding the broken glass, we visited multiple shops to get it repaired, however, it could not be fixed."
"[22/12/25, 22:55:42] Sneha Ma'am Alumni Chair: Sure. Thank you!"
"[22/12/25, 23:04:48] Sneha Ma'am Alumni Chair: All thanks to SARC!"
"[23/12/25, 09:01:28] Veenita Mam Alumni Office Priya Ma'am Replacement: Team who has the placards( table no placards), please return it to my office or store 30 Nos"
"[23/12/25, 12:06:39] Debjyoti Gim BDA: Hello @⁨Sneha Ma'am Alumni Chair⁩ Ma’am,"
""
"We have handed over the memento of Ajit Sir and the photo frame of Ram Sir to Vanita Ma’am."
"[23/12/25, 12:07:01] Sneha Ma'am Alumni Chair: Received. Thank you."
"[23/12/25, 12:16:55] Debjyoti Gim BDA: You are welcome, Ma'am."
"‎[23/12/25, 23:24:50] Sneha Ma'am Alumni Chair: Vibhuti_25_Feedback.docx ‎document omitted"
"‎[23/12/25, 23:25:20] Sneha Ma'am Alumni Chair: GIM - Vibhuthi 2025 - A4_V7.pdf • ‎46 pages ‎document omitted"
"[23/12/25, 23:26:10] Sneha Ma'am Alumni Chair: I still haven't gone through every line. These are more macro corrections"
"[23/12/25, 23:26:38] Sneha Ma'am Alumni Chair: There are too many mistakes"
"[23/12/25, 23:26:58] Sneha Ma'am Alumni Chair: and a lot of missing content that should ideally be there. ‎<This message was edited>"
"[23/12/25, 23:28:08] Sneha Ma'am Alumni Chair: Please take your time to edit and finalize, no hurry. Maybe be it can go live to alumni on 26th Jan, GIMAA is planning AGM on that day. You can release before or after the meeting."
"[23/12/25, 23:29:44] Sneha Ma'am Alumni Chair: These page numbers are as per the newsletter and not as per the the PDF"
"[24/12/25, 11:26:49] Sampada Gim Sarc: Sure Ma'am,"
""
"We request you to share all the edits that need to be incorporated, so that we can consolidate them and send to dranding."
""
"In the meanwhile we are doing a thorough proof reading and compiling a list of corrections from our end as well."
"[24/12/25, 11:37:23] Sneha Ma'am Alumni Chair: ‎This message was deleted."
"[24/12/25, 11:37:43] Sneha Ma'am Alumni Chair: Already shared here!"
"[24/12/25, 11:37:57] Sneha Ma'am Alumni Chair: Highlighted in few places as well"
"[24/12/25, 13:13:07] Sampada Gim Sarc: Sure, Ma'am."
"[24/12/25, 13:14:37] Sampada Gim Sarc: We will do the needful."
"[25/12/25, 12:16:27] Sneha Ma'am Alumni Chair: Hi Team! I can't find the linkedin post on international masterclass that you did like a month ago. Was it deleted?"
"[25/12/25, 12:19:02] Sneha Ma'am Alumni Chair: Also, I know you are on break but the reunion and awards posts should go on linkedin"
"[25/12/25, 13:07:27] Debjyoti Gim BDA: Hello Ma’am,"
""
"There was an issue with one of the pictures that we had shared, and the Alumnus requested that it be removed. Since LinkedIn does not allow us to remove a specific picture from an existing post, we had to delete the post."
""
"However, the post is still available on Instagram."
"[25/12/25, 13:10:29] Debjyoti Gim BDA: Ma’am,"
""
"As advised, we have kept the Univariety-related posts on hold since they have plans around those activities."
""
"The Reunion post is ready and will be posted shortly."
"[25/12/25, 13:11:08] Sneha Ma'am Alumni Chair: Univariety is only involved with endowment"
"[25/12/25, 13:11:17] Sneha Ma'am Alumni Chair: awards and reunion posts can go"
"[25/12/25, 13:12:47] Debjyoti Gim BDA: Thank you, Ma’am, for the clarification."
""
"We will go ahead and post the awards and reunion posts accordingly."
"[25/12/25, 13:15:31] Sneha Ma'am Alumni Chair: Thank you!"
"[25/12/25, 13:29:33] Sneha Ma'am Alumni Chair: please share some pictures from 20 year reunion"
"[25/12/25, 13:29:38] Sneha Ma'am Alumni Chair: held on 4th Oct"
"[25/12/25, 13:31:06] Sneha Ma'am Alumni Chair: need for submitting quarterly report to director's office"
"[25/12/25, 13:31:12] Sneha Ma'am Alumni Chair: urgently please"
"[25/12/25, 13:35:49] Aditi Mehta Gim Sarc: Ma’am,"
""
"Please find below the pictures of 20 year reunion."
"[25/12/25, 13:35:58] Aditi Mehta Gim Sarc:"
"‎[25/12/25, 13:36:00] Aditi Mehta Gim Sarc: ‎image omitted"
"‎[25/12/25, 13:36:00] Aditi Mehta Gim Sarc: ‎image omitted"
"‎[25/12/25, 13:36:01] Aditi Mehta Gim Sarc: ‎image omitted"
"‎[25/12/25, 13:36:01] Aditi Mehta Gim Sarc: ‎image omitted"
"‎[25/12/25, 13:36:02] Aditi Mehta Gim Sarc: ‎image omitted"
"‎[25/12/25, 13:36:02] Aditi Mehta Gim Sarc: ‎image omitted"
"‎[25/12/25, 13:36:03] Aditi Mehta Gim Sarc: ‎image omitted"
"[25/12/25, 13:38:22] Sneha Ma'am Alumni Chair: Thank you"
"[26/12/25, 10:01:54] Veenita Mam Alumni Office Priya Ma'am Replacement: Team please update on this"
"[26/12/25, 16:04:09] Veenita Mam Alumni Office Priya Ma'am Replacement: Placard was total 30 and u have submitted only 20 in the store"
"[26/12/25, 16:04:56] Veenita Mam Alumni Office Priya Ma'am Replacement: Please check the remaining 10 qty and submit the same to shobha mam from store"
"‎[27/12/25, 11:40:51] Sneha Ma'am Alumni Chair: ‎image omitted"
"[27/12/25, 11:41:08] Sneha Ma'am Alumni Chair: CSSA already posted about awards"
"[27/12/25, 11:51:29] Debjyoti Gim BDA: Hello Ma’am,"
""
"The 25 year reunion post has been scheduled for today, following that the awards post will be published tomorrow."
"[27/12/25, 12:17:01] Debjyoti Gim BDA: Hello Ma’am,"
""
"We will check this once we are back on campus and will update you accordingly."
"[27/12/25, 23:25:11] Sneha Ma'am Alumni Chair: Is this done?"
"[28/12/25, 00:00:16] Tilak Periwal Gim Sarc: ‎Your security code with Tilak changed."
"[29/12/25, 11:02:18] Debjyoti Gim BDA: Hello Ma’am,"
""
"We have posted the 25-year reunion post and will be sharing the awards post today."
"[29/12/25, 16:32:48] Sneha Ma'am Alumni Chair: Hi Team! Can you please confirm when are and SSARC and JSARC members returning? ‎<This message was edited>"
"[29/12/25, 17:07:38] GIM Alumni Office: Dear Team,"
""
"Please process this request."
"[29/12/25, 19:35:05] Yash Gaba Gim Sarc: Hello Ma’am,"
""
"All of us are returning back to the campus on 4th January."
"[29/12/25, 19:35:10] Yash Gaba Gim Sarc: Sure, Sir."
"[29/12/25, 19:35:20] Sneha Ma'am Alumni Chair: Okay! 👍🏻"
"‎[01/01/26, 00:22:02] Veenita Mam Alumni Office Priya Ma'am Replacement: ‎GIF omitted"
"[01/01/26, 09:58:49] GIM Alumni Office: Happy New Year everyone"
"‎[01/01/26, 12:04:47] Parth Sharma Gim Sarc JCC: Dear All,"
""
"The Student Alumni Relations Cell wishes everyone a very Happy New Year 2026."
""
"May the year ahead bring moments of growth, renewed hope, meaningful achievements, and togetherness, and may it fill your days with joy, purpose, and positive beginnings."
""
"Regards,"
"S.A.R.C. ‎image omitted"
"[05/01/26, 17:03:02] Veenita Mam Alumni Office Priya Ma'am Replacement: Please check the remaining quantity.store person is asking for the same."
"[06/01/26, 12:36:22] GIM Alumni Office: Dear Team,"
""
"This alumni achievement should be published on our page."
""
"https://www.linkedin.com/posts/deepankarsadhukhan-bandhanlife-cxolanes-share-7413875880013340672-TNHZ?utm_source=share&utm_medium=member_android&rcm=ACoAAAUbcDIBNQTCZJux2LuPMwrjM2m-AZQTYlM ‎<This message was edited>"
"[06/01/26, 12:38:07] GIM Alumni Office: And one alum i recently published his book should also be considered for a post."
""
"Alumni - Meher ali khan, Class of 2004"
""
"Book link -"
"https://www.amazon.com/dp/B0GDX5LNVB"
"[06/01/26, 20:27:21] Debjyoti Gim BDA: Hello Ma’am,"
""
"All the placards were kept together earlier. We have searched for them, but we are currently unable to locate the remaining ones."
"[06/01/26, 20:27:42] Debjyoti Gim BDA: Sure, Sir."
""
"We will do the needful."
"[06/01/26, 20:34:13] Veenita Mam Alumni Office Priya Ma'am Replacement: Total placard were 30"
"[06/01/26, 20:34:30] Veenita Mam Alumni Office Priya Ma'am Replacement: You guys have returned only 20"
"[06/01/26, 22:14:46] GIM Alumni Office: Dear Team,"
""
"We’ve just finished our big event. Now we need to start planning for our 10-year reunion next month."
"Let’s meet sometime this week to get started."
""
"Share your availability on Thursday and Friday, Prof. Sneha will also join online."
"[06/01/26, 22:57:38] GIM Alumni Office: ‎This message was deleted."
"[07/01/26, 09:35:38] Veenita Mam Alumni Office Priya Ma'am Replacement: Team I talk with shobha Mam (store dept) for the missing placard.she told me that we will get the fine for the same.I  have given the request for placards through ERP so it is registered in the system.Either you find out missing placard or else pay the fine."
"[08/01/26, 10:38:05] Khushi Dhawan Gim Sarc: Hello @⁨GIM Alumni Office⁩  Sir,"
""
"Will it be convenient to schedule the meeting with the 10 year reunion POCs on Friday at 5 PM?"
"[08/01/26, 12:23:31] Khushi Dhawan Gim Sarc: Hello @⁨Veenita Mam Alumni Office Priya Ma'am Replacement⁩ Ma'am,"
""
"We are in touch with Eco Clean to locate the placards. We will keep you updated regarding the same."
"[08/01/26, 12:23:58] Veenita Mam Alumni Office Priya Ma'am Replacement: Okk khushi"
"[08/01/26, 15:25:56] GIM Alumni Office: Sure, Lets meet tomorrow at 5"
"[09/01/26, 12:46:57] GIM Alumni Office: I hope we are meeting today, Please confirm."
"[09/01/26, 12:47:17] GIM Alumni Office: and when is this planned?"
"[09/01/26, 12:47:31] GIM Alumni Office: +"
"[09/01/26, 13:06:19] ‪+91 73790 51800‬: Hello @⁨GIM Alumni Office⁩ Sir,"
""
"We have already reached out to the Alumni seeking approval to publish the content. However, we have not yet received his consent."
""
"We are currently awaiting his confirmation and will proceed once approval is received. ‎<This message was edited>"
"[09/01/26, 13:07:35] Sakshi Patil Gim Sarc: Hello @⁨GIM Alumni Office⁩"
""
"Yes, Sir. We will be present for the meeting today at 5:15 PM. ‎<This message was edited>"
"[09/01/26, 23:47:12] Sneha Ma'am Alumni Chair: Dear Team, please repost alumni award post on GIM page"
"[10/01/26, 11:06:31] Sakshi Patil Gim Sarc: Hello @⁨Sneha Ma'am Alumni Chair⁩  Ma'am,"
""
"Sure, Ma'am. We will repost it today itself."
"[10/01/26, 17:47:02] Sneha Ma'am Alumni Chair: Team, When do you want to launch Vibhuthi?"
"[10/01/26, 17:47:15] Sneha Ma'am Alumni Chair: GIMAA AGM is on 31st Jan"
"[10/01/26, 17:47:32] Sneha Ma'am Alumni Chair: That's a good occasion"
"[10/01/26, 17:50:52] Sneha Ma'am Alumni Chair: Please share the latest version of vibhuthi"
"[10/01/26, 20:41:06] Sampada Gim Sarc: Ma’am,"
""
"We had a discussion with Amit Sir yesterday regarding adding more Alumni responses, as Father Romuald is the central theme of the edition. We have the list of edits ready; however, before sharing it with dranding, we would like to discuss one or two points with you. We plan to send all edits together after receiving additional Alumni responses, as multiple revisions would incur extra costs. We will complete the process before the 31st and aim to launch it around the same time."
"[10/01/26, 20:41:56] Sneha Ma'am Alumni Chair: Okay. Do share the latest version."
"[10/01/26, 21:22:29] Sneha Ma'am Alumni Chair: Latest version as of now. The one that was showcased on 20th Dec. Please share."
"[10/01/26, 21:23:18] Sneha Ma'am Alumni Chair: and please email me in detail about what you would like to discuss"
"‎[10/01/26, 22:32:02] Sampada Gim Sarc: GIM - Vibhuthi 2025 - A4_V7.pdf • ‎46 pages ‎document omitted"
"[10/01/26, 22:32:13] Sampada Gim Sarc: Sure, Ma'am."
"[10/01/26, 22:52:55] Sneha Ma'am Alumni Chair: This is the same file I had shared with you, with some highlights for correction."
"[10/01/26, 22:53:15] Sneha Ma'am Alumni Chair: I don’t think it’s the latest version"
"[11/01/26, 17:10:58] Aditi Mehta Gim Sarc: Ma’am,"
""
"The document sent is the last edition and highlighted are the corrections to be made. Additionally we have also highlighted some parts to be edited according to your inputs."
""
"We are also currently awaiting to receive and compile all the Alumni Responses."
"[12/01/26, 12:37:57] Veenita Mam Alumni Office Priya Ma'am Replacement: Dear team"
"Please clear the bill of Kstar for the food of the 20th dec event by today or tomorrow"
"[12/01/26, 13:07:59] Arjun Karunakar Gim Sarc Senior: Hello Ma'am,"
""
"We are yet to receive the bill from Kstar for lunch on 20th."
""
"We will be clearing the lunch bill as soon as we receive that. ‎<This message was edited>"
"[14/01/26, 16:57:27] Sneha Ma'am Alumni Chair: Dear Team,"
"Please be careful when you accept connection requests on LinkedIn. Please verify that it’s an alum before accepting."
"We’ve one person trying to get verification from GIM and we’ve rejected the same in the absence of the records. Last time I checked, the person had only one GIM alum as connection (mutually with me) and now I see that SARC is also a mutual connection."
"[14/01/26, 16:58:00] Sneha Ma'am Alumni Chair: The person has been trying to build more connections with GIM folks for credibility."
"[15/01/26, 13:43:34] GIM Alumni Office: Dear Team,"
""
"I have a post planned at 3 PM in all the city groups, hope nothing is planned from your side"
"[15/01/26, 13:49:58] Debjyoti Gim BDA: Sir, please go ahead with your post. We do not have any posts scheduled around that time."
"[15/01/26, 20:10:15] Mansi Mishra Gim Sarc: We will be more vigilant about such connections going forward, Ma'am."
""
"Could you please let us know the name of the LinkedIn profile so that we could remove the connection from the S.A.R.C. account?"
"[16/01/26, 15:40:46] Sneha Ma'am Alumni Chair: @⁨GIM Alumni Office⁩ @SARC, an alum has reached out wanting to visit the campus and interact with students."
"‎[16/01/26, 15:40:55] Sneha Ma'am Alumni Chair: ‎Contact card omitted"
"[16/01/26, 15:41:19] Sneha Ma'am Alumni Chair: Hi I am in Goa from 27th to 31st Jan"
"Wanted to visit the campus"
"And meet some students and show my young family around"
"[16/01/26, 15:41:19] Sneha Ma'am Alumni Chair: Ideally on 27th itself"
"[16/01/26, 15:41:19] Sneha Ma'am Alumni Chair: I am the brand director of Doctors Choice cooking oil which has the 2nd largest market share in West Bengal"
"[16/01/26, 15:41:20] Sneha Ma'am Alumni Chair: This is my brand only"
"[16/01/26, 15:41:20] Sneha Ma'am Alumni Chair: So happy to speak to students as well"
"[16/01/26, 15:41:44] Sneha Ma'am Alumni Chair: Can you please coordinate and arrange interaction with students?"
"[16/01/26, 15:42:37] Sneha Ma'am Alumni Chair: It’s actually a good idea to bring him to the class by collaborating with marketing faculty. Marketing folks, please explore."
"[16/01/26, 15:45:43] GIM Alumni Office: Noted Prof. Sneha."
""
"Team, let's discuss this, please connect on call tomorrow or day after tomorrow discuss and get this executed."
"[16/01/26, 23:44:27] Mansi Mishra Gim Sarc: Sure, Sir."
"[17/01/26, 12:25:00] GIM Alumni Office: Dear Team,"
""
"I have a post planned at 8:30 PM in all the city groups, hope nothing is planned from your side."
"[17/01/26, 13:57:30] Mansi Mishra Gim Sarc: Sir, please go ahead with your post. We do not have any posts scheduled around that time."
"[17/01/26, 22:11:30] GIM Alumni Office: Dear Team,"
""
"We have an online session tomorrow at 11:00 AM; hence, we will be sharing some messages in the group between 10:30 AM and 11:30 AM."
""
"There are two more posts planned:"
"- Podcast at 3:00 PM"
"- AGM reminder at 8:30 PM"
""
"Please plan your posts accordingly."
"[17/01/26, 22:15:14] Mansi Mishra Gim Sarc: Hello Sir,"
""
"We do not have any messages scheduled at the mentioned timings."
"[17/01/26, 22:16:43] Sneha Ma'am Alumni Chair: Dear Team, I had a detailed conversation yesterday when Neetika from 2015 batch. She said she’s been following up with you to start promotions for 10 year reunion, but there was no response from your end? ‎<This message was edited>"
"[17/01/26, 22:17:25] Sneha Ma'am Alumni Chair: She had a discussion about it on 20th Dec and got in touch again right after you returned from Christmas break?"
"[17/01/26, 22:17:35] Sneha Ma'am Alumni Chair: Any reason why it was delayed so much?"
"[17/01/26, 22:17:57] Sneha Ma'am Alumni Chair: There’s been zero preparation so far!"
"[17/01/26, 22:18:41] Sneha Ma'am Alumni Chair: Please share the promotion plan."
"[18/01/26, 07:32:11] Nandinee Gim Sarc Senior: ‎Your security code with Nandinee changed."
"[18/01/26, 11:11:28] Sakshi Patil Gim Sarc: Hello @⁨Sneha Ma'am Alumni Chair⁩ Ma’am,"
""
"We have the promotional plan ready along with the event proposal however, there are a few issues that we would like to discuss with you."
""
"Could you please suggest a suitable time so that we can discuss the same over an online meeting."
"[18/01/26, 14:38:23] Sneha Ma'am Alumni Chair: Please call me on whatsapp. No need for a meeting. You can call me in 30 mins."
"[18/01/26, 14:39:46] Sakshi Patil Gim Sarc: Sure, Ma'am."
"[18/01/26, 15:54:08] Sneha Ma'am Alumni Chair: The lesson is that, you never accept the date if it doesn’t work for you. If there’s a pressure, you redirect it to me."
"[18/01/26, 15:54:29] Sneha Ma'am Alumni Chair: You shouldn’t accept and then go back on your decision."
"[18/01/26, 17:58:49] Sakshi Patil Gim Sarc: Hello @⁨Sneha Ma'am Alumni Chair⁩ Ma'am,"
""
"We will certainly take this into account going forward."
"[18/01/26, 18:15:58] Sneha Ma'am Alumni Chair: Do all JSARC members have exams?"
"[18/01/26, 22:14:45] Sakshi Patil Gim Sarc: Hello @⁨Sneha Ma'am Alumni Chair⁩ Ma'am,"
""
"All the JSARCs will have their exams at that time."
"‎[19/01/26, 13:39:25] Sneha Ma'am Alumni Chair: ‎image omitted"
"[19/01/26, 13:39:56] Sneha Ma'am Alumni Chair: From Shivam"
"[19/01/26, 13:52:57] GIM Alumni Office: I just had a word with this alumnus. I would request the SARC POC to connect so that we can discuss this further and take it forward."
"[19/01/26, 13:54:44] Sneha Ma'am Alumni Chair: He’s coming on a holiday"
"[19/01/26, 14:04:34] GIM Alumni Office: Yes, With Family and in Goa from 25-31"
"[19/01/26, 14:07:18] Sneha Ma'am Alumni Chair: I meant 26th Jan is a holiday"
"[19/01/26, 14:07:33] Sneha Ma'am Alumni Chair: Long weekend"
"[19/01/26, 14:07:49] Sneha Ma'am Alumni Chair: Student interaction can be difficult"
"[19/01/26, 14:15:51] GIM Alumni Office: Yeah I told him, he said either 26th or 30th date will work for him"
"[19/01/26, 14:56:02] Ishita Vyas Gim Bda Sarc: Hello @⁨GIM Alumni Office⁩ Sir,"
""
"We would like to discuss this with you in more detail."
""
"We would be happy to connect at a time that is convenient for you."
"[19/01/26, 14:57:17] GIM Alumni Office: You can connect with me anytime. I am at my office."
"[19/01/26, 15:02:45] Ishita Vyas Gim Bda Sarc: Yes, Sir. We will meet you to discuss the same today at 4:00 PM."
"[20/01/26, 20:42:18] Nandinee Gim Sarc Senior: ‎Your security code with Nandinee changed."
"[20/01/26, 21:08:36] Ishita Vyas Gim Bda Sarc: Hello @⁨Sneha Ma'am Alumni Chair⁩ Ma'am and @⁨GIM Alumni Office⁩ Sir,"
""
"We connected with Mr. Shivam Agarwal regarding his upcoming campus visit and student interaction. Please find below the key points discussed:"
"1. Mr. Shivam Agarwal will be visiting the campus on 30th January and is expected to arrive by 3:00 PM."
"2. He will prepare a presentation (PPT) along with supporting notes, sharing his experience in marketing and brand-building."
"3. The session will focus on industry insights, his experience and will be interactive in nature, as he may also be visiting the campus for recruitment purposes."
"4. He has requested a creative online poster for the session, featuring his name and photograph, to be shared with him by tomorrow."
"[23/01/26, 11:37:08] GIM Alumni Office: Dear Team,"
""
"Post scheduled at 12PM hope nothing is scheduled around that time"
"[23/01/26, 11:43:20] Ishita Vyas Gim Bda Sarc: Sir, please go ahead with your post. We do not have any posts scheduled around that time."
"[23/01/26, 15:14:10] Sneha Ma'am Alumni Chair: Dear Team, I checked your email on 10 year reunion. PoCs are aware that I’ve already discussed these points on the batch group. They clearly want to go ahead with 7th Feb."
"[23/01/26, 15:15:12] Sneha Ma'am Alumni Chair: The date was decided in an online meeting where SARC agreed to the date and finalised. And now we can’t go back."
"[23/01/26, 15:15:40] Sneha Ma'am Alumni Chair: The onus is on SARC to execute."
"[23/01/26, 15:16:20] Sneha Ma'am Alumni Chair: I tried from my side but the batch doesn’t want to change the date. Some of them have already booked travel and accommodation."
"[23/01/26, 15:17:26] Sneha Ma'am Alumni Chair: Senior SARC team has to take the load if junior team has exams. Senior team members were there in the online meeting and they’re already aware of it."
"[23/01/26, 15:18:23] Sneha Ma'am Alumni Chair: Please start with the preparations and propose a tentative itinerary"
"[23/01/26, 15:18:36] Sneha Ma'am Alumni Chair: I advise that we avoid any student interactions"
"[23/01/26, 15:19:33] Sneha Ma'am Alumni Chair: Please propose 2-3 PoCs from the senior batch as well."
"[23/01/26, 15:29:20] Sneha Ma'am Alumni Chair: Clearly communicate to the batch that they need to confirm the number of participants expected for us to book the venue and design the itinerary."
"[23/01/26, 15:30:15] Sneha Ma'am Alumni Chair: PGP exams end on 6th?"
"[23/01/26, 15:30:23] Sneha Ma'am Alumni Chair: What about other programs?"
"[23/01/26, 15:34:18] Sneha Ma'am Alumni Chair: Please confirm."
"[23/01/26, 16:48:32] Sakshi Patil Gim Sarc: Hello @⁨Sneha Ma'am Alumni Chair⁩ Ma’am,"
""
"We have started preparations for the 10-year Reunion. Additionally, the junior team’s examinations will conclude on 6th February. Also student interaction is not possible as many batches have exams their till 7th. ‎<This message was edited>"
"[23/01/26, 17:20:26] Khushi Dhawan Gim Sarc: @⁨Sneha Ma'am Alumni Chair⁩  Ma’am,"
""
"We would like to discuss the CSSA form and the reimbursement process with you. Please let us know if it would be possible to schedule a call today."
"[23/01/26, 17:21:32] Sneha Ma'am Alumni Chair: What’s CSSA got to do with us ?"
"[23/01/26, 17:23:42] Sneha Ma'am Alumni Chair: Please tell me what’s the purpose of this"
"[23/01/26, 17:42:00] Khushi Dhawan Gim Sarc: Ma'am,"
""
"We received an email from the Director regarding CSSA and hence we would like to discuss the same with you."
"[23/01/26, 17:43:14] Sneha Ma'am Alumni Chair: Please forward me the email"
"[23/01/26, 17:44:46] Khushi Dhawan Gim Sarc: Sure, Ma'am."
"[23/01/26, 18:05:48] Sneha Ma'am Alumni Chair: This is with CESD"
"[23/01/26, 18:05:51] Sneha Ma'am Alumni Chair: not CSSA"
"[23/01/26, 18:58:03] Sneha Ma'am Alumni Chair: Let’s have an online meeting tomorrow"
"[23/01/26, 18:58:20] Sneha Ma'am Alumni Chair: I’m okay with tonight also"
"[23/01/26, 18:58:28] Sneha Ma'am Alumni Chair: In an hour or two"
"[23/01/26, 18:58:30] Sneha Ma'am Alumni Chair: Let me know"
"[23/01/26, 21:07:09] Khushi Dhawan Gim Sarc: Sure Ma'am,"
""
"Can we schedule the meeting tomorrow at 4:00 pm?"
"[23/01/26, 21:23:03] Sneha Ma'am Alumni Chair: IST?"
"[23/01/26, 21:23:27] Sneha Ma'am Alumni Chair: Okay"
"[23/01/26, 21:23:38] Sneha Ma'am Alumni Chair: Please share the link"
"[24/01/26, 12:32:51] Khushi Dhawan Gim Sarc: Hello @⁨Sneha Ma'am Alumni Chair⁩ Ma'am,"
""
"Please find the link for the meeting, scheduled for 4 PM IST, below:"
""
"https://meet.google.com/vem-jrqu-jfp"
"[24/01/26, 13:56:31] Sneha Ma'am Alumni Chair: Thank you"
"‎[24/01/26, 15:31:29] Sneha Ma'am Alumni Chair: ‎image omitted"
"[24/01/26, 15:31:30] Sneha Ma'am Alumni Chair: Prabal Pratap Singh, GIM Alumni was nominated by us for Startup of the Year at the annual AMBA & BGA awards in London."
"He won the second place, globally."
"[24/01/26, 15:31:30] Sneha Ma'am Alumni Chair: https://www.linkedin.com/posts/association-of-mbas_start-up-of-the-year-award-2026-from-activity-7420595754484006912-BnyT?utm_medium=ios_app&rcm=ACoAAAS3vl8BW_kOenq5tAHFQioSzz0dYrdZCOA&utm_source=social_share_send&utm_campaign=copy_link"
"[24/01/26, 16:06:31] ‪+91 73790 51800‬: Hello @⁨Sneha Ma'am Alumni Chair⁩ Ma’am,"
""
"Noted ,we will post about this Alumni in our Alumni in Spotlight series on LinkedIn"
"[24/01/26, 23:24:45] Arjun Karunakar Gim Sarc Senior: ‎Your security code with Arjun changed."
"[25/01/26, 21:26:24] Sneha Ma'am Alumni Chair: ‎This message was deleted."
"[25/01/26, 21:27:24] Sneha Ma'am Alumni Chair: Do post on priority before the hype wears off"
"[25/01/26, 22:41:15] ‪+91 73790 51800‬: Hello @⁨Sneha Ma'am Alumni Chair⁩ Ma’am,"
""
"We have received the Alumnus’ confirmation and photograph today, as he asked for a specific photograph to be used for the Alumni in Spotlight series and the post is scheduled for tomorrow."
"[26/01/26, 15:43:25] GIM Alumni Office: Dear Team,"
""
"I have sent you content of our annual engagement report for a social media post."
"Kindly get it done as per the details shared in the email."
"[26/01/26, 15:50:29] Sneha Ma'am Alumni Chair: Dear Team, 10 year reunion is only 12 days away. I don’t see any message from the PoCs in the alumni group about the event so far, as per our discussion during the meeting. We haven’t received any budget for approval yet. Please expedite posts on the alumni group and update me on the preparations."
"[26/01/26, 15:51:47] Sneha Ma'am Alumni Chair: Please note that Neetika, the EC member is part of this reunion and she’ll be very vocal if the event is not executed well. ‎<This message was edited>"
"[26/01/26, 17:56:37] Sakshi Patil Gim Sarc: Hello @⁨Sneha Ma'am Alumni Chair⁩ Ma'am,"
""
"We have planned a series of posts for the upcoming days regarding the 10-year reunion. We will share the Itinerary. The budget is currently under preparation and will be shared as soon as it is finalized. Also, first round of calling is done and registration forms will be floated soon. ‎<This message was edited>"
"[26/01/26, 18:03:13] Sneha Ma'am Alumni Chair: How many confirmations?"
"[26/01/26, 18:08:46] Sneha Ma'am Alumni Chair: Is the venue booked?"
"[26/01/26, 19:57:02] Debjyoti Gim BDA: Sure, Sir."
""
"We will do the needful."
"[26/01/26, 20:00:38] Sakshi Patil Gim Sarc: Ma'am, we've got 10 confirmations till now. We will begin our second round of calling soon."
"[26/01/26, 20:03:24] Sakshi Patil Gim Sarc: Ma'am, the process has been initiated, we will update you about any advancements."
"[26/01/26, 21:34:18] Sneha Ma'am Alumni Chair: That’s very less."
"[26/01/26, 21:34:32] Sneha Ma'am Alumni Chair: Post flyer on the group inviting them for the event. ‎<This message was edited>"
"[26/01/26, 21:36:18] Debjyoti Gim BDA: Sure, Ma’am."
""
"We will be starting the promotional activities from tomorrow as planned."
"[26/01/26, 21:36:42] Sneha Ma'am Alumni Chair: Sure. It’s better if you start on weekends, but okay."
"[28/01/26, 09:58:22] Veenita Mam Alumni Office Priya Ma'am Replacement: The lost placard qty was 10 Nos.Each placard price is Rs.50.so the total fine for us is 500/-."
"[29/01/26, 17:55:08] Ishita Vyas Gim Bda Sarc: Hello @⁨Sneha Ma'am Alumni Chair⁩ Ma'am,"
""
"For tomorrow's masterclass, we were planning to give a token of appreciation to Mr. Shivam Agarwal, and were thinking of getting it from the Brandstore. We would like your suggestion for the same."
"[29/01/26, 18:01:29] Sneha Ma'am Alumni Chair: We have enough inventory in alumni office. @⁨Veenita Mam Alumni Office Priya Ma'am Replacement⁩ please help."
"[29/01/26, 18:01:58] Veenita Mam Alumni Office Priya Ma'am Replacement: Yes sure Ma'am"
"[29/01/26, 21:21:30] Khushi Dhawan Gim Sarc: Hello @⁨Veenita Mam Alumni Office Priya Ma'am Replacement⁩  Ma'am,"
""
"We will pay the fine by tomorrow. Kindly tell us the mode of payment."
"[29/01/26, 21:54:23] Veenita Mam Alumni Office Priya Ma'am Replacement: We have to pay the amount to Gim account"
"[29/01/26, 21:54:49] Veenita Mam Alumni Office Priya Ma'am Replacement: And should tell them to transfer it to store as fine amount"
"[29/01/26, 21:55:29] Veenita Mam Alumni Office Priya Ma'am Replacement: I'll discuss it with sameer sir ( account dept) tomorrow morning"
"[29/01/26, 21:55:35] Veenita Mam Alumni Office Priya Ma'am Replacement: And let u know"
"[30/01/26, 10:13:50] GIM Alumni Office: Dear Team,"
""
"We have few of the major announcements to be made in the whatsapp groups at 12:00, 3:00 and 8:00 PM today, Please plan your posts accordingly"
"[30/01/26, 10:35:32] Mansi Mishra Gim Sarc: Hello Sir."
""
"Please go ahead with the announcements . We do not have any posts scheduled at that time."
"[31/01/26, 19:42:16] Sneha Ma'am Alumni Chair: Hi Team! Did we get MPH?"
"[31/01/26, 19:42:30] Sneha Ma'am Alumni Chair: for 10 year reunion"
"[31/01/26, 20:20:44] Khushi Dhawan Gim Sarc: Hello @⁨Sneha Ma'am Alumni Chair⁩  Ma'am,"
""
"MPH is booked by prayas for their event but we have requested them to allow us use the venue till 8 PM. We will get the confirmation for the same by Tuesday."
"[01/02/26, 13:15:20] GIM Alumni Office: Dear Team,"
""
"This is repeating today with the following timelines"
""
"- Now"
"- 4 PM"
"- 8 PM"
""
"Hope this slot can be booked for us."
"[01/02/26, 13:22:22] Debjyoti Gim BDA: Sir, please go ahead with your post. We do not have any posts scheduled around that time."
"[02/02/26, 14:39:55] Veenita Mam Alumni Office Priya Ma'am Replacement: Dear students"
"Manas sir have informed one of our SARC student to email regarding some summer internship nominations."
"Please put a email regarding the same."
"[04/02/26, 16:44:06] GIM Alumni Office: Dear Team,"
""
"Lets meet once to check the readiness of 10 Year reunion."
"[04/02/26, 17:56:28] Sakshi Patil Gim Sarc: Hello @⁨GIM Alumni Office⁩  Sir,"
""
"We are available tomorrow post 4:30 PM."
"[04/02/26, 17:58:55] Jayesh Gim Sarc: Sure, Ma’am."
""
"We will do the needful and send the email regarding the summer internship nominations shortly."
"[04/02/26, 18:01:41] Veenita Mam Alumni Office Priya Ma'am Replacement: You have already shared the mail to PGP office I think they have missed that mail . Just put the reminder.pgp office will reply by tomorrow"
"[04/02/26, 18:03:45] Jayesh Gim Sarc: Sure, Ma’am. We’ll send a reminder to the PGP Office."
"[04/02/26, 19:52:30] GIM Alumni Office: Let's meet tomorrow."
"[04/02/26, 19:52:54] GIM Alumni Office: And please share the current registration count, required for internal communications."
"[04/02/26, 19:53:41] Sakshi Patil Gim Sarc: Sure, Sir. Can we schedule the meeting at 4:30 PM?"
"[04/02/26, 19:54:13] Sakshi Patil Gim Sarc: Sir, the current registration count is 8."
"[04/02/26, 19:54:14] GIM Alumni Office: Yes please"
"[04/02/26, 19:54:40] Sneha Ma'am Alumni Chair: Please give them a deadline. Maybe tomorrow EoD."
"[04/02/26, 19:55:31] Sneha Ma'am Alumni Chair: Is this including the guests too?"
"[04/02/26, 19:57:20] Sakshi Patil Gim Sarc: Hello @⁨Sneha Ma'am Alumni Chair⁩ Ma'am,"
""
"Sure, I will put up the message on the group. ‎<This message was edited>"
"[04/02/26, 19:57:38] Sakshi Patil Gim Sarc: These are only the Alumni count."
"[04/02/26, 19:58:34] Sneha Ma'am Alumni Chair: Okay. Did we get MPH?"
"[04/02/26, 19:59:48] Sneha Ma'am Alumni Chair: Faculty interaction from 1-2 pm in CR1, correct?"
"[04/02/26, 20:07:37] Sakshi Patil Gim Sarc: Yes Ma'am, we got MPH from 4-6PM."
"[04/02/26, 20:08:05] Sakshi Patil Gim Sarc: Yes Ma'am."
"[04/02/26, 20:12:57] Sneha Ma'am Alumni Chair: Okay!"
"[05/02/26, 18:30:43] Sneha Ma'am Alumni Chair: Team, please share the list of registrations with LinkedIn profiles, I’ll invite faculty members for interaction."
"[05/02/26, 18:31:11] Sneha Ma'am Alumni Chair: Almashines needs a bit more refinement. Since the number is also less, request you to do it manually this time."
"[06/02/26, 12:31:30] GIM Alumni Office: Dear Team,"
""
"Lets meet today after 5PM for going through the preparations for tomorrow's meet."
"[06/02/26, 12:32:20] GIM Alumni Office: @⁨Sakshi Patil Gim Sarc⁩ Kindly compile the list of Alumni registered and share as soon as possible, required for our internal communication"
"[06/02/26, 12:38:49] Sakshi Patil Gim Sarc: Sure, Sir."
"[08/02/26, 19:46:34] GIM Alumni Office: Dear Team,"
""
"Big news from the alumni career growth front—worth sharing."
""
"https://www.linkedin.com/in/naveen-blazey?utm_source=share&utm_campaign=share_via&utm_content=profile&utm_medium=android_app"
""
"Please do the needul"
"‎[08/02/26, 19:47:19] GIM Alumni Office: ‎image omitted"
"[08/02/26, 19:49:01] Mansi Mishra Gim Sarc: Sure, Sir."
"[11/02/26, 19:28:34] Yash Gaba Gim Sarc: Hello @⁨Sneha Ma'am Alumni Chair⁩ Ma’am,"
""
"We would like to discuss the upcoming Summer Solstice event with you. Could you please suggest a time for a meeting today that would be convenient for you."
"[11/02/26, 19:41:30] Sneha Ma'am Alumni Chair: Today will be difficult, unless you’re okay with 12 am tonight IST"
"[11/02/26, 19:50:02] Yash Gaba Gim Sarc: Yes Ma’am, we are okay with 12 AM."
""
"We will send you the meeting link shortly."
"[11/02/26, 19:58:07] Sneha Ma'am Alumni Chair: Works. Thank you."
"[11/02/26, 23:53:43] Yash Gaba Gim Sarc: Apologies for the delay Ma’am, please find below the link for the online meeting."
""
"https://meet.google.com/nju-mtjs-gyt"
"‎[12/02/26, 00:34:27] Sneha Ma'am Alumni Chair: SIP Report Guidelines.pdf • ‎4 pages ‎document omitted"
"[12/02/26, 00:35:16] Sneha Ma'am Alumni Chair: Refer for research based vs. problem solving vs. experiential learning project"
"[12/02/26, 00:35:48] Sneha Ma'am Alumni Chair: Have a generic evaluation criterial suitable for all three"
"[12/02/26, 00:36:05] Sneha Ma'am Alumni Chair: Mostly students do research or problem solving project"
"[12/02/26, 00:45:53] Sneha Ma'am Alumni Chair: I can’t find the evaluation criteria for presentation, I guess it was given to us in hard copy and not digitally. Report evaluation criteria are way too vague."
"[12/02/26, 00:46:07] Sneha Ma'am Alumni Chair: Please use this to develop the criteria"
"[12/02/26, 00:57:07] Yash Gaba Gim Sarc: Noted, Ma’am. Thank you for sharing the guidelines, we will refer to the same."
"[12/02/26, 12:37:55] Yash Gaba Gim Sarc: Hello @⁨Sneha Ma'am Alumni Chair⁩ Ma'am,"
""
"We have come up with a metric suitable for all three and shared the revised evaluation criteria with you over email. Kindly look into it."
"[13/02/26, 11:23:23] ‪+91 99238 48960‬: Hello everyone,"
""
"I’m currently exploring new opportunities in finance and wanted to reach out to the alumni network for any leads or referrals. I am a PGDM (Finance) graduate from Goa Institute of Management and currently working at ICICI Bank as a Relationship Manager in Private Banking."
""
"I am primarily looking for roles such as Wealth Manager, Equity Analyst, or Financial Analyst. I’ve attached my CV for reference and would really appreciate any guidance or support. Thank you!"
"‎[13/02/26, 11:23:23] ‪+91 99238 48960‬: Shreya Resume.pdf • ‎1 page ‎document omitted"
"[13/02/26, 11:25:15] ‪+91 99238 48960‬: Dear Team,"
""
"Shreya Gada needs help. Request you to get in touch with her."
"[13/02/26, 17:17:23] Jayesh Gim Sarc: Hello @⁨Sneha Ma'am Alumni Chair⁩ Ma’am,"
""
"The Batch Elections for the positions of President and Vice-President for the Class of 2026 have been scheduled for 20th February, from 5:00 PM to 8:00 PM."
""
"The date has been finalized after confirming the CFO’s availability and coordinating with the Seniors in view of their examination schedule. Kindly confirm if we may proceed with the above schedule."
"[13/02/26, 17:22:14] Sneha Ma'am Alumni Chair: Yes please"
"[13/02/26, 17:25:15] Jayesh Gim Sarc: Thank you, Ma’am."
""
"We will proceed with the same."
"[13/02/26, 18:21:13] Arjun Karunakar Gim Sarc Senior: ‎Your security code with Arjun changed."
"[13/02/26, 20:56:48] Arjun Karunakar Gim Sarc Senior: ‎Your security code with Arjun changed."
"‎[14/02/26, 17:55:53] Yash Gaba Gim Sarc: Hello @⁨Sneha Ma'am Alumni Chair⁩ Ma’am,"
""
"We are happy to inform you that Summer Solstice 2025-26 was a huge success. Please find attached the name of the winners."
""
"Thank you for your support, Ma’am. ‎image omitted"
"[14/02/26, 17:58:35] Mansi Mishra Gim Sarc: ‎This message was deleted."
"[14/02/26, 18:29:59] Sneha Ma'am Alumni Chair: That’s wonderful! 👏🏼"
"[19/02/26, 16:30:43] Sneha Ma'am Alumni Chair: Everything under control for elections?"
"[19/02/26, 16:30:59] Sneha Ma'am Alumni Chair: Dishonour list?"
"[19/02/26, 16:31:12] Sneha Ma'am Alumni Chair: List of students?"
"[19/02/26, 16:31:47] Sneha Ma'am Alumni Chair: Many of the staff are in training today."
"[19/02/26, 16:32:11] Sneha Ma'am Alumni Chair: Please visit and follow up if urgent"
"[19/02/26, 17:00:33] Khushi Dhawan Gim Sarc: Yes, Ma’am."
""
"It is progressing as planned."
""
"We have received the Dishonour List and the student list for two of the programs, and we have followed up with the concerned offices for the remaining lists."
""
"The other arrangements are being taken care of accordingly."
"[19/02/26, 17:02:25] Sneha Ma'am Alumni Chair: Great! 👍🏻"
"[20/02/26, 22:01:13] GIM Alumni Office: Congratulations @⁨Daniel Gim Sarc Senior⁩ on becoming the Batch President"
"[20/02/26, 22:01:38] Daniel Gim Sarc Senior: Thank you, Sir."
"[20/02/26, 22:03:16] Sneha Ma'am Alumni Chair: Congratulations @⁨Daniel Gim Sarc Senior⁩ !"
"[20/02/26, 22:25:11] Jayesh Gim Sarc: Hello @⁨Sneha Ma'am Alumni Chair⁩ Ma’am,"
""
"The Batch Elections were successfully conducted today with an overwhelming turnout of over 500 voters."
""
"The results are:"
"President – Daniel Da Silva"
"Vice President – Aakash Arvind."
""
"Thank you for your continued guidance and support."
"[20/02/26, 22:28:50] Sneha Ma'am Alumni Chair: Thanks Jayesh, Khushi and rest of the team. Well done."
"[20/02/26, 22:41:21] Daniel Gim Sarc Senior: Thank you, Ma’am."
"[20/02/26, 22:42:50] Jayesh Gim Sarc: Thank you, Ma'am."
"[20/02/26, 22:45:00] Khushi Dhawan Gim Sarc: Thank you, Ma'am."
"[20/02/26, 23:12:31] ‪+91 99238 48960‬: Congratulations Daniel - legacy continues, S.A.R.C. weaves their magic again 😊"
"[20/02/26, 23:13:24] Daniel Gim Sarc Senior: Thank you, Ma’am."
"[27/02/26, 01:36:27] Mansi Mishra Gim Sarc: ‎Your security code with Mansi changed."
"[06/03/26, 11:51:41] Veenita Mam Alumni Office Priya Ma'am Replacement: Team plz share campus to corporate or career cafe  images High quality"
"[06/03/26, 11:51:50] Veenita Mam Alumni Office Priya Ma'am Replacement: For alumni booklet"
"[06/03/26, 17:11:20] Veenita Mam Alumni Office Priya Ma'am Replacement: Dear team"
"We require your high quality group photo for alumni booklet"
"[06/03/26, 17:26:08] Khushi Dhawan Gim Sarc: Hello Ma'am,"
""
"Since a few people have left the cell, our group photo needs to be  re-taken."
""
"Kindly allow us till tomorrow to send the picture to you."
"[06/03/26, 17:30:53] Sampada Gim Sarc: Sure, Ma'am."
"[07/03/26, 22:57:01] Debjyoti Gim BDA: Hello Ma’am,"
""
"Please find below the high-quality images from Career Cafe, Campus to Corporate, along with our group photograph for the Alumni booklet."
""
"Kindly let us know if any other images or details are required."
"‎[07/03/26, 22:57:24] Debjyoti Gim BDA: Career Cafe 2 IMG 7.jpeg ‎document omitted"
"‎[07/03/26, 22:57:25] Debjyoti Gim BDA: Career Cafe 2 IMG 6.jpeg ‎document omitted"
"‎[07/03/26, 22:57:25] Debjyoti Gim BDA: Career Cafe 2 IMG 5.jpeg ‎document omitted"
"‎[07/03/26, 22:57:26] Debjyoti Gim BDA: Career Cafe 2 IMG 4.jpeg ‎document omitted"
"‎[07/03/26, 22:57:26] Debjyoti Gim BDA: Career Cafe 2 IMG 3.jpeg ‎document omitted"
"‎[07/03/26, 22:57:27] Debjyoti Gim BDA: Career Cafe 2 IMG 2.jpeg ‎document omitted"
"‎[07/03/26, 22:57:27] Debjyoti Gim BDA: Career Cafe 2 IMG 1.jpeg ‎document omitted"
"‎[07/03/26, 22:57:28] Debjyoti Gim BDA: Career Cafe 1 IMG 2.jpeg ‎document omitted"
"‎[07/03/26, 22:57:28] Debjyoti Gim BDA: Career Cafe 1 IMG 1.jpeg ‎document omitted"
"‎[07/03/26, 22:57:44] Debjyoti Gim BDA: C2C IMG 7.jpeg ‎document omitted"
"‎[07/03/26, 22:57:45] Debjyoti Gim BDA: C2C IMG 6.jpeg ‎document omitted"
"‎[07/03/26, 22:57:45] Debjyoti Gim BDA: C2C IMG 5.jpeg ‎document omitted"
"‎[07/03/26, 22:57:46] Debjyoti Gim BDA: C2C IMG 3.jpeg ‎document omitted"
"‎[07/03/26, 22:57:46] Debjyoti Gim BDA: C2C IMG 4.jpeg ‎document omitted"
"‎[07/03/26, 22:57:47] Debjyoti Gim BDA: C2C IMG 2.jpeg ‎document omitted"
"‎[07/03/26, 22:57:47] Debjyoti Gim BDA: C2C IMG 1.jpeg ‎document omitted"
"‎[07/03/26, 22:57:52] Debjyoti Gim BDA: SARC.jpeg ‎document omitted"
"‎[19/03/26, 13:59:00] GIM Alumni Office: ‎image omitted"
"[19/03/26, 14:00:53] GIM Alumni Office: Dear Team,"
""
"We want to change the cover image by replacing “North America” with “USA.” North America includes Canada as well, but both groups are different. This group is for the USA, and Canada has a separate group."
""
"Can you please make this change?"
"[19/03/26, 14:40:50] Shlok Potdar: Sure, Sir."
""
"We will do the needful."
"[20/03/26, 22:22:55] Diksha Palan Gim Bda Senior: ‎Your security code with Diksha changed."
"[25/03/26, 17:27:08] GIM Alumni Office: Hello Team,"
""
"As per my discussion with Sakshi, Please discuss and share the day when you will add the passing out batch in the city groups."
"We are planning a communication and have to include this"
"[25/03/26, 18:33:17] Sakshi Patil Gim Sarc: Hello Sir,"
""
"We will be adding the 2026 batch Alumni to their respective City Chapters on 1st April. ‎<This message was edited>"
"[27/03/26, 15:21:46] Veenita Mam Alumni Office Priya Ma'am Replacement: Moksh Grover"
"Kaveri Mahanta"
"Nayanika Batra"
"Harshal Jaju"
"Shravanthi Jayapal"
"Rakshith J"
"Shreya Ramakrishnan"
"Omkar Patil"
""
"Dear team,"
"Can you share the contact numbers of above summer solstice participants and winners with me"
"[27/03/26, 15:30:08] Yash Gaba Gim Sarc: Sure, Ma’am."
""
"We are sharing their contact details over DM."
"[28/03/26, 12:57:38] Yash Gaba Gim Sarc: Dear @⁨Sneha Ma'am Alumni Chair⁩ Ma’am and @⁨GIM Alumni Office⁩ Sir,"
""
"We came across the recent LinkedIn post on the Bangalore HR Meet. While we appreciate the visibility given to the event, we noticed that S.A.R.C.’s contribution has not been acknowledged, despite our involvement in supporting and facilitating it."
""
"We would appreciate some clarity on this, as recognition of all contributing bodies is important for maintaining transparency and ensuring due credit."
""
"We would appreciate your response on this."
"[28/03/26, 13:00:22] Sneha Ma'am Alumni Chair: @⁨Yash Gaba Gim Sarc⁩ this is not a new post. Post on the HR meet went online long ago from SARC’s account."
"[28/03/26, 13:01:29] Sneha Ma'am Alumni Chair: This post is just about the blog, not about HR meet."
"[30/03/26, 17:13:40] Ayush Shenvi Sarc Senior: Dear @⁨Sneha Ma'am Alumni Chair⁩ Ma’am, @⁨‪+91 99238 48960‬⁩ Ma’am, @⁨GIM Alumni Office⁩ Sir and @⁨Veenita Mam Alumni Office Priya Ma'am Replacement⁩ Ma’am,"
""
"Our experience at GIM over the past two years has been truly enriching, and S.A.R.C. has played an integral role in shaping that journey. As we graduate - now as the very stakeholders we once served - we remain committed to giving back in every way possible."
""
"S.A.R.C. has been a cornerstone of our learning, and we sincerely thank you for your constant support, guidance, and encouragement throughout our tenure."
""
"We now leave the Cell in the capable hands of our juniors - the *S.A.R.C.* team of *2026-27*. We will shortly be exiting this group and look forward to staying connected through upcoming Alumni events."
""
"Regards,"
"S.A.R.C. 2024-26"
"[30/03/26, 17:23:27] Sneha Ma'am Alumni Chair: Can we have a group whatsapp call before you guys exit?"
"[30/03/26, 17:23:59] Sneha Ma'am Alumni Chair: That’s due from my side."
"[30/03/26, 19:21:50] ‪+91 99238 48960‬: Dear S.A.R.C. Team 2024–26,"
""
"It’s been a pleasure working with all of you. Congratulations on your graduation and this wonderful milestone!"
""
"Thank you for your dedication and support—you will truly be missed. Wishing you all the very best ahead, and looking forward to staying connected."
""
"Warm regards,"
"Priya"
"[30/03/26, 19:56:57] Ayush Shenvi Sarc Senior: Ma'am,"
""
"Can we have a group call at 10:00 PM IST today?"
"[30/03/26, 19:57:12] Ayush Shenvi Sarc Senior: Thank you, Ma'am."
"[30/03/26, 19:57:21] Sneha Ma'am Alumni Chair: Works."
"[30/03/26, 19:58:25] Veenita Mam Alumni Office Priya Ma'am Replacement: Dear All,"
"Thank you for your heartfelt message. It has truly been a pleasure interacting with all of you, even for a short period of time."
"Congratulations to each one of you on your convocation! Wishing you all the very best for a bright and successful future ahead. May you continue to achieve great heights in your personal and professional journeys."
"Thank you for your support and association. Do stay connected, and I look forward to meeting you again at future alumni events."
"Warm regards,"
"Vinita"
"[30/03/26, 20:02:16] Ayush Shenvi Sarc Senior: Thank you, Ma'am."
"[31/03/26, 21:20:13] Aditi Mehta Gim Sarc: ‎Your security code with Aditi changed."
"[03/04/26, 13:12:27] S.A.R.C. 2025-26 + Alumni Office: ‎You're now an admin"
"[03/04/26, 13:13:27] Aryaman Tapparia Gim Sarc Senior: ‎Aryaman Tapparia Gim Sarc Senior left"
"[03/04/26, 13:15:08] Aashita Gim Sarc Senior: ‎Aashita Gim Sarc Senior left"
"[03/04/26, 13:21:29] Ayushi Gim Sarc Senior: ‎Ayushi Gim Sarc Senior left"
"[03/04/26, 13:21:37] Arjun Karunakar Gim Sarc Senior: ‎Arjun Karunakar Gim Sarc Senior left"
"[03/04/26, 13:51:00] Ayush Shenvi Sarc Senior: ‎Ayush Shenvi Sarc Senior left"
"[03/04/26, 17:16:52] Daniel Gim Sarc Senior: Hello Ma’am,"
""
"Thank you for your kind words during our recent call."
""
"At present, only a few members have received their location updates:"
"- Mumbai: Diksha"
"- Pune: Aashita"
"- Hyderabad: Daniel"
""
"We will keep the team informed as soon as all locations are finalized."
""
"Thank you once again."
""
"Regards,"
"S.A.R.C. 2024–26 ‎<This message was edited>"
"[03/04/26, 17:20:59] Sneha Ma'am Alumni Chair: Sure, thanks Daniel"
"[03/04/26, 17:26:54] Daniel Gim Sarc Senior: ‎Daniel Gim Sarc Senior left"
"[03/04/26, 17:36:12] Gauri Gim Bda Scc Sarc: ‎Gauri Gim Bda Scc Sarc left"
"[03/04/26, 17:40:13] Diksha Palan Gim Bda Senior: ‎Diksha Palan Gim Bda Senior left"
"[03/04/26, 17:45:08] Nandinee Gim Sarc Senior: ‎Nandinee Gim Sarc Senior left"
"[04/04/26, 15:52:37] Sneha Ma'am Alumni Chair: Hi SARC members, I have observed that most of our alumni groups, EC groups etc., still have previous alumni chairs, some faculty members who are not part of GIM anymore etc. You should make sure they’re removed in that case, from time to time. ‎<This message was edited>"
"[04/04/26, 15:53:08] Sneha Ma'am Alumni Chair: Ideally, they should exit on their own but if they aren’t, we should do it as admin exercise."
"[04/04/26, 15:54:37] Sneha Ma'am Alumni Chair: @⁨GIM Alumni Office⁩ please remove previous chairs from EC groups as well. I don’t think they should be part of the conversations anymore."
"[04/04/26, 15:55:08] Sneha Ma'am Alumni Chair: All members, provide your inputs on this please."
"[04/04/26, 15:56:40] Sneha Ma'am Alumni Chair: Alumni office + SARC is a unit of its own. While we appreciate the contributions of everyone who were part of it before us, it’s high time they exited."
"[04/04/26, 15:57:22] Sneha Ma'am Alumni Chair: I’m not talking about the previous SARC members here, you feel free to please stay till we have new members coming in."
"[04/04/26, 15:57:39] Sneha Ma'am Alumni Chair: Please initiate."
"[04/04/26, 15:59:09] Sneha Ma'am Alumni Chair: Write a polite message appreciating their contribution and initiation of admin exercise, and start removing."
"[04/04/26, 18:38:50] GIM Alumni Office: I agree with you, Prof. Sneha. We will take care of the accounts under our purview."
"[04/04/26, 18:39:13] GIM Alumni Office: Requesting SARC students to look for other accounts please"
"[04/04/26, 18:40:19] Sneha Ma'am Alumni Chair: Thanks @⁨GIM Alumni Office⁩ !"
"[04/04/26, 19:03:33] Khushi Dhawan Gim Sarc: Sure, Sir."
"[05/04/26, 09:02:58] Rochan Goel GIM Core Senior (9551): ‎Rochan Goel GIM Core Senior (9551) left"
"[07/04/26, 13:17:46] GIM Alumni Office: ‎This message was deleted."
"[15/04/26, 18:22:58] ‪+91 73790 51800‬: ‎‎‪+91 73790 51800‬ changed their phone number to a new number. ‎Tap to message new number."
"‎[23/05/26, 17:59:20] Yash Gaba Gim Sarc: Hello @⁨Sneha Ma'am Alumni Chair⁩ Ma'am,"
""
"We are organizing the *PPO Masterclass 2026* tomorrow starting 12 PM. It would mean a lot to us if you would be able to make time and join us for the event, and also give a vote of thanks to the Alumni panel joining. ‎image omitted"
"[23/05/26, 18:05:59] Sneha Ma'am Alumni Chair: 12 pm till what time for vote of thanks?@⁨Yash Gaba Gim Sarc⁩"
"[23/05/26, 18:06:12] Sneha Ma'am Alumni Chair: I have online classes for hybrid tomorrow"
"[23/05/26, 18:18:58] Yash Gaba Gim Sarc: Ma'am we think it would be before 2 PM."
"[23/05/26, 18:27:11] Sneha Ma'am Alumni Chair: You want me for the whole session or can I join like say half an hour before and do the vote of thanks?"
"[23/05/26, 18:43:12] Yash Gaba Gim Sarc: Whichever is more convenient to your schedule tomorrow, Ma’am."
"If your schedule permits, we would be happy to have you join us for the full session, though joining a little before the conclusion for the vote of thanks would also be perfectly fine."
""
"Please find below the meeting joining details-"
""
"*https://zoom.us/j/91989208993?pwd=6c0dOeyhKKs0aYJgxOLWKpfB5ZTYyh*"
""
"*Meeting ID*: 919 8920 8993"
"*Passcode*: 829386"
"[23/05/26, 19:21:20] Sneha Ma'am Alumni Chair: Thank you. I’ll let you know."
"[23/05/26, 20:14:32] Yash Gaba Gim Sarc: Sure Ma'am."
""
"We also wanted to discuss if you would be able to approve a suitable budget to acknowledge and appreciate the time and effort extended by the Alumni Panel with a token of appreciation from the Institute's side."
"[23/05/26, 20:19:47] Sneha Ma'am Alumni Chair: Surely."
"[23/05/26, 20:20:28] Sneha Ma'am Alumni Chair: Please propose to budget for approval. Are you planning to send out merchandise through brand store?"
"[23/05/26, 20:27:09] Yash Gaba Gim Sarc: Yes Ma’am, we were thinking of something from the Brand Store."
"[23/05/26, 20:29:44] Sneha Ma'am Alumni Chair: Sure. Please drop an email."
"[23/05/26, 20:53:01] Yash Gaba Gim Sarc: Sure, Ma’am."
"[24/05/26, 12:03:35] Sneha Ma'am Alumni Chair: I’ve joined now"
"[24/05/26, 12:03:55] Sneha Ma'am Alumni Chair: I’ll welcome and drop off"
"[24/05/26, 12:04:12] Sneha Ma'am Alumni Chair: Of course I’ll stay for sometime but not till the end"
"[24/05/26, 12:04:15] Sneha Ma'am Alumni Chair: Hope that works"
"[24/05/26, 12:04:43] Yash Gaba Gim Sarc: Sure, Ma’am."
""
"Thank you for joining in."
"[24/05/26, 12:04:56] Sneha Ma'am Alumni Chair: Has it started?"
"[24/05/26, 12:05:00] Sneha Ma'am Alumni Chair: I can’t hear anything"
"[24/05/26, 12:05:27] Yash Gaba Gim Sarc: Ma’am we are waiting for 1 more panelist to join. We will begin after that."
"[26/05/26, 17:15:31] GIM Alumni Office: Dear Team,"
""
"Please close this ASAP, we will take around a week to process this and as event is already over, lets get the gifts delivered to our alums on time"
"[26/05/26, 17:17:15] Yash Gaba Gim Sarc: Sure, Sir."
""
"We have requested the Alumni for their address details. We have the details for 3 out of 5 Alumni. Once we receive the details from all the 5 Alumni Panel, we will share the details with the Alumni Office over email."
"[10/06/26, 08:47:54] Sneha Ma'am Alumni Chair: Hi Team. Please plan for travelling to upcoming imprints based on your academic schedules."
"[10/06/26, 08:48:47] Sneha Ma'am Alumni Chair: One person can travel, provided there are no academic commitments."
"[10/06/26, 08:49:20] Sneha Ma'am Alumni Chair: Anyone in Hyderabad or close by, who can attend imprints on 13th?"
"[10/06/26, 11:57:06] Khushi Dhawan Gim Sarc: Sure, Ma'am."
""
"We will discuss and let you know the names."
"[10/06/26, 14:54:10] Yash Gaba Gim Sarc: Hello Ma'am,"
""
"@⁨Shlok Potdar⁩ will be travelling to Hyderabad for the Hyderabad Imprints. Please let us know the details that would be required from our side, and we will send you an email from our end for the same."
""
"Additionally, we would be confirming our availability for the rest of the City Imprints as and when we receive our time tables for that week."
"[10/06/26, 17:57:14] Sneha Ma'am Alumni Chair: Thanks for the update @⁨Yash Gaba Gim Sarc⁩"
"[10/06/26, 17:57:22] Sneha Ma'am Alumni Chair: @⁨Shlok Potdar⁩ where are you travelling from?"
"[10/06/26, 18:33:06] Shlok Potdar: Ma'am I'll be travelling from Mumbai."
"[11/06/26, 14:31:05] Sneha Ma'am Alumni Chair: @⁨Shlok Potdar⁩ please provide the details requested in the email asap."
"[11/06/26, 14:41:28] Shlok Potdar: Yes ma'am, I'm working on the email reply I'll send it right away."
"[12/06/26, 20:25:01] Shlok Potdar: Hello @⁨Sneha Ma'am Alumni Chair⁩ Ma'am,"
""
"We wanted to check if you or any faculty will be travelling to Hyderabad for the Imprints tomorrow."
"[12/06/26, 20:30:09] Sneha Ma'am Alumni Chair: I’m travelling"
"[12/06/26, 21:46:55] Shlok Potdar: Okay Ma'am,"
""
"See you at the event tomorrow!"
"[13/06/26, 08:39:56] Sneha Ma'am Alumni Chair: See you soon @⁨Shlok Potdar⁩"
"[13/06/26, 08:40:04] Sneha Ma'am Alumni Chair: Please let us know if you need anything."
"[13/06/26, 08:41:00] Sneha Ma'am Alumni Chair: Do you have the registration sheet ready? Will you have the time to add their profiles to the sheet?"
"[13/06/26, 09:58:35] Shlok Potdar: Yes Ma’am,"
""
"I have taken a printout of the registration sheet. I can add the profiles as well."
"Just to confirm Ma’am by profiles we mean current job profiles/designations?"
"[13/06/26, 10:10:10] Sneha Ma'am Alumni Chair: Yes please. Designation and form. Current."
"[13/06/26, 10:19:08] Shlok Potdar: Sure Ma’am,"
""
"We will add that."
"[13/06/26, 18:52:25] Sneha Ma'am Alumni Chair: Can you please share the file with me @⁨Shlok Potdar⁩ ?"
"[13/06/26, 19:03:10] Shlok Potdar: Yes Ma'am,"
""
"Please find attached the list below:"
""
"https://docs.google.com/spreadsheets/d/1O4zJEqd-1BhFfwhFM6sRFj83J-WM-3e54AFTS-bWqzY/edit?usp=sharing"
"[13/06/26, 19:04:21] Sneha Ma'am Alumni Chair: Thank you!"
"‎[13/06/26, 23:25:39] Sneha Ma'am Alumni Chair: ‎image omitted"
"‎[13/06/26, 23:25:39] Sneha Ma'am Alumni Chair: ‎image omitted"
"‎[13/06/26, 23:25:40] Sneha Ma'am Alumni Chair: ‎image omitted"
"‎[13/06/26, 23:25:40] Sneha Ma'am Alumni Chair: ‎image omitted"
"‎[13/06/26, 23:25:40] Sneha Ma'am Alumni Chair: ‎image omitted"
"‎[13/06/26, 23:25:41] Sneha Ma'am Alumni Chair: ‎image omitted"
"‎[13/06/26, 23:25:41] Sneha Ma'am Alumni Chair: ‎image omitted"
"‎[13/06/26, 23:25:42] Sneha Ma'am Alumni Chair: ‎image omitted"
"‎[13/06/26, 23:25:42] Sneha Ma'am Alumni Chair: ‎image omitted"
"‎[13/06/26, 23:25:43] Sneha Ma'am Alumni Chair: ‎image omitted"
"‎[13/06/26, 23:25:43] Sneha Ma'am Alumni Chair: ‎image omitted"
"‎[13/06/26, 23:25:44] Sneha Ma'am Alumni Chair: ‎image omitted"
"‎[13/06/26, 23:25:44] Sneha Ma'am Alumni Chair: ‎image omitted"
"‎[13/06/26, 23:25:44] Sneha Ma'am Alumni Chair: ‎image omitted"
"‎[13/06/26, 23:25:45] Sneha Ma'am Alumni Chair: ‎image omitted"
"‎[13/06/26, 23:25:45] Sneha Ma'am Alumni Chair: ‎image omitted"
"‎[13/06/26, 23:25:46] Sneha Ma'am Alumni Chair: ‎image omitted"
"‎[13/06/26, 23:25:46] Sneha Ma'am Alumni Chair: ‎image omitted"
"‎[13/06/26, 23:25:46] Sneha Ma'am Alumni Chair: ‎image omitted"
"‎[13/06/26, 23:25:47] Sneha Ma'am Alumni Chair: ‎image omitted"
"[16/06/26, 17:11:50] GIM Alumni Office: Dear Team,"
""
"Kindly share the POC name who will travel to"
"- Delhi"
"- Bangalore"
""
"For Imprints"
"[16/06/26, 17:13:01] GIM Alumni Office: Also, we have a major event coming up at campus which is Career cafe of 26th and 27th June that is next week."
""
"Let's meet to discuss in details about the event and responsibilities."
""
"Share your availability with maximum participation from your team for tomorrow or Day after"
"[16/06/26, 18:58:29] Yash Gaba Gim Sarc: Hello Sir,"
""
"I am available to travel to Delhi. We will confirm who will be available for Bangalore."
"[16/06/26, 18:58:37] Yash Gaba Gim Sarc: Sure, Sir."
"[18/06/26, 09:10:36] Yash Gaba Gim Sarc: Good Morning @⁨Sneha Ma'am Alumni Chair⁩ Ma’am,"
""
"We wanted to check a time-slot today during which you would be available today for a meeting."
"[18/06/26, 10:08:46] Sneha Ma'am Alumni Chair: How about 3.30 pm?"
"[18/06/26, 15:04:15] Yash Gaba Gim Sarc: Ma’am, we all have have classes at different times today and it would be difficult for us to be present."
""
"Could you please give us a time-slot for tomorrow?"
"[18/06/26, 15:07:43] Sneha Ma'am Alumni Chair: I have a class at 9 am and 12 noon tomorrow. Please suggest a slot outside these sessions."
"[19/06/26, 09:33:42] Yash Gaba Gim Sarc: Hello @⁨Sneha Ma'am Alumni Chair⁩ Ma’am and @⁨GIM Alumni Office⁩ Sir,"
""
"Can we have a meeting today at 3 PM?"
"[19/06/26, 09:35:45] GIM Alumni Office: I am available,"
"[19/06/26, 09:36:34] Yash Gaba Gim Sarc: Noted, Sir. Is the board room available or should we look for a classroom?"
"[19/06/26, 09:39:57] Sneha Ma'am Alumni Chair: Works"
"[19/06/26, 09:40:05] Sneha Ma'am Alumni Chair: We can have it in my office"
"[19/06/26, 11:44:56] Yash Gaba Gim Sarc: Sure Ma’am, we will be there."
"[19/06/26, 15:00:56] Sneha Ma'am Alumni Chair: Come to the old board room"
"[19/06/26, 15:09:27] Khushi Dhawan Gim Sarc: ‎This message was deleted by admin Yash Gaba Gim Sarc."
"[19/06/26, 15:09:29] Khushi Dhawan Gim Sarc: ‎This message was deleted."
"[24/06/26, 00:04:44] Sneha Ma'am Alumni Chair: Guys, please thank Prof. Rathish as well."
"[24/06/26, 00:04:53] Sneha Ma'am Alumni Chair: In your post."
"[24/06/26, 00:11:27] Epsha Jaiswal GIM Sarc: Hello Ma'am we have mentioned Rathish Sir in the post."
"[24/06/26, 00:12:28] Sneha Ma'am Alumni Chair: Mr. Rathish Bhatt?!!"
"[24/06/26, 00:14:20] Sneha Ma'am Alumni Chair: and we should thank him for being part of the event as a GIM faculty representative, not for guidance and coordination."
"[24/06/26, 00:15:02] Sneha Ma'am Alumni Chair: Please change to Prof. Rathish Bhatt"
"[24/06/26, 00:15:49] Sneha Ma'am Alumni Chair: Please be careful about these things."
"[24/06/26, 00:21:25] Sneha Ma'am Alumni Chair: You also need to be mindful of the photos you upload. I am not happy with one of my photos uploaded from Hyderabad event. Please check with me once before uploading. Please upload good photos only and be considerate of everyone in the photo."
"[24/06/26, 00:30:32] Epsha Jaiswal GIM Sarc: Noted, Ma'am. The necessary changes have been made. We will also be more mindful while selecting and uploading photographs going forward."
"[24/06/26, 11:43:46] Khushi Dhawan Gim Sarc: Good Morning @⁨Sneha Ma'am Alumni Chair⁩ Ma'am,"
""
"We wanted to check a time-slot today during which you would be available today for a meeting."
"[24/06/26, 12:12:10] Veenita Mam Alumni Office Priya Ma'am Replacement: Students please share poc details"
"[24/06/26, 12:13:35] Veenita Mam Alumni Office Priya Ma'am Replacement: For career cafe event"
"[24/06/26, 13:45:54] Sneha Ma'am Alumni Chair: Please propose a slot. I am available."
"[24/06/26, 14:16:50] Sakshi Patil Gim Sarc: Ma’am, we are available at both 4:00 PM and 5:00 PM. Please let us know which time would be convenient for you."
"[24/06/26, 14:16:57] Jayesh Gim Sarc: Ma'am, We emailed the list yesterday to the Alumni Office account. Please let me know if you would like me to resend it."
"[24/06/26, 14:18:26] Sneha Ma'am Alumni Chair: We will also need moderators list for career cafe 2"
"[24/06/26, 14:18:31] Sneha Ma'am Alumni Chair: To be shared with alumni"
"[24/06/26, 14:20:40] Jayesh Gim Sarc: Sure, Ma'am. We'll send that across shortly as well."
"[24/06/26, 14:40:23] Sneha Ma'am Alumni Chair: 4 pm works better"
"[24/06/26, 15:01:10] Jayesh Gim Sarc: Sure, Ma'am."
""
"@⁨GIM Alumni Office⁩ Sir, are you available as well? Also, can we have the meeting in the Board Room?"
"[24/06/26, 19:21:47] GIM Alumni Office: https://www.linkedin.com/posts/mcdonalds-leadership-strategy-share-7472514699448918016-wXnM/?highlightedUpdateUrn=urn%3Ali%3Aactivity%3A7473627034624253952&origin=SOCIAL_SHARE&utm_source=share&utm_medium=member_android&rcm=ACoAABB8JxwByGUFA3OZ4Z4l-oxICjIAhsVzhMo"
"[24/06/26, 19:21:53] GIM Alumni Office: She is our alum"
"[24/06/26, 21:54:55] GIM Alumni Office: Hello Team,"
""
"You must have received the email we sent to the alumni today with all the details."
""
"Please refer to that email for all planning related to 26th June. It is also recommended that each nominated POC connect with the alumni as soon as possible, as the same information has already been communicated to them."
""
"The alumni will start arriving from tomorrow morning."
"[24/06/26, 22:22:51] Yash Gaba Gim Sarc: Noted Sir."
"[25/06/26, 09:13:41] Veenita Mam Alumni Office Priya Ma'am Replacement: Please share the moderator list to us within 1 hr because we need to share e-mail to alumns"
"‎[25/06/26, 09:19:29] Yash Gaba Gim Sarc: Ma’am, this is the list of people moderating the sessions. ‎image omitted"
"[25/06/26, 14:28:02] Sneha Ma'am Alumni Chair: Team, have you planned anything with prayas / health club about student interaction with Devraj Dey regarding health and fitness."
"[25/06/26, 16:50:15] GIM Alumni Office: Dear team,"
""
"Hope you all are connected with the alums."
""
"Just keep on putting the message here as and when the alums arrive"
"[25/06/26, 17:25:37] Yash Gaba Gim Sarc: Ma’am, we had thought of planning  an interaction of the students with Devraj Sir and the students in the gym premises. We talked to the Health Club members about it, and also to some of our batchmates."
""
"They told us that it would be difficult to block the gym, as these days the gym is at it’s maximum capacity almost all the time during the weekends."
""
"Also, for the PGP-1 folks, the induction schedule is very rigorous, and since they would be having Career Cafe sessions on Friday and Saturday since morning, they were not to keen on joining for another session."
""
"Since the student turn-up would not be much, we decided not to pursue this idea further, as it does not look good in front of an esteemed Alumnus like Devraj Sir."
"[25/06/26, 17:30:33] Sneha Ma'am Alumni Chair: Can we do it in the classroom with PGP II?"
"[25/06/26, 17:31:21] Sneha Ma'am Alumni Chair: There’s no point targeting PGP I folks"
"[25/06/26, 17:40:22] Sneha Ma'am Alumni Chair: Can you target gym goers / fitness enthusiasts? They must be having their groups?"
"[25/06/26, 19:03:02] Yash Gaba Gim Sarc: Yes Sir, we are in touch with the Alumni and will keep you poster here on the group."
"[25/06/26, 19:05:08] Yash Gaba Gim Sarc: Ma'am we can have a poll in the WhatsApp groups and see if there's an interest from the PGP-2 folks. We will let you know about the response by tomorrow afternoon."
"[25/06/26, 21:07:19] Khushi Dhawan Gim Sarc: Mr. Kunal Parmar has reached campus."
"[26/06/26, 10:19:59] Sneha Ma'am Alumni Chair: Please make sure chairs / tables are arranged in all classrooms"
"[26/06/26, 10:22:15] Tilak Periwal Gim Sarc: Hello Sir @⁨GIM Alumni Office⁩ ,"
""
"A class is going on in ABE 4 once the class gets over we will check all the IT requirements."
"[26/06/26, 11:41:10] Sneha Ma'am Alumni Chair: Have the refreshments come everywhere?"
"[26/06/26, 11:41:53] Khushi Dhawan Gim Sarc: NAB is done, they have reached ABE"
"[26/06/26, 12:28:33] Yash Gaba Gim Sarc: Nishad Sir is done with his byte."
"[26/06/26, 12:32:13] Yash Gaba Gim Sarc: We are moving the Alumni to the MDC Dining now."
"[26/06/26, 15:36:26] Sneha Ma'am Alumni Chair: Please make sure there are chairs, mic, water bottles and glasses in all classrooms"
"[26/06/26, 15:41:25] Sneha Ma'am Alumni Chair: Alumni might get a bit late as the facility interaction got extended."
"[26/06/26, 15:41:33] Sneha Ma'am Alumni Chair: Please inform the Faculty"
"[26/06/26, 15:41:39] Sneha Ma'am Alumni Chair: They’ll reach asap"
"[26/06/26, 15:50:57] Veenita Mam Alumni Office Priya Ma'am Replacement: Abe CR 1 all arrangements are there"
"‎[26/06/26, 17:06:41] Veenita Mam Alumni Office Priya Ma'am Replacement: To SPOC this is just for your reference I have already whatsapp them incase they ask then just help them those who are coming to campus tonight ‎image omitted"
"[26/06/26, 17:07:29] Veenita Mam Alumni Office Priya Ma'am Replacement: Room keys from any of the following guest house contacts:"
""
"Arif: 9795374413"
"Rakesh: 7608059656"
"Bhola Shankar: 7682845992"
"‎[26/06/26, 17:08:54] Veenita Mam Alumni Office Priya Ma'am Replacement: ‎image omitted"
"[27/06/26, 08:08:31] Sneha Ma'am Alumni Chair: Hi SARC, can one of you handle the hosting for 9 am session? I’ll get you the script."
"I’ll do the vote of thanks."
"[27/06/26, 08:09:13] Sneha Ma'am Alumni Chair: Just need to open and close the chat and call me for votes of thanks. That’s it."
"[27/06/26, 08:25:57] Yash Gaba Gim Sarc: Ma’am, I’ll do it. Could you please share the script."
"‎[27/06/26, 08:27:32] Sneha Ma'am Alumni Chair: Script_Fireside Chat with CXO.docx ‎document omitted"
"[27/06/26, 08:27:41] Sneha Ma'am Alumni Chair: Plesae make necessary changes if any"
"[27/06/26, 08:30:25] Yash Gaba Gim Sarc: Noted, Ma’am. Can I get a print out of the same from the Alumni Office?"
"[27/06/26, 08:34:53] Sneha Ma'am Alumni Chair: Please coordinate with Vanita"
"[27/06/26, 08:43:53] Veenita Mam Alumni Office Priya Ma'am Replacement: Print are ready collect from me"
"[27/06/26, 08:46:34] Veenita Mam Alumni Office Priya Ma'am Replacement: Gifts are also in our office"
"[27/06/26, 08:47:40] Veenita Mam Alumni Office Priya Ma'am Replacement: We can distribute the gift in classroom itself right Ma'am after there session?"
"[27/06/26, 09:03:14] Sneha Ma'am Alumni Chair: Yes please"
"[27/06/26, 09:05:38] Sneha Ma'am Alumni Chair: Can we ask for more water bottles please"
"[27/06/26, 09:08:20] Sneha Ma'am Alumni Chair: Please start in next two minutes"
"[27/06/26, 09:08:27] Sneha Ma'am Alumni Chair: It’s late already"
"[27/06/26, 09:09:13] Veenita Mam Alumni Office Priya Ma'am Replacement: Okk"
"[27/06/26, 09:13:10] Sneha Ma'am Alumni Chair: Vanita please get my print out"
"[27/06/26, 09:13:15] Sneha Ma'am Alumni Chair: I’m in front row"
"[27/06/26, 09:16:41] Veenita Mam Alumni Office Priya Ma'am Replacement: Vote of thanks"
"[27/06/26, 09:16:44] Veenita Mam Alumni Office Priya Ma'am Replacement: ??"
"[27/06/26, 09:16:54] Veenita Mam Alumni Office Priya Ma'am Replacement: I have given it with aditi"
"[27/06/26, 09:17:19] Sneha Ma'am Alumni Chair: @⁨Aditi Mehta Gim Sarc⁩ can you please give to me?"
"[27/06/26, 09:26:24] Yash Gaba Gim Sarc: Mr. Saurabh Anand has reached the campus. He is sitting in the MPH."
"[27/06/26, 09:34:35] GIM Alumni Office: Please come at MPH gate and collect gifts for other sessions"
"[27/06/26, 09:35:46] Yash Gaba Gim Sarc: Coming Sir"
"[27/06/26, 09:48:51] Sneha Ma'am Alumni Chair: These are the people you can arrange a session with 😄"
"[27/06/26, 10:21:42] Yash Gaba Gim Sarc: Abhishek Sir, Bhabhya Ma’am and Sarthak Sir have seated in ABE 2."
"[27/06/26, 19:10:05] Jayesh Gim Sarc:"
"‎[27/06/26, 19:10:05] Jayesh Gim Sarc: Hello @⁨Sneha Ma'am Alumni Chair⁩ Ma'am and @⁨GIM Alumni Office⁩ Sir,"
""
"I have reached the venue, and set up the registration as well, Murali Sir, Naveen Sir and the Band have arrived."
""
"We are waiting for the Alumni now. ‎image omitted"
"‎[27/06/26, 19:10:05] Jayesh Gim Sarc: ‎image omitted"
"‎[27/06/26, 19:10:05] Jayesh Gim Sarc: ‎image omitted"
"[27/06/26, 19:10:37] Sneha Ma'am Alumni Chair: Venue looks great"
"[27/06/26, 19:20:49] GIM Alumni Office: They are our alums right, former OXY GIM members of some batch"
"[27/06/26, 19:25:53] Jayesh Gim Sarc: Yes Sir, Utkarsh Sir and Vedant Sir are from the class of 2019."
"[27/06/26, 19:49:53] GIM Alumni Office: Dear SARC Team,"
""
"We still have a few alumni on campus. As there is a special dinner arranged for the students at the Cafeteria, we have not planned the alumni dinner at the MDP Lounge today."
""
"The alumni, including Sarthak, Bhavya, and Devraj Sir, have already been informed that today's dinner arrangements are at the Cafeteria. Please accompany them, along with the other alumni for whom you are the POC, and assist them during dinner."
""
"Raju ji has been informed and has reserved seating for the alumni at Cafeteria 2. Please coordinate with him regarding the seating arrangements and ensure that all the alumni are helped."
"[27/06/26, 19:50:55] Sampada Gim Sarc: Sure Sir, we will do the needful."
"[27/06/26, 20:21:09] Sakshi Patil Gim Sarc: ‎This message was deleted."
"[27/06/26, 23:16:01] GIM Alumni Office: POC for Sarthak, please connect with me over DM"
"[01/07/26, 10:54:37] ‪+91 99238 48960‬: Hi Team,"
""
"Thank you for all your support during the Career Café sessions."
"Please upload all photographs you have taken during the event to a Drive folder and share the Drive link with us at your earliest convenience"
"[01/07/26, 15:18:13] Khushi Dhawan Gim Sarc: Sure, Ma'am."
"[01/07/26, 18:57:46] Debjyoti Gim BDA: Hello Ma’am,"
""
"Please find the Google Drive link for the same: https://drive.google.com/drive/folders/18KBjnWY9biZYg5BnLONsT7A_IMkZUUSw"
"[03/07/26, 09:41:49] Veenita Mam Alumni Office Priya Ma'am Replacement: Hii students"
""
"Who will be travelling for Goa imprints ..share the details by 12 pm today we need to do taxi booking for the same"
"[03/07/26, 10:58:46] Veenita Mam Alumni Office Priya Ma'am Replacement: Please note we will book one taxi for Mansi and Yash travelling from GIM campus to bambolim beach Resort - Goa imprints"
"Timing 5.30 pm"
"[03/07/26, 13:54:02] Yash Gaba Gim Sarc: Noted, Ma’am."
"[06/07/26, 10:12:11] Veenita Mam Alumni Office Priya Ma'am Replacement: Students, please share the names who will travel to Ahmedabad & Mumbai for Imprints"
"[06/07/26, 15:30:13] Ishita Vyas Gim Bda Sarc: Sure Ma’am."
""
"Ahmedabad Imprints - Ishita Vyas"
"[06/07/26, 15:30:24] Ishita Vyas Gim Bda Sarc: For Mumbai, we will share shortly"
"[06/07/26, 16:41:32] Veenita Mam Alumni Office Priya Ma'am Replacement: Yash please share delhi imprints data on e-mail"
"[08/07/26, 09:57:02] Veenita Mam Alumni Office Priya Ma'am Replacement: Could you please share the details of the student who will travel to Mumbai for an Imprint? If possible try to accommodate those who are already in Mumbai from your team as it would be more convenient."
"[09/07/26, 16:29:32] Sakshi Patil Gim Sarc: Hello @⁨GIM Alumni Office⁩  sir,"
"Can you please share the pictures of Career Cafe with us."
"[09/07/26, 17:25:23] GIM Alumni Office: Saw your email on this same thing"
""
"I have spoken to Chetan."
"Give me time till tomorrow, will sort this out. ‎<This message was edited>"
"[09/07/26, 17:26:58] Sampada Gim Sarc: Sure, Sir."
"[12/07/26, 09:00:36] GIM Alumni Office: Dear Team,"
""
"Go ahead and use the photos from the link shared, the bytes or clips are being used for the GIM page so those should be left if it's there in the link."
"[12/07/26, 13:03:50] Sneha Ma'am Alumni Chair: I just saw the email. We should go ahead and make a post on career cafe as an event from alumni office plus SARC."
"[12/07/26, 13:08:41] Sneha Ma'am Alumni Chair: Yes. Bytes and clips by alumni which is not directly related to Career Cafe should be excluded and can be used by the GIM page."
"[12/07/26, 13:08:42] Sneha Ma'am Alumni Chair: Please get the post vetted by me, as I want to check the CEO part, before posting."
"[12/07/26, 15:58:23] Ishita Vyas Gim Bda Sarc: Sure Sir."
"[12/07/26, 15:58:46] Ishita Vyas Gim Bda Sarc: Noted, Ma’am."
"[13/07/26, 09:36:30] Veenita Mam Alumni Office Priya Ma'am Replacement: ??"
"[14/07/26, 09:33:36] Sneha Ma'am Alumni Chair: Annual report on activities must be submitted today."
"[14/07/26, 09:33:46] Sneha Ma'am Alumni Chair: This is urgent."
"[14/07/26, 09:37:32] GIM Alumni Office: This is from the same email right, WHich you have marked to students?"
"[14/07/26, 09:37:46] Sneha Ma'am Alumni Chair: Yes"
"[14/07/26, 09:38:01] GIM Alumni Office: Ohk, Will get in touch with them"
"[14/07/26, 11:15:26] GIM Alumni Office: Dear Team,"
""
"Hope you have seen the email regarding the annual calender."
""
"Its urgent and need to be closed today, Please connect for any query"
"[14/07/26, 14:50:57] Jayesh Gim Sarc: Sure, we will send the mail with the Annual Report shortly."
"[14/07/26, 20:40:08] Sneha Ma'am Alumni Chair: Please share the revised report asap."
"[14/07/26, 21:36:11] Jayesh Gim Sarc: Sure, Ma'am."
""
"We have shared the email with the updated Annual Report."
"[14/07/26, 21:36:23] Sneha Ma'am Alumni Chair: Thank you!"
"[14/07/26, 22:05:59] Sneha Ma'am Alumni Chair: I’ve suggested just one correction. Please correct and submit."
"[14/07/26, 22:33:12] Jayesh Gim Sarc: Sure, Ma'am."
""
"We have shared the updated Annual Report with the incorporated changes."
"[16/07/26, 19:33:00] S.A.R.C. 2025-26 + Alumni Office: ‎You added Aditi Mehta Gim Sarc, Debjyoti Gim BDA, and 13 others"
"[17/07/26, 10:43:48] Sneha Ma'am Alumni Chair: No worries. We will manage."
"[17/07/26, 12:46:07] Ishita Vyas Gim Bda Sarc: Hello @⁨Sneha Ma'am Alumni Chair⁩ Ma'am and @⁨GIM Alumni Office⁩ Sir,"
""
"We wanted to update you that Shlok from our team will now be able to attend the Mumbai Imprints. Earlier, he was not expected to be in Mumbai. But now as he is in Mumbai, no travel arrangements will be required."
"[20/07/26, 12:33:17] Veenita Mam Alumni Office Priya Ma'am Replacement: Please share the details of who will be traveling to Kolkata for imprints"
"[20/07/26, 14:14:42] Ishita Vyas Gim Bda Sarc: Ma’am,"
""
"Debjyoti will be travelling to Kolkata for Kolkata Imprints."
"[20/07/26, 14:18:41] Veenita Mam Alumni Office Priya Ma'am Replacement: Please share details complete name , email and contact prefer flight timings with date on email by today itself so that I can proceed with same"
"[20/07/26, 14:22:59] Ishita Vyas Gim Bda Sarc: Sure Ma’am."
"[20/07/26, 14:56:25] Debjyoti Gim BDA: Hello Ma’am,"
""
"We have shared the same via email."
"[20/07/26, 15:10:49] Veenita Mam Alumni Office Priya Ma'am Replacement: Okay"
"[20/07/26, 15:10:51] Veenita Mam Alumni Office Priya Ma'am Replacement: Noted"
"‎[20/07/26, 16:25:11] Debjyoti Gim BDA: ‎image omitted"
"[20/07/26, 16:25:40] Debjyoti Gim BDA: Hello @⁨Veenita Mam Alumni Office Priya Ma'am Replacement⁩ Ma’am,"
""
"I just noticed that the booking has been made for 24 July (onward) and 25 July (return). However, I had shared my preferred travel dates as 25 July (Guwahati to Kolkata) and 26 July (Kolkata to Guwahati), as per the Imprints event schedule."
"[20/07/26, 16:27:43] Veenita Mam Alumni Office Priya Ma'am Replacement: Okay I'll check and tell concern person to revise"
"[20/07/26, 16:28:14] Debjyoti Gim BDA: Sure Ma’am."
"[20/07/26, 16:28:21] Veenita Mam Alumni Office Priya Ma'am Replacement: Okay"
"[22/07/26, 14:00:03] Veenita Mam Alumni Office Priya Ma'am Replacement: Name of Bank: State Bank of India"
"Name of account holder: Yash Gaba"
"Type of account: Savings"
"Account number: 44025131494"
"IFSC: SBIN0016604"
"[22/07/26, 14:00:28] Veenita Mam Alumni Office Priya Ma'am Replacement: Is this Bank details are correct for reimbursement??"
"[22/07/26, 14:18:28] Sampada Gim Sarc: Yes, Ma'am."
"[22/07/26, 15:05:50] Veenita Mam Alumni Office Priya Ma'am Replacement: Sampada henceforth please submit invoices hard copies also or else link of the invoices"
"[22/07/26, 17:21:44] Sampada Gim Sarc: Sure, Ma'am."
"[25/07/26, 13:41:44] Mansi Mishra Gim Sarc: Hello @⁨Sneha Ma'am Alumni Chair⁩ Ma’am,"
""
"Please find below the caption for Career Café."
"[25/07/26, 13:41:48] Mansi Mishra Gim Sarc: Career Café 2026 | Goa Institute of Management"
""
"Some conversations have the power to shape careers, inspire confidence, and create lifelong connections."
""
"The Student Alumni Relations Cell (S.A.R.C.), Goa Institute of Management, was delighted to host Career Café on 26th and 27th June, 2026."
""
"Bringing together our accomplished Alumni and the incoming batch, the event created a platform for meaningful conversations, honest experiences, and practical career advice. From industry insights to personal journeys, every interaction reflected the strength of the GIM Alumni network and its commitment to giving back."
""
"A heartfelt thank you to all our esteemed Alumni for taking the time to mentor, guide, and inspire our students. Your willingness to share your experiences and insights made the event truly meaningful."
""
"We also extend our sincere gratitude to the faculty members whose encouragement and support played a vital role in making this initiative possible. A special note of thanks to Sneha Ma’am and Amit Sir for their constant guidance, encouragement, and unwavering support throughout the event."
""
"Here’s to building stronger connections, fostering mentorship, and continuing the tradition of Alumni engagement at GIM!"
""
"#CareerCafe #GoaInstituteOfManagement #GIM #SARC #AlumniRelations #Mentorship #Networking"
"[25/07/26, 13:43:50] Sneha Ma'am Alumni Chair: Please include a sentence on the CXO part. This is the new initiative we’ve added this year. CXO engagement is also our key focus area this year. I had named it fireside chat with CXO (it wasn’t actually used), but please highlight it."
"[25/07/26, 14:08:07] Ishita Vyas Gim Bda Sarc: Sure Ma’am."
"[25/07/26, 14:41:54] Ishita Vyas Gim Bda Sarc: Ma'am,"
""
"Please find below, the updated caption."
"[25/07/26, 14:42:02] Ishita Vyas Gim Bda Sarc: Career Café 2026 | Goa Institute of Management"
""
"Some conversations have the power to shape careers, inspire confidence, and create lifelong connections."
""
"The Student Alumni Relations Cell (S.A.R.C.), Goa Institute of Management, was delighted to host Career Café on 26th and 27th June, 2026."
""
"Bringing together our accomplished Alumni and the incoming batch, the event created a platform for meaningful conversations, honest experiences, and practical career advice. From industry insights to personal journeys, every interaction reflected the strength of the GIM Alumni network and its commitment to giving back."
""
"This year, as part of our key focus on CXO engagement, we were also excited to introduce a new initiative: exclusive fireside chats with CXO leaders, offering students unparalleled high-level strategic insights."
""
"A heartfelt thank you to all our esteemed Alumni for taking the time to mentor, guide, and inspire our students. Your willingness to share your experiences and insights made the event truly meaningful."
""
"We also extend our sincere gratitude to the faculty members whose encouragement and support played a vital role in making this initiative possible. A special note of thanks to Sneha Ma’am and Amit Sir for their constant guidance, encouragement, and unwavering support throughout the event."
""
"Here’s to building stronger connections, fostering mentorship, and continuing the tradition of Alumni engagement at GIM!"
""
"#CareerCafe #GoaInstituteOfManagement #GIM #SARC #AlumniRelations #Mentorship #Networking"
"[25/07/26, 14:52:26] Sneha Ma'am Alumni Chair: There are two concerns with this."
"1. There was only one CXO chat and not multiple. We should also mention his name."
"2. ⁠The narrative should not be that SARC hosted the event. This was budgeted in the Institute induction program and was equally an alumni office event as much as a SARC event."
""
"We have discussed this multiple times since last year. Please be mindful in your wordings and give credit where it’s due. While SARC shouldered the event on both the days, alumni office has worked on the event for more than month to put together the whole program, which should be acknowledged."
"[25/07/26, 23:40:29] Epsha Jaiswal GIM Sarc: Ma'am,"
""
"Please find below, the updated caption for LinkedIn."
"[25/07/26, 23:40:53] Epsha Jaiswal GIM Sarc: Career Café 2026 | Goa Institute of Management"
""
"Some conversations have the power to shape careers, inspire confidence, and create lifelong connections."
""
"The Student Alumni Relations Cell (S.A.R.C.), Goa Institute of Management, was delighted to host Career Café 2026 on 26th and 27th June, 2026 as a part of the Institute’s Induction Programme for the incoming batch."
""
"Bringing together our accomplished Alumni and the incoming students, the event created a platform for meaningful conversations, honest experiences, and practical career advice. From industry insights to personal journeys, every interaction reflected the strength of the GIM Alumni network and its commitment to giving back."
""
"A special highlight of the event was an insightful CXO session by Mr. Devraj Dey, whose perspectives and experiences inspired students to think beyond classrooms and prepare for the opportunities and challenges ahead."
""
"A heartfelt thank you to all our esteemed Alumni for taking the time to mentor, guide, and inspire our students. Your willingness to share your experiences and insights made the event truly meaningful."
""
"We also extend our sincere gratitude to the faculty members whose encouragement and support played a vital role in making this initiative possible. A special note of thanks to Sneha Ma’am and Amit Sir for their constant guidance, encouragement, and unwavering support throughout the event."
""
"A sincere appreciation to the Alumni Office for their meticulous planning and seamless execution, which ensured the success of Career Café 2026."
""
"Here’s to building stronger connections, fostering mentorship, and continuing the tradition of Alumni engagement at GIM!"
""
"#CareerCafe #GoaInstituteOfManagement #GIM #SARC #AlumniRelations #Mentorship #Networking #Induction2026"
"[26/07/26, 14:30:53] Sneha Ma'am Alumni Chair: Something like this:"
"Goa Institute of Management (GIM) proudly..............as part of the induction programme of the incoming ...... The event was organised by the Alumni Office in collaboration with the Student Alumni Relations Cell (S.A.R.C.)."
"and"
"Faculty members should be thanked not just for encouragement but for moderating the alumni panels across various programmes."
"[26/07/26, 14:31:11] Sneha Ma'am Alumni Chair: please do take consent from Devraj before posting"
"[26/07/26, 18:01:50] Epsha Jaiswal GIM Sarc: Sure Ma’am, also please find the updated caption."
"[26/07/26, 18:01:58] Epsha Jaiswal GIM Sarc: Career Café 2026 | Goa Institute of Management"
""
"Some conversations have the power to shape careers, inspire confidence, and create lifelong connections."
""
"Goa Institute of Management (GIM) proudly hosted Career Café 2026 on 26th and 27th June 2026 as part of the Induction Programme for the incoming batch. The event was organised by the Alumni Office in collaboration with the Student Alumni Relations Cell (S.A.R.C.), creating a platform for meaningful interactions between GIM’s accomplished Alumni and its newest students."
""
"Bringing together Alumni from diverse industries and functions, Career Café fostered honest conversations, practical career guidance, and valuable networking opportunities. From sharing professional journeys to offering industry insights and personal advice, every interaction reflected the strength of the GIM Alumni network and its enduring commitment to giving back."
""
"A special highlight of the event was the insightful CXO session by Mr. Devraj Dey, whose perspectives and experiences inspired students to think beyond classrooms and prepare for the opportunities and challenges that lie ahead."
""
"A heartfelt thank you to all our esteemed Alumni for generously sharing your time, experiences, and wisdom. Your mentorship and willingness to engage with the incoming batch made the event truly memorable."
""
"We also extend our sincere gratitude to the faculty members for moderating the Alumni panels across various programmes and for their unwavering support in making Career Café 2026 a meaningful learning experience. A special note of thanks to Sneha Ma’am and Amit Sir for their constant guidance, encouragement, and support throughout the event."
""
"Our sincere appreciation to the Alumni Office for its meticulous planning and seamless execution, and to every member of the Student Alumni Relations Cell (S.A.R.C.) whose efforts contributed to the success of this initiative."
""
"Here’s to strengthening the GIM community through mentorship, meaningful conversations, and lifelong Alumni connections."
""
"#CareerCafe #GoaInstituteOfManagement #GIM #SARC #AlumniRelations #Mentorship #Networking #Induction2026"
"‎[26/07/26, 18:14:51] Sneha Ma'am Alumni Chair: ‎image omitted"
"[26/07/26, 18:15:28] Sneha Ma'am Alumni Chair: I think you can remove this part, your choice, as alumni office and SARC are already mentioned."
"[26/07/26, 18:16:04] Sneha Ma'am Alumni Chair: Take your call. Rest okay. Thank you."
"[29/07/26, 07:55:40] Sneha Ma'am Alumni Chair: Dear Team, Supria Dhanda, one of our founding donors of the endowment fund is visiting campus this Friday, 31st. She’ll be felicitated during the foundation day ceremony. We will be taking her to alumni wall of honour, hostel 5 which is named after her and star walk, planned between 10 and 10.45 am."
"[29/07/26, 07:56:22] Sneha Ma'am Alumni Chair: We will need SARC members to accompany her and institute leadership for these visits."
"[29/07/26, 07:57:07] Sneha Ma'am Alumni Chair: Please confirm who all can be a part of this. We need you to be there at NOB ground floor by 9.45 am."
"[29/07/26, 07:57:34] Sneha Ma'am Alumni Chair: Plus we will need a dedicated SPOC for her. Please nominate a SARC member."
"[29/07/26, 19:13:34] Yash Gaba Gim Sarc: Hello Ma’am,"
""
"@⁨Tilak Periwal Gim Sarc⁩ will be available for accompanying Supriya Ma’am. The rest of us have lectures during that time."
"[29/07/26, 19:28:59] Sneha Ma'am Alumni Chair: Noted, Yash."
"[29/07/26, 19:29:24] Sneha Ma'am Alumni Chair: @⁨Tilak Periwal Gim Sarc⁩ be available by 9.30 am at NOB."
"[29/07/26, 19:29:49] Sneha Ma'am Alumni Chair: We also need more SARC members to accompany her, none of you are available?"
"[29/07/26, 19:30:11] Sneha Ma'am Alumni Chair: @⁨Tilak Periwal Gim Sarc⁩ will also be the SPOC, right?"
"[29/07/26, 19:38:39] Tilak Periwal Gim Sarc: Yes, Ma'am."
"[30/07/26, 13:37:47] Sneha Ma'am Alumni Chair: @⁨Tilak Periwal Gim Sarc⁩ if you’re free today at 3-3.15 pm, please meet me near alumni office."
"[30/07/26, 13:42:29] Tilak Periwal Gim Sarc: Hello Ma'am,"
""
"I have a lecture scheduled until 3:30 p.m. I will be available after that and can meet whenever it is convenient for you."
"[30/07/26, 13:42:49] Sneha Ma'am Alumni Chair: 3.30 works."
"[30/07/26, 13:43:06] Tilak Periwal Gim Sarc: Sure, ma'am."
"[30/07/26, 19:18:56] Sneha Ma'am Alumni Chair: @⁨Jayesh Gim Sarc⁩ @⁨Yash Gaba Gim Sarc⁩ can one of you please collect memento from alumni office for the guest faculty session before 10.30 am and keep with you?"
"[30/07/26, 19:56:52] Jayesh Gim Sarc: Sure, Ma'am. I will collect it in the morning."
"[30/07/26, 20:01:47] Sneha Ma'am Alumni Chair: Thank you!"
"[31/07/26, 10:32:25] Yash Gaba Gim Sarc: Hello @⁨‪+91 99238 48960‬⁩ @⁨Veenita Mam Alumni Office Priya Ma'am Replacement⁩,"
""
"I have collected the gift from the Alumni Office."
"[01/08/26, 22:53:12] Sneha Ma'am Alumni Chair: Team, one suggestion on Mumbai imprint post. You might want to include that out hosted a record number of 170+ (173?) alumni. ‎<This message was edited>"
"[01/08/26, 22:54:04] Sneha Ma'am Alumni Chair: The number in particular"
"[02/08/26, 10:30:09] Mansi Mishra Gim Sarc: Noted, Ma’am."
"[06/08/26, 10:42:48] GIM Alumni Office: Dear Team,"
""
"As you know that we have 20 Year year reunion on 22nd August."
"Lets meet today or tomorrow for discussing the work and logistics for the day."
""
"Share your availability"
"[06/08/26, 14:00:46] Yash Gaba Gim Sarc: Sir, are you available right now?"
"[06/08/26, 14:54:31] GIM Alumni Office: We had a small discussion today, Please plan a meeting next week for final discussion on preparedness of the meet."
"[06/08/26, 14:56:38] Epsha Jaiswal GIM Sarc: Sure Sir."
"‎[07/08/26, 10:18:03] GIM Alumni Office: SARC Check List for the 20 Year Reunion"
""
"This is our suggestions and share your inputs also in the next meeting with updates on these with preparations ‎image omitted"
"‎[07/08/26, 10:18:17] GIM Alumni Office: Day Flow ‎image omitted"
"[07/08/26, 11:43:02] Sakshi Patil Gim Sarc: Sure, sir."
"[07/08/26, 11:45:09] Sakshi Patil Gim Sarc: Hello @⁨Sneha Ma'am Alumni Chair⁩ Ma'am,"
"Can you please share 2006 batch president's contact information with us?"
"[07/08/26, 11:56:37] Sneha Ma'am Alumni Chair: @⁨GIM Alumni Office⁩ please share"
"‎[07/08/26, 12:07:44] GIM Alumni Office: ‎Contact card omitted"
"[07/08/26, 12:08:04] GIM Alumni Office: He is not Batch president of Rep."
"He is POC for this event"
"[07/08/26, 13:32:34] Mansi Mishra Gim Sarc: Noted, Sir."
"[17/08/26, 10:55:27] Veenita Mam Alumni Office Priya Ma'am Replacement: Students please share the names who will travel to Bambolim resort to pick the alumni with contact number"
"[19/08/26, 13:18:24] Yash Gaba Gim Sarc: Hello @⁨Sneha Ma'am Alumni Chair⁩ Ma’am and @⁨GIM Alumni Office⁩ Sir,"
""
"Are you available for a meeting after lunch, today?"
"[19/08/26, 13:21:29] Sneha Ma'am Alumni Chair: I am"
"[19/08/26, 13:23:01] GIM Alumni Office: Yes"
"[19/08/26, 13:27:29] Sneha Ma'am Alumni Chair: 3 pm?"
"[19/08/26, 14:24:05] Yash Gaba Gim Sarc: Sure Ma’am, we will be there."
"[19/08/26, 14:50:11] Veenita Mam Alumni Office Priya Ma'am Replacement: Come to sneha Ma'am office in old academic block"
"[20/08/26, 10:55:22] Sneha Ma'am Alumni Chair: Hi Team"
"[20/08/26, 10:56:48] Sneha Ma'am Alumni Chair: Our alumnus Mr. Gurpreet Singh from 2006 batch will be arriving on campus tonight. Flight lands in Dabolim at 8.25 pm. Need a PoC for him. Can you please nominate?"
"[20/08/26, 14:43:15] Yash Gaba Gim Sarc: Hello @⁨Veenita Mam Alumni Office Priya Ma'am Replacement⁩ Ma'am,"
""
"Aditi and Sampada will be travelling to Bambolim Beach Resort from our team."
"[20/08/26, 14:58:33] Yash Gaba Gim Sarc: Ma’am, Epsha will be the POC for Gurpreet Sir."
"[20/08/26, 15:48:29] Sneha Ma'am Alumni Chair: Okay! Thanks!"
"[20/08/26, 15:48:36] Sneha Ma'am Alumni Chair: I’ll share her number with him."
"‎[21/08/26, 14:20:24] Yash Gaba Gim Sarc: 20 Year Reunion Pamphlet.pdf ‎document omitted"
"[21/08/26, 14:43:33] Sneha Ma'am Alumni Chair: Looks good."
"[21/08/26, 14:43:52] Sneha Ma'am Alumni Chair: Please go ahead"
"[21/08/26, 14:44:39] Yash Gaba Gim Sarc: Noted Ma'am, we will email it to RK for printing."
"‎[21/08/26, 15:23:09] Yash Gaba Gim Sarc: PFA the poster to be displayed on the digital screens across campus. ‎image omitted"
"‎[21/08/26, 15:24:10] Yash Gaba Gim Sarc: Welcome Back 2006.pdf ‎document omitted"
"[21/08/26, 15:24:14] Sneha Ma'am Alumni Chair: 👍🏻👍🏻"
"‎[21/08/26, 15:34:06] GIM Alumni Office: ‎image omitted"
"‎[21/08/26, 15:34:07] GIM Alumni Office: ‎image omitted"
"[21/08/26, 15:34:20] GIM Alumni Office: Photo Strandee at MPH"
"[21/08/26, 15:35:07] Sneha Ma'am Alumni Chair: Looks great!"
"[21/08/26, 23:18:54] GIM Alumni Office: Dear SARC Team,"
""
"Let's assemble at the venue not later then 10 am tomorrow."
""
"Final checks will be required for all the things."
"[22/08/26, 08:23:18] Sneha Ma'am Alumni Chair: Who’s hosting the event?"
"[22/08/26, 08:25:09] Yash Gaba Gim Sarc: I’ll host the event, Ma’am."
"[22/08/26, 08:26:07] Sneha Ma'am Alumni Chair: Please be in touch with me about the itinerary before lunch, we might change the order on the spot. Do meet me before the event as well."
"[22/08/26, 08:27:14] Yash Gaba Gim Sarc: Noted, Ma’am. We will discuss the same before starting with the event."
"[22/08/26, 09:41:14] Sneha Ma'am Alumni Chair: Please update once you start from the resort."
"[22/08/26, 09:42:42] Aditi Mehta Gim Sarc: Hello Ma’am,"
""
"We have left the resort and will be arriving shortly at ribandar campus."
"[22/08/26, 10:22:52] Sneha Ma'am Alumni Chair: What about the other bus?"
"[22/08/26, 10:29:47] Sampada Gim Sarc: Ma'am they all got into a single bus."
"[22/08/26, 11:35:27] Veenita Mam Alumni Office Priya Ma'am Replacement: No one told driver to cancel other bis"
"[22/08/26, 11:35:29] Veenita Mam Alumni Office Priya Ma'am Replacement: Bis"
"[22/08/26, 11:35:31] Veenita Mam Alumni Office Priya Ma'am Replacement: Bus"
"[22/08/26, 11:35:40] Veenita Mam Alumni Office Priya Ma'am Replacement: Driver is waiting there itself"
"[22/08/26, 12:05:22] Sampada Gim Sarc: Ma'am, we had informed that we won't be needing another bus."
"[22/08/26, 14:48:16] Sneha Ma'am Alumni Chair: We might have to skip gully cricket"
"[22/08/26, 14:52:29] GIM Alumni Office: Yes"
"[22/08/26, 15:01:02] Sneha Ma'am Alumni Chair: Is coffee/ tea set up?"
"[22/08/26, 15:20:42] Sneha Ma'am Alumni Chair: Please note that the NOB should be included in the campus tour"
"[22/08/26, 15:25:50] Yash Gaba Gim Sarc: Noted, Ma’am."
"[22/08/26, 15:49:12] GIM Alumni Office: Yes"
"[24/08/26, 12:18:07] Debjyoti Gim BDA:"
"‎[24/08/26, 12:18:09] Debjyoti Gim BDA: ‎image omitted"
"‎[24/08/26, 12:18:09] Debjyoti Gim BDA: ‎image omitted"
"[24/08/26, 12:18:39] Debjyoti Gim BDA: Hello @⁨Sneha Ma'am Alumni Chair⁩ Ma’am @⁨GIM Alumni Office⁩ Sir,"
""
"There is a senior Alumnus from the PGDM 1995–97 batch, Mr. Dilip Nair, who is currently serving as President & CEO of New England Machine Tools in the USA."
""
"He had initially reached out to the Alumni Office regarding a campus visit on 26 November and an interaction with students. Since he hasn’t received a response yet, he has now reached out to us."
""
"We think this could be a very good opportunity for us, given his seniority and experience, we can facilitate an International Masterclass or an interaction with students."
""
"Please let us know how we should respond to him and take this forward."
"[24/08/26, 13:13:31] Sneha Ma'am Alumni Chair: Yes, absolutely. We shouldn’t have missed his email."
"[24/08/26, 13:18:39] Sneha Ma'am Alumni Chair: I think international masterclass is a good idea. Please coordinate with him."
"[26/08/26, 16:44:02] GIM Alumni Office: Dear Team,"
""
"We have an important NBA visit coming up, and around 10–15 alumni will be joining us."
"The alumni will be on campus from 12:30 PM to 3:00 PM, including a 30-minute interaction with the NBA team."
""
"Please align the team and share atleast 3 POC, we will meet tomorrow or day after for this."
"[27/08/26, 20:50:36] Yash Gaba Gim Sarc: Hello Sir,"
""
"Please find below the names of the POCs from the junior team."
""
"Ayush Chavan (+91 99750 85366)"
"Kaustav Mukherjee (+91 75959 29712)"
"Supriya Goswami (+91 81059 54483)"
"[28/08/26, 11:16:35] Veenita Mam Alumni Office Priya Ma'am Replacement: I want to meet them today just to give them brief idea about Tommorow"
"Tell them to visit alumni office in second half before 3.00 pm"
"[28/08/26, 12:13:08] Yash Gaba Gim Sarc: Ma’am, we have informed them about the same. They will come and meet you after lunch."
"[28/08/26, 12:14:34] Veenita Mam Alumni Office Priya Ma'am Replacement: Okay"
"[28/08/26, 12:14:37] Veenita Mam Alumni Office Priya Ma'am Replacement: Sur"
"[02/09/26, 10:54:09] Veenita Mam Alumni Office Priya Ma'am Replacement: Hii team ,I forgot to ask you one thing regarding the 20 Year reunion of the 2006 Batch.We had provided a total of 30 return gifts,but the number of attendees was less than 30. Could you please let me know where the remaining gifts have been kept?"
"[02/09/26, 12:16:38] Jayesh Gim Sarc: Hello Ma'am,"
""
"Two of the gifts were left with Amit Sir at the Brand Store, while the rest were kept in the Green Room of MPH."
"[05/09/26, 11:25:38] GIM Alumni Office: Dear Team,"
""
"2 of our senior alums with CXO profile coming tomorrow at campus for BIFS conclave."
""
"1. Raul Rebello - CEO & MD Mahindra Finance"
"2. Ashaya Kantwala - CUO Berkley Insurance."
""
"Great opportunity for some students interaction if you can plan. Short notice but big profile and students may want to, we have not spoken to them yet so share if this is possible accordingly we will speak to the alums"
"[05/09/26, 13:32:55] Yash Gaba Gim Sarc: Sure, Sir. Let us check if it is possible, some of us still have exams today and tomorrow. It is a good opportunity though."
"[06/09/26, 08:46:35] Sneha Ma'am Alumni Chair: Isn’t this mandatory for BIFS folks?"
"[06/09/26, 10:28:00] Yash Gaba Gim Sarc: Yes Ma’am, it is mandatory for BIFS 1st year, from 9 AM to 3:30 PM."
"[09/09/26, 21:04:08] Yash Gaba Gim Sarc: Hello @⁨Sneha Ma'am Alumni Chair⁩ Ma’am,"
""
"We would like to check your availability this week to properly introduce the Junior S.A.R.C. members to the Alumni Office."
""
"Please let us know a time so that we can arrange for the same."
"[10/09/26, 10:28:30] Sneha Ma'am Alumni Chair: I have classes in the morning half tomorrow. Any other slot is okay."
"[10/09/26, 10:28:41] Sneha Ma'am Alumni Chair: You may suggest"
"[10/09/26, 16:56:29] Yash Gaba Gim Sarc: @⁨Sneha Ma'am Alumni Chair⁩ Ma’am,  @⁨GIM Alumni Office⁩ Sir and @⁨Veenita Mam Alumni Office Priya Ma'am Replacement⁩ Ma’am,"
""
"Does a slot after 5 PM, tomorrow, work for you?"
"[10/09/26, 17:00:53] Sneha Ma'am Alumni Chair: Can do 5-5.30"
"[10/09/26, 17:01:40] Sneha Ma'am Alumni Chair: Will not be able to go beyond"
"[10/09/26, 17:02:13] Yash Gaba Gim Sarc: Noted, Ma’am. @⁨GIM Alumni Office⁩ Sir, is it possible to have the meeting in the Board Room?"
"[10/09/26, 17:03:11] Veenita Mam Alumni Office Priya Ma'am Replacement: I'll check if possible"
"[10/09/26, 17:03:54] Veenita Mam Alumni Office Priya Ma'am Replacement: Because MDP is going on"
"[10/09/26, 17:05:01] Veenita Mam Alumni Office Priya Ma'am Replacement: Their program will end at 4.30 pm"
"[10/09/26, 17:11:32] Yash Gaba Gim Sarc: Sure, Ma’am. We will be there by 5:10."
